date_utc,exchange,txid,source,event_type,base_ccy,quote_ccy,side,qty_base,qty_quote,price_quote_per_base,fee,fee_ccy,eur_amount,eur_fee,notes,date,quote_ccy_raw,fee_ccy_raw,quote_ccy_rate,fee_ccy_rate,eur_per_quote,eur_per_fee,base_ccy_raw,base_ccy_rate,eur_per_base
2024-10-31 13:17:00+00:00,okx,1941100000000000000,trades,trade,BNB,USDC,buy,0.01689578,-9.999200000005658,591.8164180644906,1.52e-05,BNB,-9.1887520710268,0.00832162749150629,account=main;biz_line=spot;legs=2;bill_types=buy;sell;trade_sides=taker;refer_id=1.9411e+18;trade_day=2024-10-31;synth=5fcbdde38c35b50a,2024-10-31,USDC,BNB,USDC,BNB,0.918948723,547.4754928622559,,,
2024-10-31 13:16:00+00:00,okx,1941100000000000000,trades,trade,USDT,USDC,sell,-100117.73297479999,99997.61793661001,0.9988002621052136,90.0789278,USDC,91892.68330588966,82.7779156710192,account=main;biz_line=spot;legs=4;bill_types=buy;sell;trade_sides=taker;refer_id=1.9411e+18;trade_day=2024-10-31;synth=c33aa2e034a18da3,2024-10-31,USDC,USDC,USDC,USDC,0.918948723,0.918948723,,,
2024-10-26 18:25:00+00:00,okx,1927230000000000000,trades,trade,USDT,USDC,buy,11.218299999993178,-11.217171610000001,0.9998994152417766,0.0101056,USDT,-10.362283243970854,0.0093354272530624,account=main;biz_line=spot;legs=2;bill_types=buy;sell;trade_sides=taker;refer_id=1.9272e+18;trade_day=2024-10-26;synth=68bb66736f098b45,2024-10-26,USDC,USDT,USDC,USDT,0.923787529,0.923787529,,,
2024-10-26 18:22:00+00:00,okx,1927220000000000000,trades,trade,USDT,USDC,sell,-15.0,14.970014860000001,0.9980009906666667,0.0134852,USDC,13.829113036612682,0.0124574595860708,account=main;biz_line=spot;legs=2;bill_types=buy;sell;trade_sides=taker;refer_id=1.9272e+18;trade_day=2024-10-26;synth=ea1ca20c4d17dc3e,2024-10-26,USDC,USDC,USDC,USDC,0.923787529,0.923787529,,,
2024-10-14 22:04:00+00:00,okx,1892880000000000000,trades,trade,ETH,USDC,buy,0.03862121445,-99.84883456,2585.3364784597034,3.48e-05,ETH,-91.47854749715971,0.07865025498668136,account=main;biz_line=spot;legs=2;bill_types=buy;sell;trade_sides=taker;refer_id=1.8929e+18;trade_day=2024-10-14;synth=ff4113ecb6e817fa,2024-10-14,USDC,ETH,USDC,ETH,0.916170408,2260.0647984678553,,,
2024-10-14 22:03:00+00:00,okx,1892880000000000000,trades,trade,USDT,USDC,sell,-100.0,99.850053996,0.99850053996,0.089946,USDC,91.47966470833735,0.082405863517968,account=main;biz_line=spot;legs=2;bill_types=buy;sell;trade_sides=taker;refer_id=1.8929e+18;trade_day=2024-10-14;synth=388363d7f656289e,2024-10-14,USDC,USDC,USDC,USDC,0.916170408,0.916170408,,,
2024-06-04 20:33:00+00:00,okx,718201000000000000,trades,trade,ETH,USDT,buy,0.0039790146499999995,-14.997799999997369,3769.2246244927424,1.99e-06,ETH,-13.80377357956118,0.006898857727089104,account=main;biz_line=spot;legs=2;bill_types=buy;sell;trade_sides=taker;refer_id=1.51e+18;trade_day=2024-06-04;synth=6e70e215dca54263,2024-06-04,USDT,ETH,USDT,ETH,0.920386562,3466.762676929198,,,
2024-05-21 20:53:00+00:00,okx,713132000000000000,trades,trade,USDC,USDT,buy,3490.91907,-3493.363900000004,1.000700339925097,1.7463327,USDC,-3215.5411440321595,1.6074490974211886,account=main;biz_line=spot;legs=2;bill_types=buy;sell;trade_sides=taker;refer_id=1.4695e+18;trade_day=2024-05-21;synth=8c33ccb67d3d17cc,2024-05-21,USDT,USDC,USDT,USDC,0.920471281,0.920471281,,,
2024-05-02 13:22:00+00:00,okx,706134000000000000,trades,trade,ETH,USDT,buy,0.00687056765,-19.99749708,2910.6033298427674,3.437e-06,ETH,-18.692743585117853,0.009561433956810321,account=main;biz_line=spot;legs=2;bill_types=buy;sell;trade_sides=taker;refer_id=1.4135e+18;trade_day=2024-05-02;synth=512a6dc73d0e36ac,2024-05-02,USDT,ETH,USDT,ETH,0.93475416,2781.912702010568,,,
2024-04-23 00:45:00+00:00,okx,702682000000000000,trades,trade,TON,USDT,buy,414.43368,-2499.999800000005,6.032327777993346,0.20732060000000002,TON,-2342.1395926288224,1.1540773282095533,account=main;biz_line=spot;legs=14;bill_types=buy;sell;trade_sides=taker;refer_id=7.0268e+17;trade_day=2024-04-23;synth=12fa8782870c6a23,2024-04-23,USDT,TON,USDT,TON,0.936855912,5.566631237848787,,,
2024-04-11 16:08:00+00:00,okx,698565000000000000,trades,trade,BTC,USDT,buy,9.099999999958967e-10,-0.012665960000000531,13918637.362700706,0.006293289099999999,,-0.011805349980325976,,account=main;biz_line=spot;legs=4;bill_types=buy;sell;trade_sides=taker;refer_id=6.9857e+17;trade_day=2024-04-11;synth=364e404a6ef4d12a,2024-04-11,USDT,,USDT,,0.932053313,,,,
2024-04-11 15:50:00+00:00,okx,698561000000000000,trades,trade,BTC,USDT,sell,-8.859396e-05,6.28288325,70917.73807153445,0.0062892,USDT,5.855982148354708,0.0058618696961196,account=main;biz_line=spot;legs=2;bill_types=buy;sell;trade_sides=taker;refer_id=6.9856e+17;trade_day=2024-04-11;synth=afb96e0b9ace4d67,2024-04-11,USDT,USDT,USDT,USDT,0.932053313,0.932053313,,,
2024-04-11 15:47:00+00:00,okx,698560000000000000,trades,trade,BTC,USDT,buy,8.859528e-05,-6.29997796,71109.63428300018,8.87e-08,BTC,-5.871915329444981,0.005830761336410994,account=main;biz_line=spot;legs=2;bill_types=buy;sell;trade_sides=taker;refer_id=6.9856e+17;trade_day=2024-04-11;synth=ebcc7dad0446e3cd,2024-04-11,USDT,BTC,USDT,BTC,0.932053313,65735.75351083421,,,
2024-04-11 13:49:00+00:00,okx,698530000000000000,trades,trade,BTC,USDT,sell,-8.919528e-05,6.27966471,70403.55397729565,0.006286,USDT,5.852982297484684,0.005858887125518001,account=main;biz_line=spot;legs=2;bill_types=buy;sell;trade_sides=taker;refer_id=6.9853e+17;trade_day=2024-04-11;synth=3767dc11c1dda545,2024-04-11,USDT,USDT,USDT,USDT,0.932053313,0.932053313,,,
2024-04-11 13:37:00+00:00,okx,698527000000000000,trades,trade,BTC,USDT,buy,8.9196e-05,-6.29971286,70627.75079599982,8.93e-08,BTC,-5.8716682421117055,0.005870202788517495,account=main;biz_line=spot;legs=2;bill_types=buy;sell;trade_sides=taker;refer_id=6.9853e+17;trade_day=2024-04-11;synth=7a17ac50a45cf6ed,2024-04-11,USDT,BTC,USDT,BTC,0.932053313,65735.75351083421,,,
2024-04-11 13:27:00+00:00,okx,698525000000000000,trades,trade,TON,USDT,buy,1000.3634310000001,-7493.8735042,7.491150987705386,1.0013648,TON,-6984.689626792529,6.31905179230484,account=main;biz_line=spot;legs=20;bill_types=buy;sell;trade_sides=taker;refer_id=6.9852e+17;trade_day=2024-04-11;synth=3695368762b3f5d3,2024-04-11,USDT,TON,USDT,TON,0.932053313,6.310439304741729,,,
2024-04-11 13:21:00+00:00,okx,698523000000000000,trades,trade,BTC,USDT,unknown,-3.7399999999905825e-09,-0.0412400000004709,-11026737.968068114,0.019977883,,-0.03843787862855891,,account=main;biz_line=spot;legs=8;bill_types=buy;sell;trade_sides=taker;refer_id=6.9852e+17;trade_day=2024-04-11;synth=945eceb1e53727ac,2024-04-11,USDT,,USDT,,0.932053313,,,,
2024-04-11 05:39:00+00:00,okx,698407000000000000,trades,trade,TON,USDT,buy,1491.04476,-9999.7363689,6.7065299695630864,1.4925372999999997,TON,-9320.287411759835,9.418566041713095,account=main;biz_line=spot;legs=14;bill_types=buy;sell;trade_sides=taker;refer_id=6.9841e+17;trade_day=2024-04-11;synth=7b6b26050d4cd267,2024-04-11,USDT,TON,USDT,TON,0.932053313,6.310439304741729,,,
2024-04-11 05:24:00+00:00,okx,698403000000000000,trades,trade,BTC,USDT,sell,-0.00015753226000000001,10.977469399999997,69683.94537093543,0.0109885,USDT,10.231586722626119,0.0102418678299005,account=main;biz_line=spot;legs=2;bill_types=buy;sell;trade_sides=taker;refer_id=6.984e+17;trade_day=2024-04-11;synth=7da7c107cf172e91,2024-04-11,USDT,USDT,USDT,USDT,0.932053313,0.932053313,,,
2024-04-11 05:21:00+00:00,okx,698402000000000000,trades,trade,BTC,USDT,buy,0.00015753457000000003,-10.999618599999998,69823.52254492456,1.58e-07,BTC,-10.25223095786642,0.010386249054711806,account=main;biz_line=spot;legs=2;bill_types=buy;sell;trade_sides=taker;refer_id=6.984e+17;trade_day=2024-04-11;synth=e8e41f3d8d9451e6,2024-04-11,USDT,BTC,USDT,BTC,0.932053313,65735.75351083421,,,
2024-04-10 03:25:00+00:00,okx,698011000000000000,trades,trade,BTC,USDT,sell,-0.00011597457,7.993054799999996,68920.75392044995,0.0035985,USDT,7.360087292214149,0.0033135359113305005,account=main;biz_line=spot;legs=2;bill_types=buy;sell;trade_sides=taker;refer_id=6.9801e+17;trade_day=2024-04-10;synth=df11f5358d94732c,2024-04-10,USDT,USDT,USDT,USDT,0.920810313,0.920810313,,,
2024-04-10 03:24:00+00:00,okx,698010000000000000,trades,trade,BTC,USDT,buy,0.00011597235999999999,-7.999428099999996,68977.02262849524,5.22e-08,BTC,-7.365955892581992,0.0033242000061642495,account=main;biz_line=spot;legs=2;bill_types=buy;sell;trade_sides=taker;refer_id=6.9801e+17;trade_day=2024-04-10;synth=3bea5def5198da7f,2024-04-10,USDT,BTC,USDT,BTC,0.920810313,63681.99245525382,,,
2024-04-10 03:17:00+00:00,okx,698009000000000000,trades,trade,BTC,USDT,sell,-0.00011629235999999999,7.9939435,68740.05738640098,0.0035989,USDT,7.360905616339316,0.0033139042354557,account=main;biz_line=spot;legs=2;bill_types=buy;sell;trade_sides=taker;refer_id=6.9801e+17;trade_day=2024-04-10;synth=4100243bed898460,2024-04-10,USDT,USDT,USDT,USDT,0.920810313,0.920810313,,,
2024-04-10 03:09:00+00:00,okx,698007000000000000,trades,trade,BTC,USDT,buy,0.0001163,-7.999527900000004,68783.55889939815,5.24e-08,BTC,-7.366047789451237,0.0033369364046553,account=main;biz_line=spot;legs=2;bill_types=buy;sell;trade_sides=taker;refer_id=6.9801e+17;trade_day=2024-04-10;synth=500028413fc0aafb,2024-04-10,USDT,BTC,USDT,BTC,0.920810313,63681.99245525382,,,
2024-04-09 00:44:00+00:00,okx,697608000000000000,trades,trade,BTC,USDT,sell,-0.4497975,32310.449236999997,71833.3232999294,14.546248,USDT,29732.630190611246,13.385707183224408,account=main;biz_line=spot;legs=14;bill_types=buy;sell;trade_sides=taker;refer_id=6.9761e+17;trade_day=2024-04-09;synth=d9e034ede7e98d80,2024-04-09,USDT,USDT,USDT,USDT,0.920217171,0.920217171,,,
2024-04-08 22:33:00+00:00,okx,697575000000000000,trades,trade,ETH,USDT,buy,0.016483576700000002,-59.99760000000242,3639.8411031752844,7.42e-06,ETH,-55.43527672023344,0.0236759642001465,account=main;biz_line=spot;legs=4;bill_types=buy;sell;trade_sides=taker;refer_id=6.9757e+17;trade_day=2024-04-08;synth=9e7d8ca9212ea1b7,2024-04-08,USDT,ETH,USDT,ETH,0.923958237,3190.8307547367253,,,
2024-04-01 22:52:00+00:00,okx,695043000000000000,trades,trade,BTC,USDT,buy,0.4497975,-30965.4001,68842.97956302558,0.00020243000000000003,BTC,-28642.49385556858,13.340597894274488,account=main;biz_line=spot;legs=20;bill_types=buy;sell;trade_sides=maker;refer_id=6.9504e+17;trade_day=2024-04-01;synth=3d6e8b8c3b313a4f,2024-04-01,USDT,BTC,USDT,BTC,0.924983813,65902.27680815337,,,
2024-03-26 01:11:00+00:00,okx,692541000000000000,trades,trade,MATIC,USDT,buy,11.3316954,-12.0,1.0589765764441568,0.0051016,MATIC,-11.054813448,0.004901771573385999,account=main;biz_line=spot;legs=2;bill_types=buy;sell;trade_sides=taker;refer_id=6.9254e+17;trade_day=2024-03-26;synth=e5be0e7eb104d8be,2024-03-26,USDT,MATIC,USDT,MATIC,0.921234454,0.9608302441167476,,,
2024-03-25 23:11:00+00:00,okx,692511000000000000,trades,trade,ETH,USDT,buy,0.05080812275,-181.28520332000002,3568.03584757518,2.29e-05,ETH,-167.3144469800356,0.07300644847932228,account=main;biz_line=spot;legs=2;bill_types=buy;sell;trade_sides=taker;refer_id=6.9251e+17;trade_day=2024-03-25;synth=c852134751165339,2024-03-25,USDT,ETH,USDT,ETH,0.922934933,3188.054518747698,,,
2024-03-25 18:53:00+00:00,okx,692446000000000000,trades,trade,USDC,USDT,buy,1629.2665,-1629.5109999999986,1.0001500675303878,0.7335,USDC,-1503.9326256077616,0.6769727733555,account=main;biz_line=spot;legs=2;bill_types=buy;sell;trade_sides=taker;refer_id=6.9245e+17;trade_day=2024-03-25;synth=6f77544479b450e8,2024-03-25,USDT,USDC,USDT,USDC,0.922934933,0.922934933,,,
2024-03-20 20:40:00+00:00,okx,690661000000000000,trades,trade,FRONT,USDT,sell,-2398.6899999934003,3236.9362000000037,1.3494599969186971,1.2952926,USDT,2985.0020276385676,1.1944786052271366,account=main;biz_line=spot;legs=4;bill_types=buy;sell;trade_sides=maker;refer_id=6.9066e+17;trade_day=2024-03-20;synth=b16e0c1c9dce9b02,2024-03-20,USDT,USDT,USDT,USDT,0.922168941,0.922168941,,,
2024-03-20 20:09:00+00:00,okx,690653000000000000,trades,trade,FRONT,USDT,sell,-8000.0,10828.691999999995,1.3535864999999994,4.8751053,USDT,9985.883434055168,4.495670691764488,account=main;biz_line=spot;legs=90;bill_types=buy;sell;trade_sides=taker;refer_id=6.9065e+17;trade_day=2024-03-20;synth=2b5a6b3818c3ce46,2024-03-20,USDT,USDT,USDT,USDT,0.922168941,0.922168941,,,
2024-03-20 19:58:00+00:00,okx,690651000000000000,trades,trade,FRONT,USDT,sell,-13000.0,17545.86607,1.3496820053846155,7.3781343999999995,USDT,16180.252732699731,6.80388638620367,account=main;biz_line=spot;legs=48;bill_types=buy;sell;trade_sides=maker;taker;refer_id=6.9065e+17;trade_day=2024-03-20;synth=903883c14781ac12,2024-03-20,USDT,USDT,USDT,USDT,0.922168941,0.922168941,,,
2024-03-20 19:58:00+00:00,okx,690650000000000000,trades,trade,FRONT,USDT,sell,-4400.0,5943.669030000001,1.3508338704545457,2.6758554,USDT,5481.066975049598,2.4675907404871316,account=main;biz_line=spot;legs=106;bill_types=buy;sell;trade_sides=taker;refer_id=6.9065e+17;trade_day=2024-03-20;synth=53075bd7dea01d80,2024-03-20,USDT,USDT,USDT,USDT,0.922168941,0.922168941,,,
2024-03-16 01:43:00+00:00,okx,688925000000000000,trades,trade,ETH,USDT,buy,0.027123791549999998,-99.99860224,3686.7486632782357,1.2175e-05,ETH,-91.80921980951186,0.04178735852932314,account=main;biz_line=spot;legs=4;bill_types=buy;sell;trade_sides=taker;refer_id=6.8893e+17;trade_day=2024-03-16;synth=dbba528d24e422a0,2024-03-16,USDT,ETH,USDT,ETH,0.918105031,3432.2265732503606,,,
2024-03-15 08:47:00+00:00,okx,688670000000000000,trades,trade,ETH,USDT,buy,0.0383717265,-149.9973397,3909.058918680659,1.73e-05,ETH,-137.71331221518602,0.061611608269524755,account=main;biz_line=spot;legs=2;bill_types=buy;sell;trade_sides=taker;refer_id=6.8867e+17;trade_day=2024-03-15;synth=1e4b8d175ca968b0,2024-03-15,USDT,ETH,USDT,ETH,0.918105031,3561.364639856922,,,
2024-03-14 05:17:00+00:00,okx,688254000000000000,trades,trade,BNB,USDT,sell,-1.0,598.6304999999993,598.6304999999993,0.269505,USDT,547.9455378889434,0.24668649891504,account=main;biz_line=spot;legs=4;bill_types=buy;sell;trade_sides=taker;refer_id=6.8825e+17;trade_day=2024-03-14;synth=1dc7e262ceb9d0b6,2024-03-14,USDT,USDT,USDT,USDT,0.915331808,0.915331808,,,
2024-03-13 23:03:00+00:00,okx,688160000000000000,trades,trade,MATIC,USDT,buy,7946.699700000001,-9969.265903,1.2545165011080006,3.3003362000000003,MATIC,-9113.50754731395,3.570425203332684,account=main;biz_line=spot;legs=16;bill_types=buy;sell;trade_sides=maker;taker;refer_id=6.8816e+17;trade_day=2024-03-13;synth=973224bd5b64be84,2024-03-13,USDT,MATIC,USDT,MATIC,0.914160344,1.0818368150895306,,,
2024-03-12 20:33:00+00:00,okx,687760000000000000,trades,trade,FRONT,USDT,buy,45.6131169,-40.0,0.8769407293014874,0.0205351,FRONT,-36.64345916,0.01613564423226286,account=main;biz_line=spot;legs=4;bill_types=buy;sell;trade_sides=taker;refer_id=6.8776e+17;trade_day=2024-03-12;synth=a9a9c1c2128bb57c,2024-03-12,USDT,FRONT,USDT,FRONT,0.916086479,0.785759223586097,,,
2024-03-12 02:04:00+00:00,okx,687481000000000000,trades,trade,AXS,USDT,buy,400.428651,-4996.320389999999,12.477429818077626,0.18027430000000005,AXS,-4577.0615540310055,2.070458441276655,account=main;biz_line=spot;legs=46;bill_types=buy;sell;trade_sides=taker;refer_id=6.8748e+17;trade_day=2024-03-12;synth=0d32feeb360ce960,2024-03-12,USDT,AXS,USDT,AXS,0.916086479,11.485044963573037,,,
2024-03-11 23:59:00+00:00,okx,687450000000000000,trades,trade,TIA,USDT,buy,539.784,-8656.20003,16.036414621404116,0.21600000000000003,TIA,-7922.570042055841,3.1700773470629233,account=main;biz_line=spot;legs=16;bill_types=buy;sell;trade_sides=maker;refer_id=6.8745e+17;trade_day=2024-03-11;synth=6abd8b80336d230f,2024-03-11,USDT,TIA,USDT,TIA,0.915248032,14.6762840141802,,,
2024-03-11 23:57:00+00:00,okx,687449000000000000,trades,trade,TIA,USDT,buy,450.27061999999995,-7220.944300000001,16.036898654413655,0.18068040000000002,TIA,-6608.9550597566185,2.6517168661956845,account=main;biz_line=spot;legs=32;bill_types=buy;sell;trade_sides=maker;taker;refer_id=6.8745e+17;trade_day=2024-03-11;synth=189d867d8baec012,2024-03-11,USDT,TIA,USDT,TIA,0.915248032,14.6762840141802,,,
2024-03-11 23:54:00+00:00,okx,687448000000000000,trades,trade,TIA,USDT,buy,9.9955,-160.4399999999987,16.05122305037254,0.0045,TIA,-146.8423942540788,0.0660432780638109,account=main;biz_line=spot;legs=2;bill_types=buy;sell;trade_sides=taker;refer_id=6.8745e+17;trade_day=2024-03-11;synth=4fa4b19e6b88dd67,2024-03-11,USDT,TIA,USDT,TIA,0.915248032,14.6762840141802,,,
2024-03-11 15:42:00+00:00,okx,687325000000000000,trades,trade,BTC,USDT,buy,0.21103954732,-14953.91289,70858.34422931798,8.44e-05,BTC,-13686.539343271932,5.335883473784246,account=main;biz_line=spot;legs=2;bill_types=buy;sell;trade_sides=maker;refer_id=6.8732e+17;trade_day=2024-03-11;synth=8ec162248ed674a4,2024-03-11,USDT,BTC,USDT,BTC,0.915248032,63221.36817279913,,,
2024-03-11 15:02:00+00:00,okx,687314000000000000,trades,trade,BTC,USDT,sell,-0.25049845732,17395.167139,69442.21263917204,6.9608512,USDT,15920.892490280823,6.370905361844838,account=main;biz_line=spot;legs=2;bill_types=buy;sell;trade_sides=maker;refer_id=6.8717e+17;trade_day=2024-03-11;synth=cf6653c589825172,2024-03-11,USDT,USDT,USDT,USDT,0.915248032,0.915248032,,,
2024-03-11 06:19:00+00:00,okx,687183000000000000,trades,trade,CFX,USDT,buy,30317.4268,-9635.700638999999,0.3178271263773612,12.131823,CFX,-8819.056046785892,3.5892769601794616,account=main;biz_line=spot;legs=2;bill_types=buy;sell;trade_sides=maker;refer_id=6.8715e+17;trade_day=2024-03-11;synth=19366f634125080c,2024-03-11,USDT,CFX,USDT,CFX,0.915248032,0.2958563572992667,,,
2024-03-11 06:13:00+00:00,okx,687181000000000000,trades,trade,CFX,USDT,buy,950.0617000000057,-301.95540000000074,0.3178271474368443,0.3801767,CFX,-276.36408560177347,0.11247769359205612,account=main;biz_line=spot;legs=2;bill_types=buy;sell;trade_sides=maker;refer_id=6.8715e+17;trade_day=2024-03-11;synth=e88bd401837e58dc,2024-03-11,USDT,CFX,USDT,CFX,0.915248032,0.2958563572992667,,,
2024-03-11 05:26:00+00:00,okx,687170000000000000,trades,trade,ATOM,USDT,buy,1481.5730426,-19478.6243,13.147258852534955,0.5928665000000001,ATOM,-17827.77255664238,7.1232861771291445,account=main;biz_line=spot;legs=28;bill_types=buy;sell;trade_sides=maker;refer_id=6.8715e+17;trade_day=2024-03-11;synth=1f996fadbf26682f,2024-03-11,USDT,ATOM,USDT,ATOM,0.915248032,12.014991869382303,,,
2024-03-11 05:26:00+00:00,okx,687169000000000000,trades,trade,ATOM,USDT,buy,33.8205574,-444.64770000000135,13.14726113887175,0.0135336,ATOM,-406.96293235832763,0.16260609396347234,account=main;biz_line=spot;legs=4;bill_types=buy;sell;trade_sides=maker;refer_id=6.8715e+17;trade_day=2024-03-11;synth=6692db65e30c8980,2024-03-11,USDT,ATOM,USDT,ATOM,0.915248032,12.014991869382303,,,
2024-03-11 05:20:00+00:00,okx,687168000000000000,trades,trade,BTC,USDT,buy,0.25049845559999995,-17361.542899999997,69307.98378942182,0.00010155816999999999,BTC,-15890.11797170857,6.420646456525723,account=main;biz_line=spot;legs=48;bill_types=buy;sell;trade_sides=maker;taker;refer_id=6.8717e+17;trade_day=2024-03-11;synth=f8080c1bd2c33748,2024-03-11,USDT,BTC,USDT,BTC,0.915248032,63221.36817279913,,,
2024-03-11 05:07:00+00:00,okx,687165000000000000,trades,trade,BTC,USDT,sell,-0.2506836456,17373.5748,69304.77956955321,7.821628500000001,USDT,15901.130144504794,7.1587300916601135,account=main;biz_line=spot;legs=12;bill_types=buy;sell;trade_sides=taker;refer_id=6.8716e+17;trade_day=2024-03-11;synth=6c9612ff13a399d2,2024-03-11,USDT,USDT,USDT,USDT,0.915248032,0.915248032,,,
2024-03-11 02:38:00+00:00,okx,687127000000000000,trades,trade,BNB,USDT,buy,50.07995999999999,-26467.829977999998,528.5114041225273,0.020040000000000002,BNB,-24224.629298675103,9.701777351517789,account=main;biz_line=spot;legs=38;bill_types=buy;sell;trade_sides=maker;refer_id=6.8712e+17;trade_day=2024-03-11;synth=0cb17367a5709010,2024-03-11,USDT,BNB,USDT,BNB,0.915248032,484.1206263232429,,,
2024-03-08 23:23:00+00:00,okx,686353000000000000,trades,trade,FET,USDT,buy,9605.6755,-24865.976800000004,2.5886754971058523,4.3245021,FET,-22746.04537896574,10.195093518688228,account=main;biz_line=spot;legs=192;bill_types=buy;sell;trade_sides=taker;refer_id=6.8635e+17;trade_day=2024-03-08;synth=e53ba4d80bc4c6b9,2024-03-08,USDT,FET,USDT,FET,0.914745701,2.3575184571394305,,,
2024-03-08 02:26:00+00:00,okx,686037000000000000,trades,trade,FET,USDT,buy,2848.7174999999997,-7485.160299999996,2.6275544345832804,1.2825003000000004,FET,-6847.018205720867,3.0235181285368578,account=main;biz_line=spot;legs=62;bill_types=buy;sell;trade_sides=taker;refer_id=6.8604e+17;trade_day=2024-03-08;synth=31543f8eeb8f3132,2024-03-08,USDT,FET,USDT,FET,0.914745701,2.3575184571394305,,,
2024-03-08 02:04:00+00:00,okx,686031000000000000,trades,trade,MATIC,USDT,buy,17113.152,-19931.104000000007,1.164665866346539,6.8480001,MATIC,-18231.89170018391,7.265813333977449,account=main;biz_line=spot;legs=42;bill_types=buy;sell;trade_sides=maker;refer_id=6.8602e+17;trade_day=2024-03-08;synth=8a0ab0dd1075b1bb,2024-03-08,USDT,MATIC,USDT,MATIC,0.914745701,1.0610124456594925,,,
2024-03-07 22:23:00+00:00,okx,685976000000000000,trades,trade,GRT,USDT,buy,78124.87600000002,-26338.618899999998,0.33713485702044493,31.262455699999997,GRT,-24174.95998713067,9.273508356262633,account=main;biz_line=spot;legs=24;bill_types=buy;sell;trade_sides=maker;refer_id=6.8597e+17;trade_day=2024-03-07;synth=28cabfe3a1a84639,2024-03-07,USDT,GRT,USDT,GRT,0.917852226,0.2966340342950933,,,
2024-03-07 22:20:00+00:00,okx,685975000000000000,trades,trade,GRT,USDT,buy,70183.72899999999,-23661.381100000006,0.3371348521535527,28.084725,GRT,-21717.651312869337,8.330885278818263,account=main;biz_line=spot;legs=2;bill_types=buy;sell;trade_sides=maker;refer_id=6.8597e+17;trade_day=2024-03-07;synth=2a93e2b250f132d2,2024-03-07,USDT,GRT,USDT,GRT,0.917852226,0.2966340342950933,,,
2024-03-07 08:22:00+00:00,okx,685764000000000000,trades,trade,SHIB,USDT,buy,36253229.0,-1201.1874000000025,3.3133252764877926e-05,14507.0948,SHIB,-1102.5125289331547,0.4475184753917731,account=main;biz_line=spot;legs=4;bill_types=buy;sell;trade_sides=maker;refer_id=6.8574e+17;trade_day=2024-03-07;synth=da3ed5f228610f7a,2024-03-07,USDT,SHIB,USDT,SHIB,0.917852226,3.084824918851244e-05,,,
2024-03-07 08:21:00+00:00,okx,685764000000000000,trades,trade,DOGE,USDT,buy,38540.032999999996,-6000.0,0.15568227458445613,15.422182199999998,DOGE,-5507.113356,2.2403105708843993,account=main;biz_line=spot;legs=12;bill_types=buy;sell;trade_sides=maker;refer_id=6.8574e+17;trade_day=2024-03-07;synth=8d6a781b53af3b59,2024-03-07,USDT,DOGE,USDT,DOGE,0.917852226,0.1452654716324386,,,
2024-03-07 07:56:00+00:00,okx,685758000000000000,trades,trade,BONK,USDT,buy,334650150.0,-10000.0,2.988195283940557e-05,133913.62560000003,BONK,-9178.52226,3.699388317446773,account=main;biz_line=spot;legs=38;bill_types=buy;sell;trade_sides=maker;refer_id=6.8574e+17;trade_day=2024-03-07;synth=640c977a3efc5b4f,2024-03-07,USDT,BONK,USDT,BONK,0.917852226,2.7625182283517925e-05,,,
2024-03-07 07:03:00+00:00,okx,685745000000000000,trades,trade,SHIB,USDT,buy,81390075.0,-2696.7179999999935,3.3133253655313546e-05,32569.058000000005,SHIB,-2475.188619194262,1.0046984170191149,account=main;biz_line=spot;legs=12;bill_types=buy;sell;trade_sides=maker;refer_id=6.8574e+17;trade_day=2024-03-07;synth=ff2605afb16987f9,2024-03-07,USDT,SHIB,USDT,SHIB,0.917852226,3.084824918851244e-05,,,
2024-03-07 07:03:00+00:00,okx,685744000000000000,trades,trade,SHIB,USDT,buy,63443652.8,-2102.094600000004,3.313325300840818e-05,25387.6158,SHIB,-1929.4122078725834,0.7831634985006156,account=main;biz_line=spot;legs=6;bill_types=buy;sell;trade_sides=maker;refer_id=6.8574e+17;trade_day=2024-03-07;synth=200e1311977bd9b3,2024-03-07,USDT,SHIB,USDT,SHIB,0.917852226,3.084824918851244e-05,,,
2024-03-07 06:56:00+00:00,okx,685743000000000000,trades,trade,PEPE,USDT,buy,1384506615.0,-10062.465499999998,7.267907130945704e-06,554024.26,PEPE,-9235.856358223202,3.6847724408760567,account=main;biz_line=spot;legs=16;bill_types=buy;sell;trade_sides=maker;refer_id=6.8574e+17;trade_day=2024-03-07;synth=66ffb960ed37c3b1,2024-03-07,USDT,PEPE,USDT,PEPE,0.917852226,6.650922544215044e-06,,,
2024-03-07 02:48:00+00:00,okx,685680000000000000,trades,trade,ETH,USDT,buy,0.351571718,-1349.9995,3839.8978953136384,0.00015826000000000002,ETH,-1239.100046173887,0.5552341574288308,account=main;biz_line=spot;legs=6;bill_types=buy;sell;trade_sides=taker;refer_id=6.8568e+17;trade_day=2024-03-07;synth=6a3cd3fc20781a29,2024-03-07,USDT,ETH,USDT,ETH,0.917852226,3508.3669747809345,,,
2024-03-07 02:38:00+00:00,okx,685678000000000000,trades,trade,ETH,USDT,buy,0.6512448059,-2499.9969999999994,3838.797603222465,0.0002932,ETH,-2294.6278114433217,1.0286531970057702,account=main;biz_line=spot;legs=2;bill_types=buy;sell;trade_sides=taker;refer_id=6.8568e+17;trade_day=2024-03-07;synth=96934e5cbbe7bd03,2024-03-07,USDT,ETH,USDT,ETH,0.917852226,3508.3669747809345,,,
2024-03-07 02:32:00+00:00,okx,685676000000000000,trades,trade,ETH,USDT,buy,0.07772400435,-299.9995999999992,3859.8062787535623,3.5e-05,ETH,-275.3553006591089,0.1227928441173327,account=main;biz_line=spot;legs=2;bill_types=buy;sell;trade_sides=taker;refer_id=6.8568e+17;trade_day=2024-03-07;synth=ea36f5e7c2279e4d,2024-03-07,USDT,ETH,USDT,ETH,0.917852226,3508.3669747809345,,,
2024-03-07 00:49:00+00:00,okx,685650000000000000,trades,trade,WOO,USDT,sell,-4466.5580117,2491.34244,0.5577768011685982,0.9969357035699999,USDT,2286.6842042822714,0.9150396547006007,account=main;biz_line=spot;legs=4;bill_types=buy;sell;trade_sides=maker;refer_id=6.8565e+17;trade_day=2024-03-07;synth=47ca1055fae0b50d,2024-03-07,USDT,USDT,USDT,USDT,0.917852226,0.917852226,,,
2024-03-07 00:45:00+00:00,okx,685649000000000000,trades,trade,WOO,USDT,sell,-1580.2826100000002,890.9228799998799,0.5637743998207256,0.3565118,USDT,817.7355486022207,0.3272251492252668,account=main;biz_line=spot;legs=2;bill_types=buy;sell;trade_sides=maker;refer_id=6.8565e+17;trade_day=2024-03-07;synth=154d03ebf91e3c1c,2024-03-07,USDT,USDT,USDT,USDT,0.917852226,0.917852226,,,
2024-03-06 04:37:00+00:00,okx,685345000000000000,trades,trade,ETH,USDT,buy,1.47745684945,-5022.74918053,3399.5911165864336,0.0006652100000000001,ETH,-4619.044675435821,2.1909810746471554,account=main;biz_line=spot;legs=34;bill_types=buy;sell;trade_sides=taker;refer_id=6.8535e+17;trade_day=2024-03-06;synth=3fdf72c446dc1213,2024-03-06,USDT,ETH,USDT,ETH,0.919624793,3293.668277156319,,,
2024-03-06 04:33:00+00:00,okx,685344000000000000,trades,trade,DOGE,USDT,buy,18058.967999999993,-2500.0000041999997,0.1384353748342652,7.2264778000000005,DOGE,-2299.061986362424,1.0352229431827913,account=main;biz_line=spot;legs=8;bill_types=buy;sell;trade_sides=maker;refer_id=6.8534e+17;trade_day=2024-03-06;synth=4ecc93a67fc360d9,2024-03-06,USDT,DOGE,USDT,DOGE,0.919624793,0.1432541511693001,,,
2024-03-06 04:32:00+00:00,okx,685344000000000000,trades,trade,STX,USDT,buy,962.327184,-2494.2117599999997,2.5918542066250096,0.43324209999999996,STX,-2293.7389734881654,1.0979833696635355,account=main;biz_line=spot;legs=40;bill_types=buy;sell;trade_sides=taker;refer_id=6.8534e+17;trade_day=2024-03-06;synth=2209c5b073a6ec84,2024-03-06,USDT,STX,USDT,STX,0.919624793,2.5343413524759844,,,
2024-03-06 04:31:00+00:00,okx,685344000000000000,trades,trade,FTM,USDT,buy,4121.515749999999,-2492.9051699999995,0.6048515452112492,1.855517,FTM,-2292.5374009298794,1.0820630964501643,account=main;biz_line=spot;legs=28;bill_types=buy;sell;trade_sides=taker;refer_id=6.8534e+17;trade_day=2024-03-06;synth=58b71e1d8d540e9e,2024-03-06,USDT,FTM,USDT,FTM,0.919624793,0.5831598936847058,,,
2024-03-06 04:30:00+00:00,okx,685344000000000000,trades,trade,PEPE,USDT,buy,420190852.0,-2489.8397300000006,5.92549723095828e-06,189171.011,PEPE,-2289.7183463044266,1.116201260368153,account=main;biz_line=spot;legs=8;bill_types=buy;sell;trade_sides=taker;refer_id=6.8534e+17;trade_day=2024-03-06;synth=3bffc7346bf222fe,2024-03-06,USDT,PEPE,USDT,PEPE,0.919624793,5.900487894353713e-06,,,
2024-03-06 03:15:00+00:00,okx,685325000000000000,trades,trade,XTZ,USDT,buy,3187.8424999999997,-4356.33539,1.366546618912321,1.2756471,XTZ,-4006.1940312673246,1.5428628885114768,account=main;biz_line=spot;legs=10;bill_types=buy;sell;trade_sides=maker;refer_id=6.8529e+17;trade_day=2024-03-06;synth=bb9de3c413264ef9,2024-03-06,USDT,XTZ,USDT,XTZ,0.919624793,1.209474696027982,,,
2024-03-06 01:20:00+00:00,okx,685296000000000000,trades,trade,BTC,USDT,buy,0.0007736699999999763,-49.999799999999595,64626.77885920499,3.48e-07,BTC,-45.98105572504103,0.020575183667445558,account=main;biz_line=spot;legs=2;bill_types=buy;sell;trade_sides=taker;refer_id=6.853e+17;trade_day=2024-03-06;synth=092112905f30cca9,2024-03-06,USDT,BTC,USDT,BTC,0.919624793,59124.09099840678,,,
2024-03-06 01:10:00+00:00,okx,685293000000000000,trades,trade,XTZ,USDT,buy,3471.2790200000004,-4743.6646,1.3665466165839932,1.3890673,XTZ,-4362.391575836428,1.6800417504299099,account=main;biz_line=spot;legs=16;bill_types=buy;sell;trade_sides=maker;refer_id=6.8529e+17;trade_day=2024-03-06;synth=311e28eb63e61038,2024-03-06,USDT,XTZ,USDT,XTZ,0.919624793,1.209474696027982,,,
2024-03-06 01:09:00+00:00,okx,685293000000000000,trades,trade,BONK,USDT,buy,105130344.0,-3050.0,2.9011604870236134e-05,42068.965200000006,BONK,-2804.85561865,1.2093348547788225,account=main;biz_line=spot;legs=22;bill_types=buy;sell;trade_sides=maker;refer_id=6.8528e+17;trade_day=2024-03-06;synth=618ea2675a7d9177,2024-03-06,USDT,BONK,USDT,BONK,0.919624793,2.8746484469715988e-05,,,
2024-03-06 01:07:00+00:00,okx,685292000000000000,trades,trade,SHIB,USDT,buy,97702838.2,-3030.0,3.1012405123764356e-05,39096.7736,SHIB,-2786.46312279,1.3047266500447554,account=main;biz_line=spot;legs=6;bill_types=buy;sell;trade_sides=maker;refer_id=6.8528e+17;trade_day=2024-03-06;synth=39d915e484e7d994,2024-03-06,USDT,SHIB,USDT,SHIB,0.919624793,3.337172175365272e-05,,,
2024-03-06 01:02:00+00:00,okx,685291000000000000,trades,trade,PEPE,USDT,buy,481582250.0,-3040.0,6.3125250151973e-06,192709.98,PEPE,-2795.65937072,1.1370829041111463,account=main;biz_line=spot;legs=2;bill_types=buy;sell;trade_sides=maker;refer_id=6.8528e+17;trade_day=2024-03-06;synth=fb305eed88cdf4f7,2024-03-06,USDT,PEPE,USDT,PEPE,0.919624793,5.900487894353713e-06,,,
2024-03-06 00:48:00+00:00,okx,685288000000000000,trades,trade,BTC,USDT,buy,0.2499,-16272.5,65116.04641856742,0.00010004999999999999,BTC,-14964.5944440925,5.915365304390598,account=main;biz_line=spot;legs=6;bill_types=buy;sell;trade_sides=maker;refer_id=6.8528e+17;trade_day=2024-03-06;synth=94f662b54ddd84d7,2024-03-06,USDT,BTC,USDT,BTC,0.919624793,59124.09099840678,,,
2024-03-06 00:47:00+00:00,okx,685287000000000000,trades,trade,DOGE,USDT,buy,18819.630000000005,-3050.0,0.1620648227409359,7.530864200000001,DOGE,-2804.85561865,1.0788275585422704,account=main;biz_line=spot;legs=10;bill_types=buy;sell;trade_sides=maker;refer_id=6.8528e+17;trade_day=2024-03-06;synth=1a882eb7cccd193a,2024-03-06,USDT,DOGE,USDT,DOGE,0.919624793,0.1432541511693001,,,
2024-03-05 04:09:00+00:00,okx,684976000000000000,trades,trade,ETH,USDT,buy,0.0267989345,-96.17668730999999,3588.8250448912436,1.21e-05,ETH,-88.6502786972674,0.04053384085140784,account=main;biz_line=spot;legs=2;bill_types=buy;sell;trade_sides=taker;refer_id=6.8498e+17;trade_day=2024-03-05;synth=cfc440f67e8053a6,2024-03-05,USDT,ETH,USDT,ETH,0.92174394,3349.9042025956896,,,
2024-03-04 18:48:00+00:00,okx,684835000000000000,trades,trade,BONK,USDT,sell,-4000000.0,129.0459037,3.2261475925e-05,0.0580968,USDT,118.9801804866305,0.0535651853449392,account=main;biz_line=spot;legs=2;bill_types=buy;sell;trade_sides=taker;refer_id=6.8483e+17;trade_day=2024-03-04;synth=9173fdf6295cb47f,2024-03-04,USDT,USDT,USDT,USDT,0.921998894,0.921998894,,,
2024-03-04 18:32:00+00:00,okx,684831000000000000,trades,trade,PEPE,USDT,buy,12284470.0,-85.8579397,6.989144806410045e-06,5530.5,PEPE,-79.1609254445187,0.029991302471346917,account=main;biz_line=spot;legs=2;bill_types=buy;sell;trade_sides=taker;refer_id=6.8483e+17;trade_day=2024-03-04;synth=a964909bd560b410,2024-03-04,USDT,PEPE,USDT,PEPE,0.921998894,5.422891686347874e-06,,,
2024-03-04 18:27:00+00:00,okx,684829000000000000,trades,trade,DOGE,USDT,buy,71.96799999999348,-11.694240000000008,0.1624922187639099,0.0324,DOGE,-10.782076346170568,0.004597791979573664,account=main;biz_line=spot;legs=2;bill_types=buy;sell;trade_sides=taker;refer_id=6.8483e+17;trade_day=2024-03-04;synth=3be924b93a6f0ae7,2024-03-04,USDT,DOGE,USDT,DOGE,0.921998894,0.1419071598633847,,,
2024-03-04 18:18:00+00:00,okx,684827000000000000,trades,trade,CFX,USDT,buy,34.98419999999169,-11.035499999999985,0.31544239971194443,0.01575,CFX,-10.174718794736986,0.0041962412730574905,account=main;biz_line=spot;legs=2;bill_types=buy;sell;trade_sides=taker;refer_id=6.8483e+17;trade_day=2024-03-04;synth=a0682569fda98dbb,2024-03-04,USDT,CFX,USDT,CFX,0.921998894,0.2664280173369835,,,
2024-03-04 18:16:00+00:00,okx,684827000000000000,trades,trade,GRT,USDT,buy,19.991000000001804,-6.334000000000003,0.31684257916059383,0.009,GRT,-5.839940994596003,0.0026547610083854003,account=main;biz_line=spot;legs=2;bill_types=buy;sell;trade_sides=taker;refer_id=6.8483e+17;trade_day=2024-03-04;synth=4907c1956b905cd1,2024-03-04,USDT,GRT,USDT,GRT,0.921998894,0.2949734453761556,,,
2024-03-02 08:07:00+00:00,okx,683948000000000000,trades,trade,DOGE,USDT,buy,177855.8716,-24954.735141000005,0.14030875065583162,80.0711747,DOGE,-23078.456607401473,10.294913037449907,account=main;biz_line=spot;legs=62;bill_types=buy;sell;trade_sides=taker;refer_id=6.8395e+17;trade_day=2024-03-02;synth=553386a2c6ed1a14,2024-03-02,USDT,DOGE,USDT,DOGE,0.924812725,0.1285720245271974,,,
2024-03-02 04:41:00+00:00,okx,683897000000000000,trades,trade,DOGE,USDT,buy,36110.9104,-4992.5697,0.1382565447588383,16.2572254,DOGE,-4617.191989009432,2.0902243828729765,account=main;biz_line=spot;legs=18;bill_types=buy;sell;trade_sides=taker;refer_id=6.839e+17;trade_day=2024-03-02;synth=e8c54f1db1317232,2024-03-02,USDT,DOGE,USDT,DOGE,0.924812725,0.1285720245271974,,,
2024-03-02 04:12:00+00:00,okx,683889000000000000,trades,trade,PEPE,USDT,buy,1201322114.0,-4980.4054510000005,4.145770225120488e-06,600961.5375,PEPE,-4605.942336744164,2.199678129749067,account=main;biz_line=spot;legs=22;bill_types=buy;sell;trade_sides=taker;refer_id=6.8389e+17;trade_day=2024-03-02;synth=3bfef345c416dadc,2024-03-02,USDT,PEPE,USDT,PEPE,0.924812725,3.660264413758871e-06,,,
2024-03-02 04:11:00+00:00,okx,683889000000000000,trades,trade,BONK,USDT,buy,208376062.99999997,-4999.90244,2.3994610359828137e-05,96250.9988,BONK,-4623.973400270549,2.237756444821684,account=main;biz_line=spot;legs=12;bill_types=buy;sell;trade_sides=maker;taker;refer_id=6.8389e+17;trade_day=2024-03-02;synth=df04901f1b1d9ff0,2024-03-02,USDT,BONK,USDT,BONK,0.924812725,2.3249176348512697e-05,,,
2024-03-02 01:57:00+00:00,okx,683856000000000000,trades,trade,GRT,USDT,buy,58662.66684,-18487.059189,0.3151418130959285,26.4100846,GRT,-17097.06758581538,7.852426742277294,account=main;biz_line=spot;legs=16;bill_types=buy;sell;trade_sides=maker;refer_id=6.8385e+17;trade_day=2024-03-02;synth=e11fb64128e9670d,2024-03-02,USDT,GRT,USDT,GRT,0.924812725,0.2973268303077414,,,
2024-03-02 01:57:00+00:00,okx,683855000000000000,trades,trade,GRT,USDT,buy,4608.84816,-1452.4408000000003,0.31514182059753526,2.0749154,GRT,-1343.2357341491802,0.6169280190387193,account=main;biz_line=spot;legs=2;bill_types=buy;sell;trade_sides=maker;refer_id=6.8385e+17;trade_day=2024-03-02;synth=687dda7b3ddb43bd,2024-03-02,USDT,GRT,USDT,GRT,0.924812725,0.2973268303077414,,,
2024-03-02 01:43:00+00:00,okx,683852000000000000,trades,trade,CFX,USDT,buy,74315.98330000002,-19942.1768,0.2683430389327836,37.176580300000005,CFX,-18442.77886883978,9.328309645684287,account=main;biz_line=spot;legs=74;bill_types=buy;sell;trade_sides=taker;refer_id=6.8385e+17;trade_day=2024-03-02;synth=eb0781a94936089c,2024-03-02,USDT,CFX,USDT,CFX,0.924812725,0.2509189809931035,,,
2024-02-29 13:50:00+00:00,okx,683310000000000000,trades,trade,ETH,USDT,buy,0.04336231250000001,-149.99919999999838,3459.2066555490637,2.1689999999999997e-05,ETH,-138.5545907382401,0.06773474761043997,account=main;biz_line=spot;legs=20;bill_types=buy;sell;trade_sides=taker;refer_id=6.8331e+17;trade_day=2024-02-29;synth=ddea516e0ba3d7fb,2024-02-29,USDT,ETH,USDT,ETH,0.923702198,3122.8560447413547,,,
2024-02-28 19:28:00+00:00,okx,683033000000000000,trades,trade,BTC,USDT,buy,0.35956767899000003,-21349.94936028,59376.71989943725,0.0001619,BTC,-19753.839166126956,8.538925780251686,account=main;biz_line=spot;legs=2;bill_types=buy;sell;trade_sides=maker;refer_id=6.8303e+17;trade_day=2024-02-28;synth=a966811212f67dcb,2024-02-28,USDT,BTC,USDT,BTC,0.925240563,52741.97517141251,,,
2024-02-28 06:15:00+00:00,okx,682833000000000000,trades,trade,BTC,USDT,sell,-0.029867478989999998,1692.290102,56659.957894892956,0.8465683,USDT,1565.7754467338075,0.7832793305099529,account=main;biz_line=spot;legs=2;bill_types=buy;sell;trade_sides=taker;refer_id=6.8283e+17;trade_day=2024-02-28;synth=1d1b6f9694554bb7,2024-02-28,USDT,USDT,USDT,USDT,0.925240563,0.925240563,,,
2024-02-27 14:49:00+00:00,okx,682600000000000000,trades,trade,BTC,USDT,buy,4.187959299999999,-236094.38817199998,56374.56604986587,0.0020949445000000002,BTC,-217478.25004641057,105.12968571981231,account=main;biz_line=spot;legs=114;bill_types=buy;sell;trade_sides=taker;refer_id=6.826e+17;trade_day=2024-02-27;synth=2b647df466236dd5,2024-02-27,USDT,BTC,USDT,BTC,0.921149595,50182.563652551326,,,
2024-02-27 14:46:00+00:00,okx,682599000000000000,trades,trade,BTC,USDT,buy,10.994519100000002,-620775.952,56462.31057072792,0.005480834,BTC,-571827.5167705395,275.0423010740675,account=main;biz_line=spot;legs=326;bill_types=buy;sell;trade_sides=maker;taker;refer_id=6.826e+17;trade_day=2024-02-27;synth=397064b31e6c09a2,2024-02-27,USDT,BTC,USDT,BTC,0.921149595,50182.563652551326,,,
2024-02-23 01:57:00+00:00,okx,680956000000000000,trades,trade,ETH,USDT,buy,0.837028279,-2499.9995299999996,2986.7563530670145,0.000418729,ETH,-2307.5498711805426,1.1494878578061203,account=main;biz_line=spot;legs=24;bill_types=buy;sell;trade_sides=taker;refer_id=6.8096e+17;trade_day=2024-02-23;synth=83dac03cc9eb6078,2024-02-23,USDT,ETH,USDT,ETH,0.923020122,2745.183299475604,,,
2024-02-22 23:30:00+00:00,okx,680919000000000000,trades,trade,BTC,USDT,buy,0.4204534,-21599.999563999998,51373.111893018344,0.0001893,BTC,-19918.848723534342,9.0500127740013,account=main;biz_line=spot;legs=8;bill_types=buy;sell;trade_sides=maker;refer_id=6.8092e+17;trade_day=2024-02-22;synth=c14f0a705378b08f,2024-02-22,USDT,BTC,USDT,BTC,0.922168941,47807.780105659265,,,
2024-02-21 01:26:00+00:00,okx,680224000000000000,trades,trade,ETH,USDT,buy,0.8618598534999999,-2499.99718175,2900.7003535407166,0.00043117000000000003,ETH,-2312.8848001820256,1.2028557797383883,account=main;biz_line=spot;legs=6;bill_types=buy;sell;trade_sides=taker;refer_id=6.8022e+17;trade_day=2024-02-21;synth=84e787b4269e2fed,2024-02-21,USDT,ETH,USDT,ETH,0.925154963,2789.748312123729,,,
2024-02-20 02:50:00+00:00,okx,679883000000000000,trades,trade,ETH,USDT,buy,0.0511564125,-149.99857999999995,2932.155963829558,2.559e-05,ETH,-138.86185892862414,0.06973696884543837,account=main;biz_line=spot;legs=2;bill_types=buy;sell;trade_sides=taker;refer_id=6.7988e+17;trade_day=2024-02-20;synth=48c35ea918069df1,2024-02-20,USDT,ETH,USDT,ETH,0.92575449,2725.1648630495647,,,
2024-02-16 23:08:00+00:00,okx,678739000000000000,trades,trade,FET,USDT,buy,3655.49334,-2499.9996268699997,0.6839021150753894,1.828661,FET,-2321.693560982541,1.1096941860645329,account=main;biz_line=spot;legs=32;bill_types=buy;sell;trade_sides=taker;refer_id=6.7874e+17;trade_day=2024-02-16;synth=59756714dca8088d,2024-02-16,USDT,FET,USDT,FET,0.928677563,0.6068342826059794,,,
2024-02-16 23:06:00+00:00,okx,678739000000000000,trades,trade,AVAX,USDT,buy,250.186142,-9999.999979999999,39.970239358821075,0.1251557,AVAX,-9286.775611426448,4.848150002555057,account=main;biz_line=spot;legs=38;bill_types=buy;sell;trade_sides=taker;refer_id=6.7874e+17;trade_day=2024-02-16;synth=f5b10c83eb1eca24,2024-02-16,USDT,AVAX,USDT,AVAX,0.928677563,38.73694927642174,,,
2024-02-15 02:05:00+00:00,okx,678059000000000000,trades,trade,ZETA,USDT,buy,1031.47501,-2498.60757,2.4223636498958903,0.5159955,ZETA,-2325.8005872884532,1.1507109610128476,account=main;biz_line=spot;legs=20;bill_types=buy;sell;trade_sides=taker;refer_id=6.7806e+17;trade_day=2024-02-15;synth=f01471636c5269a2,2024-02-15,USDT,ZETA,USDT,ZETA,0.930838686,2.2300794503301824,,,
2024-02-15 02:00:00+00:00,okx,678058000000000000,trades,trade,WOO,USDT,buy,6107.91982,-2498.9447,0.40913187691452046,3.0554876,WOO,-2326.114400934664,1.1739721183945406,account=main;biz_line=spot;legs=18;bill_types=buy;sell;trade_sides=taker;refer_id=6.7806e+17;trade_day=2024-02-15;synth=ee5b00971ef2eacc,2024-02-15,USDT,WOO,USDT,WOO,0.930838686,0.3842176019285893,,,
2024-02-15 01:55:00+00:00,okx,678057000000000000,trades,trade,INJ,USDT,buy,143.862856,-4999.743640000001,34.753540830581045,0.0675443,INJ,-4653.954800194458,2.2231426675457606,account=main;biz_line=spot;legs=22;bill_types=buy;sell;trade_sides=maker;taker;refer_id=6.7806e+17;trade_day=2024-02-15;synth=43eee417419904ed,2024-02-15,USDT,INJ,USDT,INJ,0.930838686,32.91384569157961,,,
2024-02-14 17:50:00+00:00,okx,677935000000000000,trades,trade,BTC,USDT,buy,0.40811885000000003,-21048.00008229,51573.21226963665,0.00018378,BTC,-19647.157740469218,8.531479210510728,account=main;biz_line=spot;legs=4;bill_types=buy;sell;trade_sides=maker;refer_id=6.7793e+17;trade_day=2024-02-14;synth=24edc9dfdd96c61f,2024-02-14,USDT,BTC,USDT,BTC,0.933445347,46422.23969153732,,,
2024-02-14 00:46:00+00:00,okx,677677000000000000,trades,trade,BTC,USDT,buy,0.54168165908,-26343.000021289998,48631.88476056459,0.00024390000000000002,BTC,-24589.75079589405,11.322384260765952,account=main;biz_line=spot;legs=6;bill_types=buy;sell;trade_sides=maker;refer_id=6.7768e+17;trade_day=2024-02-14;synth=ddde2a73e3768f55,2024-02-14,USDT,BTC,USDT,BTC,0.933445347,46422.23969153732,,,
2024-02-12 20:15:00+00:00,okx,677246000000000000,trades,trade,BTC,USDT,buy,0.4402441999999999,-21105.99980799,47941.573808331836,0.000198195,BTC,-19591.571337219382,8.865676802259134,account=main;biz_line=spot;legs=6;bill_types=buy;sell;trade_sides=maker;refer_id=6.7725e+17;trade_day=2024-02-12;synth=c85ce902ddcdafca,2024-02-12,USDT,BTC,USDT,BTC,0.928246542,44732.09113377802,,,
2024-02-09 20:19:00+00:00,okx,676160000000000000,trades,trade,BTC,USDT,buy,0.022008485,-1045.1028784,47486.36166460344,9.908e-06,BTC,-970.203191514284,0.41701781538541777,account=main;biz_line=spot;legs=4;bill_types=buy;sell;trade_sides=maker;refer_id=6.7616e+17;trade_day=2024-02-09;synth=c7de275f677bd06c,2024-02-09,USDT,BTC,USDT,BTC,0.928332714,42089.00034168528,,,
2024-02-07 19:31:00+00:00,okx,675423000000000000,trades,trade,BTC,USDT,buy,0.008614930000000007,-369.99725404000003,42948.37613770509,4.313e-06,BTC,-343.35305692173654,0.1724551105614105,account=main;biz_line=spot;legs=4;bill_types=buy;sell;trade_sides=taker;refer_id=6.7542e+17;trade_day=2024-02-07;synth=fe417d8b0fe5d3b8,2024-02-07,USDT,BTC,USDT,BTC,0.927988122,39984.954918017735,,,
2024-02-07 19:25:00+00:00,okx,675422000000000000,trades,trade,BTC,USDT,buy,0.112894,-4850.49980349,42965.080548922,5.65e-05,BTC,-4501.206203402055,2.259149952868002,account=main;biz_line=spot;legs=2;bill_types=buy;sell;trade_sides=taker;refer_id=6.7542e+17;trade_day=2024-02-07;synth=4cc0bc26c2ecb0c2,2024-02-07,USDT,BTC,USDT,BTC,0.927988122,39984.954918017735,,,
2024-02-03 02:00:00+00:00,okx,673709000000000000,trades,trade,TRX,USDT,buy,1720.622389607,-200.56999998999999,0.11656828436122542,0.8607414999999999,TRX,-184.29660943269133,0.09194324969513902,account=main;biz_line=spot;legs=4;bill_types=buy;sell;trade_sides=taker;refer_id=6.7371e+17;trade_day=2024-02-03;synth=868f4eb25e753ae5,2024-02-03,USDT,TRX,USDT,TRX,0.918864284,0.106818655421098,,,
2024-02-02 21:09:00+00:00,okx,673636000000000000,trades,trade,BTC,USDT,buy,0.00580829,-250.47027505000003,43122.89418228085,2.9020000000000003e-06,BTC,-230.14818994710134,0.11484550587356869,account=main;biz_line=spot;legs=4;bill_types=buy;sell;trade_sides=taker;refer_id=6.7364e+17;trade_day=2024-02-02;synth=3fc57d7fd073dc62,2024-02-02,USDT,BTC,USDT,BTC,0.918864284,39574.605745543995,,,
2024-02-02 21:06:00+00:00,okx,673635000000000000,trades,trade,BTC,USDT,buy,0.11640655,-5020.959715999999,43132.96559343095,5.82e-05,BTC,-4613.580554435182,2.3032420543906604,account=main;biz_line=spot;legs=6;bill_types=buy;sell;trade_sides=taker;refer_id=6.7364e+17;trade_day=2024-02-02;synth=933c8127d9c9fbe5,2024-02-02,USDT,BTC,USDT,BTC,0.918864284,39574.605745543995,,,
2024-01-31 00:28:00+00:00,okx,672599000000000000,trades,trade,ETH,USDT,buy,1.0607153795,-2499.86046949,2356.768382738435,0.0005306,ETH,-2306.7827536843333,1.1476673832126996,account=main;biz_line=spot;legs=2;bill_types=buy;sell;trade_sides=taker;refer_id=6.726e+17;trade_day=2024-01-31;synth=aa834575ff787092,2024-01-31,USDT,ETH,USDT,ETH,0.922764603,2162.96152132058,,,
2024-01-30 21:37:00+00:00,okx,672556000000000000,trades,trade,ETH,USDT,buy,1.0840557005,-2498.71856436,2304.9724873062464,0.0005423,ETH,-2303.815752757188,1.1572973642654354,account=main;biz_line=spot;legs=6;bill_types=buy;sell;trade_sides=taker;refer_id=6.7256e+17;trade_day=2024-01-30;synth=825bbb7645677a72,2024-01-30,USDT,ETH,USDT,ETH,0.921998894,2134.0537788409283,,,
2024-01-30 21:09:00+00:00,okx,672549000000000000,trades,trade,PYTH,USDT,buy,12525.062300000001,-4996.6502199999995,0.3989321649921054,6.265664,PYTH,-4606.9059765448565,2.3135616620302577,account=main;biz_line=spot;legs=20;bill_types=buy;sell;trade_sides=taker;refer_id=6.7255e+17;trade_day=2024-01-30;synth=ff215e4e1b66e9cc,2024-01-30,USDT,PYTH,USDT,PYTH,0.921998894,0.3692444507126871,,,
2024-01-30 20:57:00+00:00,okx,672546000000000000,trades,trade,BTC,USDT,buy,0.5763399499999999,-25009.9998425,43394.52755704338,0.0002595,BTC,-23059.192193725175,10.352152509752504,account=main;biz_line=spot;legs=2;bill_types=buy;sell;trade_sides=maker;refer_id=6.7255e+17;trade_day=2024-01-30;synth=a7096107cd2b84c1,2024-01-30,USDT,BTC,USDT,BTC,0.921998894,39892.687898853575,,,
2024-01-29 18:48:00+00:00,okx,672151000000000000,trades,trade,BTC,USDT,buy,1.0054505433,-42600.000485259996,42369.06605614044,0.00045266400000000003,BTC,-39360.62134455997,17.577306806365435,account=main;biz_line=spot;legs=26;bill_types=buy;sell;trade_sides=maker;refer_id=6.7215e+17;trade_day=2024-01-29;synth=ae109a21372213e5,2024-01-29,USDT,BTC,USDT,BTC,0.923958237,38830.80343558452,,,
2024-01-27 02:10:00+00:00,okx,671175000000000000,trades,trade,ETH,USDT,buy,1.0979057730000001,-2499.99906526,2277.061590111522,0.0005492380000000001,ETH,-2299.6955801526997,1.1463067084847938,account=main;biz_line=spot;legs=8;bill_types=buy;sell;trade_sides=taker;refer_id=6.7118e+17;trade_day=2024-01-27;synth=f9aa643c5abc0268,2024-01-27,USDT,ETH,USDT,ETH,0.919878576,2087.0855776271737,,,
2024-01-27 01:53:00+00:00,okx,671171000000000000,trades,trade,ETH,USDT,buy,4.40308336,-9995.11644,2270.0266206179663,0.0022026,ETH,-9194.29347778139,4.597014693281612,account=main;biz_line=spot;legs=10;bill_types=buy;sell;trade_sides=taker;refer_id=6.7117e+17;trade_day=2024-01-27;synth=1d440a6045d5fdf4,2024-01-27,USDT,ETH,USDT,ETH,0.919878576,2087.0855776271737,,,
2024-01-26 23:46:00+00:00,okx,671139000000000000,trades,trade,TRX,USDT,buy,4679.61646,-537.9299999999998,0.11495172833031701,2.1067755,TRX,-494.83028238767986,0.21731027759317328,account=main;biz_line=spot;legs=2;bill_types=buy;sell;trade_sides=maker;refer_id=6.7114e+17;trade_day=2024-01-26;synth=2d01b631fd715bf3,2024-01-26,USDT,TRX,USDT,TRX,0.919878576,0.1031482839975941,,,
2024-01-26 23:28:00+00:00,okx,671134000000000000,trades,trade,BTC,USDT,sell,-0.0921469233,3803.8478518499996,41280.248060653365,1.9028754,USDT,3499.0781452804367,1.7504143132574306,account=main;biz_line=spot;legs=4;bill_types=buy;sell;trade_sides=taker;refer_id=6.7113e+17;trade_day=2024-01-26;synth=4c97f1b9c6924112,2024-01-26,USDT,USDT,USDT,USDT,0.919878576,0.919878576,,,
2024-01-26 22:40:00+00:00,okx,671122000000000000,trades,trade,BTC,USDT,buy,1.09903828,-45394.45539185,41303.798255189075,0.00054987,BTC,-41757.3869841505,20.2013297442299,account=main;biz_line=spot;legs=24;bill_types=buy;sell;trade_sides=taker;refer_id=6.7112e+17;trade_day=2024-01-26;synth=78876b3c5af0e9e2,2024-01-26,USDT,BTC,USDT,BTC,0.919878576,36738.3740597412,,,
2024-01-25 19:13:00+00:00,okx,670708000000000000,trades,trade,BTC,USDT,buy,0.0008939500000000322,-35.99968941,40270.36121706886,4.47e-07,BTC,-33.04846176393619,0.016464960027433678,account=main;biz_line=spot;legs=2;bill_types=buy;sell;trade_sides=taker;refer_id=6.7071e+17;trade_day=2024-01-25;synth=ba7a8282ca730c3a,2024-01-25,USDT,BTC,USDT,BTC,0.918020747,36834.36247748026,,,
2024-01-25 19:08:00+00:00,okx,670707000000000000,trades,trade,BTC,USDT,buy,1.03369789456,-41470.9417732,40119.01542166957,0.00051721,BTC,-38071.18494542657,19.051100616977568,account=main;biz_line=spot;legs=24;bill_types=buy;sell;trade_sides=taker;refer_id=6.7071e+17;trade_day=2024-01-25;synth=e620714d86f03a1f,2024-01-25,USDT,BTC,USDT,BTC,0.918020747,36834.36247748026,,,
2024-01-23 18:50:00+00:00,okx,669977000000000000,trades,trade,BTC,USDT,sell,-0.00194187456,75.68302979999999,38974.211495926895,0.0378604,USDT,69.61279413863817,0.0348237674703464,account=main;biz_line=spot;legs=2;bill_types=buy;sell;trade_sides=taker;refer_id=6.6998e+17;trade_day=2024-01-23;synth=32f34b391ffa9eb0,2024-01-23,USDT,USDT,USDT,USDT,0.919793966,0.919793966,,,
2024-01-23 18:39:00+00:00,okx,669974000000000000,trades,trade,BTC,USDT,buy,0.002563219999999998,-99.94548879999999,38992.1617340689,1.28e-06,BTC,-91.92925752716057,0.04651035178934393,account=main;biz_line=spot;legs=2;bill_types=buy;sell;trade_sides=taker;refer_id=6.6997e+17;trade_day=2024-01-23;synth=54b25f500ac48628,2024-01-23,USDT,BTC,USDT,BTC,0.919793966,36336.21233542494,,,
2024-01-23 18:27:00+00:00,okx,669971000000000000,trades,trade,BTC,USDT,buy,0.03259400999999995,-1274.999779,39117.61022960973,1.47e-05,BTC,-1172.7371033755335,0.5341423213307467,account=main;biz_line=spot;legs=2;bill_types=buy;sell;trade_sides=maker;refer_id=6.6997e+17;trade_day=2024-01-23;synth=09590fc6b8abe87a,2024-01-23,USDT,BTC,USDT,BTC,0.919793966,36336.21233542494,,,
2024-01-23 18:20:00+00:00,okx,669970000000000000,trades,trade,BTC,USDT,buy,1.38113243,-53957.47029,39067.55725806829,0.0006675250000000001,BTC,-49629.755593366266,24.25533013920454,account=main;biz_line=spot;legs=26;bill_types=buy;sell;trade_sides=maker;taker;refer_id=6.6997e+17;trade_day=2024-01-23;synth=fdfa5bde85f9e1f3,2024-01-23,USDT,BTC,USDT,BTC,0.919793966,36336.21233542494,,,
2024-01-22 23:19:00+00:00,okx,669683000000000000,trades,trade,BTC,USDT,buy,0.000499750000000021,-20.21305000000001,40446.32316157911,2.5e-07,BTC,-18.56111112028031,0.009536707869050576,account=main;biz_line=spot;legs=2;bill_types=buy;sell;trade_sides=taker;refer_id=6.6968e+17;trade_day=2024-01-22;synth=c93de309ba400cab,2024-01-22,USDT,BTC,USDT,BTC,0.918273646,38146.83147620231,,,
2024-01-22 23:18:00+00:00,okx,669682000000000000,trades,trade,BTC,USDT,buy,0.92676917,-37527.684103,40493.02169061148,0.00041725000000000003,BTC,-34460.68330719805,15.916765433445415,account=main;biz_line=spot;legs=4;bill_types=buy;sell;trade_sides=maker;refer_id=6.6968e+17;trade_day=2024-01-22;synth=c10fef3b324336e8,2024-01-22,USDT,BTC,USDT,BTC,0.918273646,38146.83147620231,,,
2024-01-22 13:35:00+00:00,okx,669536000000000000,trades,trade,DAI,USDT,buy,2495.75509,-2499.9999900000003,1.0017008479786373,1.2485018,DAI,-2295.684105817264,1.1461925837124531,account=main;biz_line=spot;legs=2;bill_types=buy;sell;trade_sides=taker;refer_id=6.6954e+17;trade_day=2024-01-22;synth=81f53063261142f9,2024-01-22,USDT,DAI,USDT,DAI,0.918273646,0.9180544102639284,,,
2024-01-21 20:50:00+00:00,okx,669283000000000000,trades,trade,ETH,USDT,buy,25.401955,-62885.43607103,2475.6140254177285,0.011435957,ETH,-57761.951003331735,25.948221249962863,account=main;biz_line=spot;legs=34;bill_types=buy;sell;trade_sides=maker;refer_id=6.6928e+17;trade_day=2024-01-21;synth=747c5a72b7e7a66a,2024-01-21,USDT,ETH,USDT,ETH,0.918526683,2269.0030445167695,,,
2024-01-21 20:49:00+00:00,okx,669282000000000000,trades,trade,ETH,USDT,buy,50.30451490000001,-124511.56469999999,2475.156851179574,0.025100258000000004,ETH,-114367.19451903088,56.952561820156404,account=main;biz_line=spot;legs=94;bill_types=buy;sell;trade_sides=maker;taker;refer_id=6.6928e+17;trade_day=2024-01-21;synth=d1d12d71b9bbc5de,2024-01-21,USDT,ETH,USDT,ETH,0.918526683,2269.0030445167695,,,
2024-01-20 01:16:00+00:00,okx,668625000000000000,trades,trade,ETH,USDT,buy,0.041005485,-99.99718266,2438.629433598944,2.051e-05,ETH,-91.85008049803491,0.046901870574919055,account=main;biz_line=spot;legs=2;bill_types=buy;sell;trade_sides=taker;refer_id=6.6862e+17;trade_day=2024-01-20;synth=07595b4a49a9ff8b,2024-01-20,USDT,ETH,USDT,ETH,0.918526683,2286.780622862948,,,
2024-01-20 01:04:00+00:00,okx,668622000000000000,trades,trade,ETH,USDT,buy,1.0299827559999999,-2499.998451,2427.2235981007047,0.0005152,ETH,-2296.315284702168,1.1781493768989906,account=main;biz_line=spot;legs=2;bill_types=buy;sell;trade_sides=taker;refer_id=6.6862e+17;trade_day=2024-01-20;synth=7be2ecae0b9f58e4,2024-01-20,USDT,ETH,USDT,ETH,0.918526683,2286.780622862948,,,
2024-01-16 22:31:00+00:00,okx,667496000000000000,trades,trade,DYDX,USDT,sell,-2046.63371942,5908.018349999999,2.886700387050344,2.6598052,USDT,5429.165918193066,2.4442245919687595,account=main;biz_line=spot;legs=2;bill_types=buy;sell;trade_sides=maker;refer_id=6.6748e+17;trade_day=2024-01-16;synth=7c8dcb1030c0ab05,2024-01-16,USDT,USDT,USDT,USDT,0.918948723,0.918948723,,,
2024-01-16 22:28:00+00:00,okx,667495000000000000,trades,trade,DYDX,USDT,sell,-1470.1599600000002,4243.9822008,2.8867485962547907,2.0906619,USDT,3900.0020238598895,1.9212110832297538,account=main;biz_line=spot;legs=18;bill_types=buy;sell;trade_sides=maker;taker;refer_id=6.6748e+17;trade_day=2024-01-16;synth=7ecb4a039b18e885,2024-01-16,USDT,USDT,USDT,USDT,0.918948723,0.918948723,,,
2024-01-16 22:04:00+00:00,okx,667489000000000000,trades,trade,DYDX,USDT,sell,-18.93148999999994,55.065848024000005,2.9086906537203454,0.0247908,USDT,50.60269072256688,0.022781474002148402,account=main;biz_line=spot;legs=4;bill_types=buy;sell;trade_sides=maker;refer_id=6.6748e+17;trade_day=2024-01-16;synth=cff2ab60a29ad201,2024-01-16,USDT,USDT,USDT,USDT,0.918948723,0.918948723,,,
2024-01-16 19:54:00+00:00,okx,667457000000000000,trades,trade,DYDX,USDT,buy,3535.7251700000006,-9999.999998824,2.8282741214368756,1.5935434,DYDX,-9189.487228919315,4.142704996858479,account=main;biz_line=spot;legs=6;bill_types=buy;sell;trade_sides=maker;taker;refer_id=6.6746e+17;trade_day=2024-01-16;synth=f045131f91c0856b,2024-01-16,USDT,DYDX,USDT,DYDX,0.918948723,2.5996813120110054,,,
2023-12-17 12:37:00+00:00,okx,656475000000000000,trades,trade,ETH,USDT,unknown,0.0,2383.020807,2220.89,1.126e-05,ETH,2177.0699852753182,0.022918476505554414,account=main;biz_line=spot;legs=2;bill_types=buy;sell;trade_sides=taker;refer_id=nan;trade_day=2023-12-17;synth=350d83e7d287b433,2023-12-17,USDT,ETH,USDT,ETH,0.913575735,2035.3886772250812,,,
2023-12-08 21:40:00+00:00,okx,653350000000000000,trades,trade,TRX,USDT,unknown,0.0,405.76094,0.10603,0.0321607,TRX,376.50639342853316,0.0031079676833550207,account=main;biz_line=spot;legs=2;bill_types=buy;sell;trade_sides=taker;refer_id=nan;trade_day=2023-12-08;synth=4e924e00058a9bae,2023-12-08,USDT,TRX,USDT,TRX,0.927902014,0.0966386827200596,,,
2023-11-02 13:35:00+00:00,okx,640182000000000000,trades,trade,ETH,USDT,unknown,0.0,58867.989839999995,1841.86,4.072e-05,ETH,55218.07510075314,0.07052692660944423,account=main;biz_line=spot;legs=2;bill_types=buy;sell;trade_sides=taker;refer_id=nan;trade_day=2023-11-02;synth=ab76ca4612d635b7,2023-11-02,USDT,ETH,USDT,ETH,0.937998312,1731.9972153596325,,,
2023-09-11 22:27:00+00:00,okx,621472000000000000,trades,trade,ETH,USDT,unknown,0.0,66698.881248,1576.91,6.342e-05,ETH,62195.89823992152,0.09565551431082805,account=main;biz_line=spot;legs=2;bill_types=buy;sell;trade_sides=taker;refer_id=nan;trade_day=2023-09-11;synth=678b721f04332368,2023-09-11,USDT,ETH,USDT,ETH,0.932487878,1508.286255295302,,,
2023-09-11 22:21:00+00:00,okx,621470000000000000,trades,trade,USDC,USDT,unknown,0.0,66728.8992,1.0006,0.03,USDC,62223.889616283894,0.027974636339999998,account=main;biz_line=spot;legs=2;bill_types=buy;sell;trade_sides=taker;refer_id=nan;trade_day=2023-09-11;synth=53cc7a306f602153,2023-09-11,USDT,USDC,USDT,USDC,0.932487878,0.932487878,,,
2024-05-02 16:10:00+00:00,okx,706176000000000000,trades,trade,BCH,USDT,sell,-44.75021000199999,18553.09950000001,414.5924566425684,8.4701358,USDT,17342.58693851893,7.917494674814928,account=sub;biz_line=spot;legs=166;bill_types=buy;sell;trade_sides=maker;taker;refer_id=1413800000000000000;trade_day=2024-05-02;synth=89e7b70447cc07cc,2024-05-02,USDT,USDT,USDT,USDT,0.93475416,0.93475416,,,
2024-05-02 16:01:00+00:00,okx,706173000000000000,trades,trade,BCH,USDT,sell,-20.837065999999993,8633.760000000002,414.34624241243966,3.9996317,USDT,8070.443076441602,3.738672370042872,account=sub;biz_line=spot;legs=36;bill_types=buy;sell;trade_sides=maker;taker;refer_id=1413800000000000000;trade_day=2024-05-02;synth=b18a0be74e3db623,2024-05-02,USDT,USDT,USDT,USDT,0.93475416,0.93475416,,,
2024-05-02 16:09:00+00:00,okx,706175000000000000,trades,trade,BCH,USDT,sell,-114.00773420000002,47300.66739999999,414.8899873496476,22.088344499999998,USDT,44214.49562292638,20.64717190888812,account=sub;biz_line=spot;legs=266;bill_types=buy;sell;trade_sides=maker;taker;refer_id=1413800000000000000;trade_day=2024-05-02;synth=643c0f47a35c6187,2024-05-02,USDT,USDT,USDT,USDT,0.93475416,0.93475416,,,
2024-05-02 08:15:00+00:00,okx,706056000000000000,trades,trade,DCR,USDT,sell,-59.37997089999999,1153.114700000002,19.419253369826123,0.5439278,USDT,1077.8787627821537,0.508438773789648,account=sub;biz_line=spot;legs=68;bill_types=buy;sell;trade_sides=maker;taker;refer_id=1412900000000000000;trade_day=2024-05-02;synth=1f12b2399fc82da4,2024-05-02,USDT,USDT,USDT,USDT,0.93475416,0.93475416,,,
2024-05-02 08:03:00+00:00,okx,706053000000000000,trades,trade,DCR,USDT,sell,-26.0,506.6605000000018,19.486942307692377,0.25345680000000004,USDT,473.60301008268164,0.23691979818028802,account=sub;biz_line=spot;legs=32;bill_types=buy;sell;trade_sides=taker;refer_id=1412800000000000000;trade_day=2024-05-02;synth=e7cd74f374cd4dbb,2024-05-02,USDT,USDT,USDT,USDT,0.93475416,0.93475416,,,
2024-05-06 20:33:00+00:00,okx,707691000000000000,trades,trade,ETH,USDT,buy,25.753855900000005,-80441.411,3123.470571255312,0.012086954,ETH,-74648.67392492013,35.18155074885282,account=sub;biz_line=spot;legs=136;bill_types=buy;sell;trade_sides=maker;taker;refer_id=1425900000000000000;trade_day=2024-05-06;synth=cb63e205ac1ddddb,2024-05-06,USDT,ETH,USDT,ETH,0.927988122,2910.7044462031395,,,
2024-05-28 19:17:00+00:00,okx,715645000000000000,trades,trade,ETH,USDT,sell,-32.33,126360.27214999999,3908.452587380142,61.659746000000005,USDT,116118.61073017496,56.66214484720436,account=sub;biz_line=spot;legs=70;bill_types=buy;sell;trade_sides=maker;taker;refer_id=1489600000000000000;trade_day=2024-05-28;synth=5fc15516965d978d,2024-05-28,USDT,USDT,USDT,USDT,0.918948723,0.918948723,,,
2024-05-28 20:56:00+00:00,okx,715670000000000000,trades,trade,BCH,USDT,buy,47.055468510000004,-22126.027000000002,470.2115970920125,0.0211845,BCH,-20332.68425671352,9.522739087625046,account=sub;biz_line=spot;legs=20;bill_types=buy;sell;trade_sides=maker;refer_id=1489700000000000000;trade_day=2024-05-28;synth=470d978894f6d87d,2024-05-28,USDT,BCH,USDT,BCH,0.918948723,449.5144604604804,,,
2024-05-28 20:54:00+00:00,okx,715669000000000000,trades,trade,BCH,USDT,buy,2.9220314920000003,-1373.9729999999981,470.21156471505884,0.0013154999999999998,BCH,-1262.6107337864773,0.5913362727357618,account=sub;biz_line=spot;legs=6;bill_types=buy;sell;trade_sides=maker;refer_id=1489700000000000000;trade_day=2024-05-28;synth=9596acf819a4ee61,2024-05-28,USDT,BCH,USDT,BCH,0.918948723,449.5144604604804,,,
2024-05-02 06:27:00+00:00,okx,706029000000000000,trades,trade,INJ,USDT,sell,-294.23789999999997,6954.894129619999,23.636975826771465,3.1311113999999995,USDT,6501.116220021873,2.9268194065734234,account=sub;biz_line=spot;legs=34;bill_types=buy;sell;trade_sides=maker;refer_id=1412600000000000000;trade_day=2024-05-02;synth=b68b66337ed1d35c,2024-05-02,USDT,USDT,USDT,USDT,0.93475416,0.93475416,,,
2024-05-02 06:36:00+00:00,okx,706031000000000000,trades,trade,INJ,USDT,sell,-65.0,1540.1265999999996,23.694255384615378,0.6933689999999999,USDT,1439.6397462766556,0.64812955716504,account=sub;biz_line=spot;legs=16;bill_types=buy;sell;trade_sides=maker;refer_id=1412600000000000000;trade_day=2024-05-02;synth=12b7caa53e9ac582,2024-05-02,USDT,USDT,USDT,USDT,0.93475416,0.93475416,,,
2024-05-02 08:16:00+00:00,okx,706057000000000000,trades,trade,DCR,USDT,sell,-60.6020377,1175.7274999999972,19.40079153477041,0.55752426,USDT,1099.0161716513974,0.5211481213359216,account=sub;biz_line=spot;legs=58;bill_types=buy;sell;trade_sides=maker;taker;refer_id=1412900000000000000;trade_day=2024-05-02;synth=c6ae8077d1366efe,2024-05-02,USDT,USDT,USDT,USDT,0.93475416,0.93475416,,,
2024-05-02 08:21:00+00:00,okx,706058000000000000,trades,trade,DCR,USDT,sell,-26.4326553932,511.9333000000006,19.367456367312204,0.2560946,USDT,478.53178181752855,0.239385492703536,account=sub;biz_line=spot;legs=36;bill_types=buy;sell;trade_sides=taker;refer_id=1412900000000000000;trade_day=2024-05-02;synth=28e945db5a95af09,2024-05-02,USDT,USDT,USDT,USDT,0.93475416,0.93475416,,,
2024-05-02 06:31:00+00:00,okx,706030000000000000,trades,trade,INJ,USDT,sell,-140.5371,3326.1366499999995,23.667320942299217,1.4974355000000001,USDT,3109.1200703159634,1.3997340629566801,account=sub;biz_line=spot;legs=32;bill_types=buy;sell;trade_sides=maker;refer_id=1412600000000000000;trade_day=2024-05-02;synth=0a374ee8f7f38ed2,2024-05-02,USDT,USDT,USDT,USDT,0.93475416,0.93475416,,,
2024-05-02 16:39:00+00:00,okx,706183000000000000,trades,trade,PEPE,USDT,sell,-2044434780.83595,14365.909,7.0268365294225314e-06,6.4675693,USDT,13428.59319993144,6.045587308263288,account=sub;biz_line=spot;legs=36;bill_types=buy;sell;trade_sides=maker;refer_id=1413900000000000000;trade_day=2024-05-02;synth=2c8cc25c2984ba13,2024-05-02,USDT,USDT,USDT,USDT,0.93475416,0.93475416,,,
2024-05-02 08:07:00+00:00,okx,706054000000000000,trades,trade,DCR,USDT,sell,-45.62536300000002,892.2193999999981,19.55533811314548,0.4280899,USDT,834.0057957827023,0.400158814878984,account=sub;biz_line=spot;legs=68;bill_types=buy;sell;trade_sides=maker;taker;refer_id=1412800000000000000;trade_day=2024-05-02;synth=6817551bde3264a6,2024-05-02,USDT,USDT,USDT,USDT,0.93475416,0.93475416,,,
2024-05-02 07:32:00+00:00,okx,706045000000000000,trades,trade,DCR,USDT,sell,-0.03664600000001883,0.7098999999998341,19.371827757448816,0.0003196,USDT,0.6635819781838449,0.000298747429536,account=sub;biz_line=spot;legs=2;bill_types=buy;sell;trade_sides=maker;refer_id=1412700000000000000;trade_day=2024-05-02;synth=a74f0a9da7017439,2024-05-02,USDT,USDT,USDT,USDT,0.93475416,0.93475416,,,
2024-05-06 20:38:00+00:00,okx,707693000000000000,trades,trade,ETH,USDT,buy,26.485932000000005,-82692.08578,3122.113497082148,0.0123620576,ETH,-76737.2733872451,35.98229602053931,account=sub;biz_line=spot;legs=160;bill_types=buy;sell;trade_sides=maker;taker;refer_id=1426000000000000000;trade_day=2024-05-06;synth=fbbb7609ad472013,2024-05-06,USDT,ETH,USDT,ETH,0.927988122,2910.7044462031395,,,
2024-05-06 20:36:00+00:00,okx,707692000000000000,trades,trade,ETH,USDT,buy,42.6551104,-133123.8947,3120.9365877060304,0.02005333165,ETH,-123537.39303597876,58.36932159484114,account=sub;biz_line=spot;legs=270;bill_types=buy;sell;trade_sides=maker;taker;refer_id=1425900000000000000;trade_day=2024-05-06;synth=3d66390add626f74,2024-05-06,USDT,ETH,USDT,ETH,0.927988122,2910.7044462031395,,,
2024-05-02 07:40:00+00:00,okx,706047000000000000,trades,trade,DCR,USDT,sell,-44.849050999999974,870.2944000000007,19.404968011474786,0.39180877000000003,USDT,813.5113108247047,0.3662448776819832,account=sub;biz_line=spot;legs=16;bill_types=buy;sell;trade_sides=maker;refer_id=1412800000000000000;trade_day=2024-05-02;synth=27927848580ff383,2024-05-02,USDT,USDT,USDT,USDT,0.93475416,0.93475416,,,
2024-05-02 07:33:00+00:00,okx,706046000000000000,trades,trade,DCR,USDT,sell,-83.57169400000004,1619.7042999999994,19.38101553858653,0.7292705,USDT,1514.0253323948875,0.6816886336402801,account=sub;biz_line=spot;legs=30;bill_types=buy;sell;trade_sides=maker;taker;refer_id=1412800000000000000;trade_day=2024-05-02;synth=7b5daf9c248468e2,2024-05-02,USDT,USDT,USDT,USDT,0.93475416,0.93475416,,,
2024-05-02 16:04:00+00:00,okx,706174000000000000,trades,trade,BCH,USDT,sell,-20.930149,8674.684100000002,414.45878383378937,4.054641999999999,USDT,8108.697049160858,3.7900934768107195,account=sub;biz_line=spot;legs=38;bill_types=buy;sell;trade_sides=maker;taker;refer_id=1413800000000000000;trade_day=2024-05-02;synth=935765d53c5b02c4,2024-05-02,USDT,USDT,USDT,USDT,0.93475416,0.93475416,,,
2024-05-02 07:50:00+00:00,okx,706050000000000000,trades,trade,DCR,USDT,sell,-32.996046000000035,646.0887999999995,19.58079462005838,0.2908709,USDT,603.9341935294076,0.271892783797944,account=sub;biz_line=spot;legs=10;bill_types=buy;sell;trade_sides=maker;refer_id=1412800000000000000;trade_day=2024-05-02;synth=0cb0b0e8107b1c4c,2024-05-02,USDT,USDT,USDT,USDT,0.93475416,0.93475416,,,
2024-05-02 07:43:00+00:00,okx,706048000000000000,trades,trade,DCR,USDT,sell,-63.484511999999995,1239.2152999999998,19.519962601271946,0.5578979780000001,USDT,1158.361656810648,0.5214974557910885,account=sub;biz_line=spot;legs=24;bill_types=buy;sell;trade_sides=maker;refer_id=1412800000000000000;trade_day=2024-05-02;synth=4533cb8bd99a2f83,2024-05-02,USDT,USDT,USDT,USDT,0.93475416,0.93475416,,,
2024-05-02 07:55:00+00:00,okx,706051000000000000,trades,trade,DCR,USDT,sell,-21.135568999999975,413.8791000000019,19.58211297741747,0.18632937,USDT,386.8752104620578,0.1741721537376792,account=sub;biz_line=spot;legs=12;bill_types=buy;sell;trade_sides=maker;refer_id=1412800000000000000;trade_day=2024-05-02;synth=1800ac96509ac584,2024-05-02,USDT,USDT,USDT,USDT,0.93475416,0.93475416,,,
2024-05-24 23:20:00+00:00,okx,714257000000000000,trades,trade,BTC,USDT,buy,0.18292753,-12494.999557,68305.73592176092,8.24e-05,BTC,-11526.752357703412,5.161893674985205,account=sub;biz_line=spot;legs=2;bill_types=buy;sell;trade_sides=maker;refer_id=1478500000000000000;trade_day=2024-05-24;synth=ed71f3308b80cd31,2024-05-24,USDT,BTC,USDT,BTC,0.922509225,62644.34071583986,,,
2024-05-02 22:11:00+00:00,okx,706267000000000000,trades,trade,ETH,USDT,sell,-9.559999999999999,28237.160000000003,2953.6778242677833,12.9888772,USDT,26394.802776585602,12.14140699642915,account=sub;biz_line=spot;legs=10;bill_types=buy;sell;trade_sides=maker;taker;refer_id=1414500000000000000;trade_day=2024-05-02;synth=351791af4b873929,2024-05-02,USDT,USDT,USDT,USDT,0.93475416,0.93475416,,,
2024-05-31 20:16:00+00:00,okx,716747000000000000,trades,trade,TON,USDT,sell,-6.2451,39.88000000000102,6.385806472274426,0.01995,USDT,36.74898634488094,0.0183837080637,account=sub;biz_line=spot;legs=2;bill_types=buy;sell;trade_sides=taker;refer_id=1498400000000000000;trade_day=2024-05-31;synth=ad745e8fafbd123f,2024-05-31,USDT,USDT,USDT,USDT,0.921489126,0.921489126,,,
2024-05-06 20:37:00+00:00,okx,707692000000000000,trades,trade,ETH,USDT,buy,3.0181623999999942,-9424.1826,3122.490227828701,0.0014226000000000002,ETH,-8745.529512359077,4.140768145168587,account=sub;biz_line=spot;legs=12;bill_types=buy;sell;trade_sides=maker;taker;refer_id=1426000000000000000;trade_day=2024-05-06;synth=24b45ac86d34ee84,2024-05-06,USDT,ETH,USDT,ETH,0.927988122,2910.7044462031395,,,
2024-05-02 08:00:00+00:00,okx,706052000000000000,trades,trade,DCR,USDT,sell,-21.0,408.49099999999817,19.451952380952292,0.20434760000000002,USDT,381.8386615725583,0.191014769186016,account=sub;biz_line=spot;legs=8;bill_types=buy;sell;trade_sides=taker;refer_id=1412800000000000000;trade_day=2024-05-02;synth=0568eaaf344a5acf,2024-05-02,USDT,USDT,USDT,USDT,0.93475416,0.93475416,,,
2024-04-24 22:35:00+00:00,okx,703374000000000000,trades,trade,PEPE,USDT,buy,749662500.0,-5496.0,7.3312990845880646e-06,337499.9958,PEPE,-5143.177992576,2.4255260094174846,account=sub;biz_line=spot;legs=24;bill_types=buy;sell;trade_sides=maker;refer_id=703010000000000000;trade_day=2024-04-24;synth=d57870d86bea34cd,2024-04-24,USDT,PEPE,USDT,PEPE,0.935803856,7.186743821042397e-06,,,
2024-04-14 04:23:00+00:00,okx,699475000000000000,trades,trade,BCH,USDT,buy,49.9775,-23000.0,460.2070931919364,0.022500100000000002,BCH,-21592.189251,10.197682197680331,account=sub;biz_line=spot;legs=20;bill_types=buy;sell;trade_sides=maker;refer_id=699470000000000000;trade_day=2024-04-14;synth=cffce74ee0aa8075,2024-04-14,USDT,BCH,USDT,BCH,0.938790837,453.2283055488789,,,
2024-04-16 12:44:00+00:00,okx,700326000000000000,trades,trade,BTC,USDT,buy,1.00054955,-61981.92000000001,61947.87654444502,0.00045048,BTC,-58270.113754332495,26.86302889004249,account=sub;biz_line=spot;legs=28;bill_types=buy;sell;trade_sides=maker;refer_id=700160000000000000;trade_day=2024-04-16;synth=a83e056f0ea837fe,2024-04-16,USDT,BTC,USDT,BTC,0.940114694,59632.01227588903,,,
2024-04-07 07:07:00+00:00,okx,696979000000000000,trades,trade,BTC,USDT,buy,0.5037983999999999,-34937.27997,69347.73903609066,0.0002016818,BTC,-32226.99011583096,12.836615886107822,account=sub;biz_line=spot;legs=26;bill_types=buy;sell;trade_sides=maker;refer_id=696980000000000000;trade_day=2024-04-07;synth=1787759169f6a7f7,2024-04-07,USDT,BTC,USDT,BTC,0.922424131,63647.864537642075,,,
2024-04-14 01:21:00+00:00,okx,699429000000000000,trades,trade,DCR,USDT,buy,66.14808100000002,-1329.3198999999986,20.096121911684758,0.029786399999999998,DCR,-1247.953341561755,0.5308503230664692,account=sub;biz_line=spot;legs=40;bill_types=buy;sell;trade_sides=maker;taker;refer_id=699430000000000000;trade_day=2024-04-14;synth=38fe135b6ec22e84,2024-04-14,USDT,DCR,USDT,DCR,0.938790837,17.821902716221807,,,
2024-04-16 18:26:00+00:00,okx,700412000000000000,trades,trade,BTC,USDT,sell,-1.0005495500000001,62126.168999999994,62092.04631594706,27.969362099999998,USDT,58405.72435882728,26.294408292016698,account=sub;biz_line=spot;legs=22;bill_types=buy;sell;trade_sides=maker;refer_id=700410000000000000;trade_day=2024-04-16;synth=c9784fd2d3a28372,2024-04-16,USDT,USDT,USDT,USDT,0.940114694,0.940114694,,,
2024-04-14 02:28:00+00:00,okx,699446000000000000,trades,trade,DCR,USDT,buy,73.78849799999995,-1482.8775999999998,20.096324497620223,0.033550500000000004,DCR,-1392.111903272551,0.5979337470805998,account=sub;biz_line=spot;legs=26;bill_types=buy;sell;trade_sides=maker;taker;refer_id=699450000000000000;trade_day=2024-04-14;synth=53e8b12ebffcf9d3,2024-04-14,USDT,DCR,USDT,DCR,0.938790837,17.821902716221807,,,
2024-04-14 01:40:00+00:00,okx,699434000000000000,trades,trade,DCR,USDT,buy,35.79680300000001,-717.508600000001,20.043929621312852,0.016116,DCR,-673.5904991486991,0.2872177841746306,account=sub;biz_line=spot;legs=22;bill_types=buy;sell;trade_sides=maker;refer_id=699430000000000000;trade_day=2024-04-14;synth=62da9e1154b18bb0,2024-04-14,USDT,DCR,USDT,DCR,0.938790837,17.821902716221807,,,
2024-04-14 04:08:00+00:00,okx,699471000000000000,trades,trade,SOL,USDT,buy,499.775,-61500.0,123.05537491871343,0.22499999999999998,SOL,-57735.636475499996,29.610175440037604,account=sub;biz_line=spot;legs=8;bill_types=buy;sell;trade_sides=maker;refer_id=699470000000000000;trade_day=2024-04-14;synth=0ad07472be870447,2024-04-14,USDT,SOL,USDT,SOL,0.938790837,131.60077973350047,,,
2024-04-09 22:41:00+00:00,okx,697939000000000000,trades,trade,TON,USDT,buy,15214.466799999998,-99499.32197419001,6.539783699432045,6.7569577,TON,-91560.98458350726,39.56645013965471,account=sub;biz_line=spot;legs=230;bill_types=buy;sell;trade_sides=maker;taker;refer_id=697940000000000000;trade_day=2024-04-09;synth=1c6cc01ceafd0b80,2024-04-09,USDT,TON,USDT,TON,0.920217171,5.855660475668615,,,
2024-04-24 22:33:00+00:00,okx,703373000000000000,trades,trade,PEPE,USDT,buy,399820000.0,-2935.9999799999987,7.343304436996645e-06,180000.00099999996,PEPE,-2747.520102499922,1.293613894974375,account=sub;biz_line=spot;legs=12;bill_types=buy;sell;trade_sides=maker;refer_id=703010000000000000;trade_day=2024-04-24;synth=30dc1c48575efe53,2024-04-24,USDT,PEPE,USDT,PEPE,0.935803856,7.186743821042397e-06,,,
2024-04-14 01:03:00+00:00,okx,699425000000000000,trades,trade,DCR,USDT,buy,22.521230000000003,-460.1798000000017,20.43315573794156,0.01013905,DCR,-432.0125796124942,0.1806971627349087,account=sub;biz_line=spot;legs=24;bill_types=buy;sell;trade_sides=maker;refer_id=699420000000000000;trade_day=2024-04-14;synth=12374e8783891ea2,2024-04-14,USDT,DCR,USDT,DCR,0.938790837,17.821902716221807,,,
2024-04-14 01:59:00+00:00,okx,699439000000000000,trades,trade,DCR,USDT,buy,15.83187700000002,-317.2492000000002,20.038634711474817,0.0071275999999999996,DCR,-297.83064200558056,0.12702739380014255,account=sub;biz_line=spot;legs=8;bill_types=buy;sell;trade_sides=maker;refer_id=699440000000000000;trade_day=2024-04-14;synth=6e6fd51f886cfb6f,2024-04-14,USDT,DCR,USDT,DCR,0.938790837,17.821902716221807,,,
2024-04-14 04:42:00+00:00,okx,699480000000000000,trades,trade,ETH,USDT,buy,0.0499775,-148.34900000004563,2968.3157420848506,2.25e-05,ETH,-139.26868187815583,0.06383320516240742,account=sub;biz_line=spot;legs=2;bill_types=buy;sell;trade_sides=maker;refer_id=699480000000000000;trade_day=2024-04-14;synth=e02adb1f3f64b468,2024-04-14,USDT,ETH,USDT,ETH,0.938790837,2837.0313405514407,,,
2024-04-13 09:48:00+00:00,okx,699194000000000000,trades,trade,FET,USDT,buy,2991.3254206,-6152.147400000002,2.0566626946144844,1.4175763000000001,FET,-5775.579606993375,2.8501792105468926,account=sub;biz_line=spot;legs=78;bill_types=buy;sell;trade_sides=maker;taker;refer_id=699190000000000000;trade_day=2024-04-13;synth=73b5e50cb9af892a,2024-04-13,USDT,FET,USDT,FET,0.938790837,2.010600212875238,,,
2024-04-13 09:51:00+00:00,okx,699195000000000000,trades,trade,BTC,USDT,buy,0.9995500000000003,-66019.9999,66049.72227502374,0.000450071,BTC,-61978.97096486091,28.41552962404727,account=sub;biz_line=spot;legs=44;bill_types=buy;sell;trade_sides=maker;refer_id=699110000000000000;trade_day=2024-04-13;synth=dde338341692dc35,2024-04-13,USDT,BTC,USDT,BTC,0.938790837,63135.65998264111,,,
2024-04-13 09:51:00+00:00,okx,699195000000000000,trades,trade,FET,USDT,buy,2562.6213000000007,-5230.390499999994,2.0410313845436283,1.1536996000000002,FET,-4910.242675331843,2.319628661354077,account=sub;biz_line=spot;legs=58;bill_types=buy;sell;trade_sides=maker;refer_id=699200000000000000;trade_day=2024-04-13;synth=bdf1e3c8def4ccd0,2024-04-13,USDT,FET,USDT,FET,0.938790837,2.010600212875238,,,
2024-04-10 23:06:00+00:00,okx,698308000000000000,trades,trade,BCH,USDT,buy,8.81517139,-5397.313699999999,612.2755260462383,0.00396865,BCH,-4969.902117456188,2.4613097314441115,account=sub;biz_line=spot;legs=10;bill_types=buy;sell;trade_sides=maker;refer_id=698300000000000000;trade_day=2024-04-10;synth=9020e2e7105e7876,2024-04-10,USDT,BCH,USDT,BCH,0.920810313,620.188157545793,,,
2024-04-13 09:44:00+00:00,okx,699193000000000000,trades,trade,DCR,USDT,buy,13.029764599999993,-264.9670000000042,20.335517036125452,0.005866107000000001,DCR,-248.74859170738293,0.11687224284090944,account=sub;biz_line=spot;legs=6;bill_types=buy;sell;trade_sides=maker;refer_id=699190000000000000;trade_day=2024-04-13;synth=e0eaf681c2e90c8b,2024-04-13,USDT,DCR,USDT,DCR,0.938790837,19.923305667780937,,,
2024-04-13 09:57:00+00:00,okx,699197000000000000,trades,trade,DCR,USDT,buy,10.413376999999997,-209.33730000000287,20.102729402767512,0.0047543,DCR,-196.52393908232278,0.09472137213633092,account=sub;biz_line=spot;legs=10;bill_types=buy;sell;trade_sides=maker;taker;refer_id=699200000000000000;trade_day=2024-04-13;synth=eefd0bea67702fca,2024-04-13,USDT,DCR,USDT,DCR,0.938790837,19.923305667780937,,,
2024-04-13 04:11:00+00:00,okx,699110000000000000,trades,trade,BCH,USDT,buy,49.97999999999999,-26525.0,530.7122849139657,0.019999999999999997,BCH,-24901.426951425,10.037248448774083,account=sub;biz_line=spot;legs=52;bill_types=buy;sell;trade_sides=maker;refer_id=699110000000000000;trade_day=2024-04-13;synth=6978c0a6dd377c86,2024-04-13,USDT,BCH,USDT,BCH,0.938790837,501.8624224387042,,,
2024-04-13 09:36:00+00:00,okx,699191000000000000,trades,trade,DCR,USDT,buy,74.7114901,-1527.4509999999864,20.444659823482578,0.033695359,DCR,-1433.9570027664743,0.6713229369426135,account=sub;biz_line=spot;legs=40;bill_types=buy;sell;trade_sides=maker;taker;refer_id=699190000000000000;trade_day=2024-04-13;synth=21a259add1213e6c,2024-04-13,USDT,DCR,USDT,DCR,0.938790837,19.923305667780937,,,
2024-04-11 00:18:00+00:00,okx,698326000000000000,trades,trade,BCH,USDT,buy,29.9865,-18299.99997,610.2746225801611,0.0135,BCH,-17056.575599938402,7.9103323788669435,account=sub;biz_line=spot;legs=14;bill_types=buy;sell;trade_sides=maker;refer_id=698300000000000000;trade_day=2024-04-11;synth=44c1d961614c2633,2024-04-11,USDT,BCH,USDT,BCH,0.932053313,585.9505465827366,,,
2024-04-14 06:47:00+00:00,okx,699511000000000000,trades,trade,USDC,USDT,buy,999.55,-998.7999999999302,0.9992496623479868,0.44999999999999996,USDC,-937.6642879955344,0.42245587664999995,account=sub;biz_line=spot;legs=6;bill_types=buy;sell;trade_sides=taker;refer_id=699510000000000000;trade_day=2024-04-14;synth=808a82c524b25da0,2024-04-14,USDT,USDC,USDT,USDC,0.938790837,0.938790837,,,
2024-04-14 03:53:00+00:00,okx,699467000000000000,trades,trade,INJ,USDT,buy,499.7749999999999,-11816.000043,23.642639273673158,0.22500019999999998,INJ,-11092.752570360006,4.965224545129339,account=sub;biz_line=spot;legs=40;bill_types=buy;sell;trade_sides=maker;refer_id=699110000000000000;trade_day=2024-04-14;synth=892d96e1957c6b06,2024-04-14,USDT,INJ,USDT,INJ,0.938790837,22.067645029334816,,,
2024-04-13 09:50:00+00:00,okx,699195000000000000,trades,trade,FET,USDT,buy,1375.3847099999994,-2813.4480000000112,2.0455716713616896,0.6292958999999999,FET,-2641.2392027759865,1.2652624705015143,account=sub;biz_line=spot;legs=36;bill_types=buy;sell;trade_sides=maker;taker;refer_id=699190000000000000;trade_day=2024-04-13;synth=0c082c92267e2af9,2024-04-13,USDT,FET,USDT,FET,0.938790837,2.010600212875238,,,
2024-04-13 09:49:00+00:00,okx,699195000000000000,trades,trade,DCR,USDT,buy,48.198561,-975.4097999999867,20.237322022953897,0.0216991,DCR,-915.7057825599901,0.4323178020157453,account=sub;biz_line=spot;legs=22;bill_types=buy;sell;trade_sides=maker;refer_id=699190000000000000;trade_day=2024-04-13;synth=f46e7b5673f7ea05,2024-04-13,USDT,DCR,USDT,DCR,0.938790837,19.923305667780937,,,
2024-04-13 10:48:00+00:00,okx,699209000000000000,trades,trade,DCR,USDT,buy,21.27423300000001,-435.3236999999972,20.462486238634174,0.0095777,DCR,-408.67790068893424,0.19081944469430548,account=sub;biz_line=spot;legs=16;bill_types=buy;sell;trade_sides=maker;refer_id=699210000000000000;trade_day=2024-04-13;synth=f6dd4772f4cf3cf1,2024-04-13,USDT,DCR,USDT,DCR,0.938790837,19.923305667780937,,,
2024-04-06 02:51:00+00:00,okx,696553000000000000,trades,trade,TON,USDT,buy,14674.688309500001,-79350.57166730001,5.407308829580426,7.341015800000002,TON,-73194.88211456244,36.1833795976659,account=sub;biz_line=spot;legs=118;bill_types=buy;sell;trade_sides=taker;refer_id=696550000000000000;trade_day=2024-04-06;synth=02d76eae1756f4a2,2024-04-06,USDT,TON,USDT,TON,0.922424131,4.928933622192434,,,
2024-04-14 02:23:00+00:00,okx,699445000000000000,trades,trade,DCR,USDT,buy,20.741805999999997,-416.6234000000004,20.086168002921273,0.0093381,DCR,-391.1222303997862,0.16642270975435086,account=sub;biz_line=spot;legs=12;bill_types=buy;sell;trade_sides=maker;refer_id=699440000000000000;trade_day=2024-04-14;synth=56294292b3ef5b2c,2024-04-14,USDT,DCR,USDT,DCR,0.938790837,17.821902716221807,,,
2024-04-14 01:17:00+00:00,okx,699428000000000000,trades,trade,DCR,USDT,buy,1.3067529999999863,-26.47360000000117,20.25906961759525,0.0005883,DCR,-24.8531731024043,0.01048462536795329,account=sub;biz_line=spot;legs=2;bill_types=buy;sell;trade_sides=maker;refer_id=699430000000000000;trade_day=2024-04-14;synth=37080cbe8596e6ee,2024-04-14,USDT,DCR,USDT,DCR,0.938790837,17.821902716221807,,,
2024-04-24 02:38:00+00:00,okx,703072000000000000,trades,trade,BCH,USDT,buy,50.066375,-25349.999900000003,506.32784778206934,0.022539999999999998,BCH,-23722.627656019617,10.664893288977765,account=sub;biz_line=spot;legs=6;bill_types=buy;sell;trade_sides=maker;refer_id=703010000000000000;trade_day=2024-04-24;synth=6ec788eaf119bbe8,2024-04-24,USDT,BCH,USDT,BCH,0.935803856,473.1540944533171,,,
2024-04-10 23:04:00+00:00,okx,698307000000000000,trades,trade,BCH,USDT,buy,1.18032861,-722.6863000000012,612.2755085975602,0.0005314,BCH,-665.456998103813,0.3295679869198344,account=sub;biz_line=spot;legs=2;bill_types=buy;sell;trade_sides=maker;refer_id=698300000000000000;trade_day=2024-04-10;synth=15e2d1a3ac74539c,2024-04-10,USDT,BCH,USDT,BCH,0.920810313,620.188157545793,,,
2024-04-13 10:24:00+00:00,okx,699203000000000000,trades,trade,DCR,USDT,buy,18.269182,-371.03139999999985,20.309141372613173,0.0082249,DCR,-348.32087855928165,0.16386719678693143,account=sub;biz_line=spot;legs=8;bill_types=buy;sell;trade_sides=maker;refer_id=699200000000000000;trade_day=2024-04-13;synth=96cb491d876f9474,2024-04-13,USDT,DCR,USDT,DCR,0.938790837,19.923305667780937,,,
2024-04-14 02:05:00+00:00,okx,699440000000000000,trades,trade,DCR,USDT,buy,23.30484299999995,-466.1782999999996,20.003494552612974,0.010492000000000001,DCR,-437.6439164482367,0.18698740329859923,account=sub;biz_line=spot;legs=14;bill_types=buy;sell;trade_sides=maker;refer_id=699440000000000000;trade_day=2024-04-14;synth=3ba0f1cac3ebcf42,2024-04-14,USDT,DCR,USDT,DCR,0.938790837,17.821902716221807,,,
2024-04-24 22:26:00+00:00,okx,703371000000000000,trades,trade,PEPE,USDT,buy,399820000.0,-2942.0,7.3583112400580265e-06,180000.0001,PEPE,-2753.1349443520003,1.293613888506306,account=sub;biz_line=spot;legs=24;bill_types=buy;sell;trade_sides=maker;refer_id=703010000000000000;trade_day=2024-04-24;synth=f61d97da915e8851,2024-04-24,USDT,PEPE,USDT,PEPE,0.935803856,7.186743821042397e-06,,,
2024-04-11 00:21:00+00:00,okx,698327000000000000,trades,trade,BCH,USDT,buy,9.9955,-6080.0000039999995,608.273723575609,0.0045,BCH,-5666.884146768213,2.6367774596223144,account=sub;biz_line=spot;legs=14;bill_types=buy;sell;trade_sides=maker;refer_id=698300000000000000;trade_day=2024-04-11;synth=e1ac3a85b5465bc5,2024-04-11,USDT,BCH,USDT,BCH,0.932053313,585.9505465827366,,,
2024-04-08 16:53:00+00:00,okx,697489000000000000,trades,trade,BTC,USDT,sell,-0.5037984,36087.75246999999,71631.33600662486,14.4408773,USDT,33343.576149473585,13.342767530841321,account=sub;biz_line=spot;legs=6;bill_types=buy;sell;trade_sides=maker;refer_id=696980000000000000;trade_day=2024-04-08;synth=64c2583186adec37,2024-04-08,USDT,USDT,USDT,USDT,0.923958237,0.923958237,,,
2024-04-14 02:28:00+00:00,okx,699446000000000000,trades,trade,DCR,USDT,buy,3.474448000000052,-69.79830000000038,20.089032847807577,0.0015642,DCR,-65.52600447817746,0.02787702022871415,account=sub;biz_line=spot;legs=2;bill_types=buy;sell;trade_sides=maker;refer_id=699440000000000000;trade_day=2024-04-14;synth=dff5ed9643fffd18,2024-04-14,USDT,DCR,USDT,DCR,0.938790837,17.821902716221807,,,
2024-04-14 03:32:00+00:00,okx,699462000000000000,trades,trade,DCR,USDT,buy,5.783543000000009,-117.6322999999993,20.33914159538524,0.0026038,DCR,-110.43212537523445,0.04640467029249834,account=sub;biz_line=spot;legs=2;bill_types=buy;sell;trade_sides=maker;refer_id=699450000000000000;trade_day=2024-04-14;synth=07cd0b5ef3e19ad3,2024-04-14,USDT,DCR,USDT,DCR,0.938790837,17.821902716221807,,,
2024-04-14 01:50:00+00:00,okx,699436000000000000,trades,trade,DCR,USDT,buy,4.887209999999982,-98.03269999999975,20.059031635636718,0.0022002000000000002,DCR,-92.03220048636966,0.03921175035623122,account=sub;biz_line=spot;legs=4;bill_types=buy;sell;trade_sides=maker;refer_id=699440000000000000;trade_day=2024-04-14;synth=d6388964ed10f87c,2024-04-14,USDT,DCR,USDT,DCR,0.938790837,17.821902716221807,,,
2024-04-13 09:48:00+00:00,okx,699194000000000000,trades,trade,DCR,USDT,buy,4.4611553000000015,-90.37910000000556,20.259124357317383,0.0020084,DCR,-84.84707093631192,0.04001396710317123,account=sub;biz_line=spot;legs=2;bill_types=buy;sell;trade_sides=maker;refer_id=699190000000000000;trade_day=2024-04-13;synth=563205c09d82a0e0,2024-04-13,USDT,DCR,USDT,DCR,0.938790837,19.923305667780937,,,
2024-04-11 00:23:00+00:00,okx,698327000000000000,trades,trade,BCH,USDT,buy,0.24987500000000296,-152.45,610.1050525262559,0.000125,BCH,-142.09152756685,0.07324381832284207,account=sub;biz_line=spot;legs=2;bill_types=buy;sell;trade_sides=taker;refer_id=698330000000000000;trade_day=2024-04-11;synth=156e46377aabc974,2024-04-11,USDT,BCH,USDT,BCH,0.932053313,585.9505465827366,,,
2024-04-14 01:11:00+00:00,okx,699427000000000000,trades,trade,DCR,USDT,buy,5.667387000000019,-115.66760000000068,20.409335025118327,0.0025515,DCR,-108.58768301778183,0.04547258478043994,account=sub;biz_line=spot;legs=4;bill_types=buy;sell;trade_sides=maker;refer_id=699420000000000000;trade_day=2024-04-14;synth=7fb958dddf34a7ab,2024-04-14,USDT,DCR,USDT,DCR,0.938790837,17.821902716221807,,,
2024-04-23 04:06:00+00:00,okx,702732000000000000,trades,trade,BTC,USDT,sell,-0.15140771,10064.08181,66470.07480662642,4.5308757,USDT,9428.59454255016,4.244777686082139,account=sub;biz_line=spot;legs=2;bill_types=buy;sell;trade_sides=maker;refer_id=702730000000000000;trade_day=2024-04-23;synth=8924620244b20222,2024-04-23,USDT,USDT,USDT,USDT,0.936855912,0.936855912,,,
2024-04-13 01:57:00+00:00,okx,699076000000000000,trades,trade,ETH,USDT,buy,0.09013542,-299.99932031,3328.3177724139964,4.06e-05,ETH,-281.63661301325595,0.123701956446872,account=sub;biz_line=spot;legs=2;bill_types=buy;sell;trade_sides=taker;refer_id=699080000000000000;trade_day=2024-04-13;synth=de4ec0e848947bec,2024-04-13,USDT,ETH,USDT,ETH,0.938790837,3046.8462179032513,,,
2024-04-06 02:47:00+00:00,okx,696552000000000000,trades,trade,TON,USDT,buy,27.1199905,-146.24259999999776,5.39242814262777,0.012209500000000002,TON,-134.89770322017853,0.060179815060158535,account=sub;biz_line=spot;legs=4;bill_types=buy;sell;trade_sides=maker;refer_id=696550000000000000;trade_day=2024-04-06;synth=b4ee02ba021967b4,2024-04-06,USDT,TON,USDT,TON,0.922424131,4.928933622192434,,,
2024-03-14 23:41:00+00:00,okx,688532000000000000,trades,trade,AVAX,USDT,buy,62.0848711,-3285.6039199999996,52.92116842294611,0.024843999999999998,AVAX,-3007.417776465487,1.2365317875913746,account=sub;biz_line=spot;legs=12;bill_types=buy;sell;trade_sides=maker;refer_id=688530000000000000;trade_day=2024-03-14;synth=4377f3524116d8d8,2024-03-14,USDT,AVAX,USDT,AVAX,0.915331808,49.77184783414002,,,
2024-03-26 05:50:00+00:00,okx,692611000000000000,trades,trade,CFX,USDT,buy,59532.8967,-30025.882835319997,0.5043578340665557,26.8018649,CFX,-27660.87777966399,12.644997947473364,account=sub;biz_line=spot;legs=34;bill_types=buy;sell;trade_sides=taker;refer_id=692610000000000000;trade_day=2024-03-26;synth=b54334ca2e3538e7,2024-03-26,USDT,CFX,USDT,CFX,0.921234454,0.4717954513483636,,,
2024-03-15 00:31:00+00:00,okx,688545000000000000,trades,trade,BONK,USDT,buy,147033805.0,-4884.141600000001,3.3217814093840535e-05,66195.00089999998,BONK,-4484.15497507639,2.082604865784423,account=sub;biz_line=spot;legs=44;bill_types=buy;sell;trade_sides=taker;refer_id=688540000000000000;trade_day=2024-03-15;synth=0fa3d769c0af6823,2024-03-15,USDT,BONK,USDT,BONK,0.918105031,3.146166383365702e-05,,,
2024-03-16 06:22:00+00:00,okx,688996000000000000,trades,trade,SUI,USDT,buy,4697.885,-6925.261420000001,1.4741232320501674,2.1150001999999994,SUI,-6358.117350692204,2.8894411639276387,account=sub;biz_line=spot;legs=46;bill_types=buy;sell;trade_sides=taker;refer_id=689000000000000000;trade_day=2024-03-16;synth=300db31aed4ce56d,2024-03-16,USDT,SUI,USDT,SUI,0.918105031,1.3661659057657014,,,
2024-03-15 00:30:00+00:00,okx,688545000000000000,trades,trade,PEPE,USDT,buy,518466585.0,-4917.245099999998,9.484208321737838e-06,233415.0,PEPE,-4514.547464970096,2.148403332460292,account=sub;biz_line=spot;legs=14;bill_types=buy;sell;trade_sides=taker;refer_id=688540000000000000;trade_day=2024-03-15;synth=750d2b221f208372,2024-03-15,USDT,PEPE,USDT,PEPE,0.918105031,9.20422137591968e-06,,,
2024-03-16 06:21:00+00:00,okx,688995000000000000,trades,trade,SUI,USDT,buy,1019.5409999999999,-1504.4234499999984,1.4755889660150974,0.4590001,SUI,-1381.2187381993754,0.6270702873630476,account=sub;biz_line=spot;legs=18;bill_types=buy;sell;trade_sides=taker;refer_id=689000000000000000;trade_day=2024-03-16;synth=5c2f906a6f44576c,2024-03-16,USDT,SUI,USDT,SUI,0.918105031,1.3661659057657014,,,
2024-03-15 00:35:00+00:00,okx,688546000000000000,trades,trade,SHIB,USDT,buy,156935663.0,-5024.0000039999995,3.201311867526248e-05,64337.24645,SHIB,-4612.559679416419,1.9065516380636547,account=sub;biz_line=spot;legs=10;bill_types=buy;sell;trade_sides=maker;taker;refer_id=688550000000000000;trade_day=2024-03-15;synth=4f594e8a4e602503,2024-03-15,USDT,SHIB,USDT,SHIB,0.918105031,2.963371520018875e-05,,,
2024-03-15 22:28:00+00:00,okx,688876000000000000,trades,trade,BTC,USDT,buy,0.50477275,-34432.818999999996,68214.49652343553,0.00022728,BTC,-31612.944355412383,14.902997451355274,account=sub;biz_line=spot;legs=12;bill_types=buy;sell;trade_sides=taker;refer_id=688880000000000000;trade_day=2024-03-15;synth=09f452a20fdddf8c,2024-03-15,USDT,BTC,USDT,BTC,0.918105031,65571.09051106685,,,
2024-03-14 23:51:00+00:00,okx,688535000000000000,trades,trade,AVAX,USDT,buy,135.5005269,-7252.179075,53.5214086684116,0.054221899999999996,AVAX,-6638.150184659517,2.6987241560779567,account=sub;biz_line=spot;legs=8;bill_types=buy;sell;trade_sides=maker;refer_id=688530000000000000;trade_day=2024-03-14;synth=e6dff0ad1f00b2bd,2024-03-14,USDT,AVAX,USDT,AVAX,0.915331808,49.77184783414002,,,
2024-03-14 23:56:00+00:00,okx,688536000000000000,trades,trade,AVAX,USDT,buy,2.3224989999999934,-123.81004203999998,53.30897539245456,0.0010456,AVAX,-113.3272696290292,0.0520414440953768,account=sub;biz_line=spot;legs=2;bill_types=buy;sell;trade_sides=taker;refer_id=688540000000000000;trade_day=2024-03-14;synth=4af93514bf83fe65,2024-03-14,USDT,AVAX,USDT,AVAX,0.915331808,49.77184783414002,,,
2024-03-25 22:31:00+00:00,okx,692501000000000000,trades,trade,BTC,USDT,buy,0.01320226,-909.9995999999992,68927.56240219472,5.28e-06,BTC,-839.870419856026,0.32801291335670335,account=sub;biz_line=spot;legs=2;bill_types=buy;sell;trade_sides=maker;refer_id=692500000000000000;trade_day=2024-03-25;synth=46d32f85cad7e049,2024-03-25,USDT,BTC,USDT,BTC,0.922934933,62123.65783270897,,,
2024-03-16 06:18:00+00:00,okx,688995000000000000,trades,trade,SUI,USDT,buy,1069.5185,-1578.9390000000003,1.4763082639524239,0.4815002,SUI,-1449.6318395421092,0.6578091568593664,account=sub;biz_line=spot;legs=26;bill_types=buy;sell;trade_sides=taker;refer_id=688990000000000000;trade_day=2024-03-16;synth=2ca14607de618605,2024-03-16,USDT,SUI,USDT,SUI,0.918105031,1.3661659057657014,,,
2024-03-15 00:34:00+00:00,okx,688546000000000000,trades,trade,DOGE,USDT,buy,28986.95,-4996.869369999999,0.17238341288062384,13.05,DOGE,-4587.6509078468,2.125083064408647,account=sub;biz_line=spot;legs=36;bill_types=buy;sell;trade_sides=taker;refer_id=688550000000000000;trade_day=2024-03-15;synth=94461968a2d1e4dc,2024-03-15,USDT,DOGE,USDT,DOGE,0.918105031,0.1628416141309308,,,
2024-03-25 19:29:00+00:00,okx,692455000000000000,trades,trade,CFX,USDT,buy,19991.0,-10056.0635,0.5030295382922315,9.0,CFX,-9281.092292616246,4.3164113127116215,account=sub;biz_line=spot;legs=6;bill_types=buy;sell;trade_sides=taker;refer_id=692460000000000000;trade_day=2024-03-25;synth=fd14f0e4ed6c1d1f,2024-03-25,USDT,CFX,USDT,CFX,0.922934933,0.4796012569679579,,,
2024-03-15 23:59:00+00:00,okx,688899000000000000,trades,trade,USDC,USDT,sell,-448.0,447.88796,0.9997499107142858,0.2016403,USDT,411.2081894003268,0.18512697388234928,account=sub;biz_line=spot;legs=2;bill_types=buy;sell;trade_sides=taker;refer_id=688900000000000000;trade_day=2024-03-15;synth=76685c94cc49e9f4,2024-03-15,USDT,USDT,USDT,USDT,0.918105031,0.918105031,,,
2024-05-28 21:23:00+00:00,okx,715677000000000000,trades,trade,BCH,USDT,buy,0.021279399999997395,-9.99989999999525,469.93336278261955,1.0645e-05,BCH,-9.189395335123335,0.004785081431601814,account=sub;biz_line=spot;legs=4;bill_types=buy;sell;trade_sides=taker;refer_id=1489800000000000000;trade_day=2024-05-28;synth=70be4752b4f37ed7,2024-05-28,USDT,BCH,USDT,BCH,0.918948723,449.5144604604804,,,
2024-05-14 00:01:00+00:00,okx,710281000000000000,trades,trade,BTC,USDT,sell,-0.105,6617.34917,63022.373047619054,3.3103297,USDT,6129.445325555889,3.0662557444756735,account=sub;biz_line=spot;legs=4;bill_types=buy;sell;trade_sides=taker;refer_id=1446700000000000000;trade_day=2024-05-14;synth=4a491614f5779965,2024-05-14,USDT,USDT,USDT,USDT,0.926268989,0.926268989,,,
2024-05-02 07:32:00+00:00,okx,706045000000000000,trades,trade,DCR,USDT,sell,-8.060689999999965,156.14589999999953,19.371282111084806,0.0702973,USDT,145.95802959194356,0.065710693611768,account=sub;biz_line=spot;legs=2;bill_types=buy;sell;trade_sides=maker;refer_id=1412800000000000000;trade_day=2024-05-02;synth=2764bfca862e73ab,2024-05-02,USDT,USDT,USDT,USDT,0.93475416,0.93475416,,,
2024-05-06 20:41:00+00:00,okx,707694000000000000,trades,trade,ETH,USDT,buy,2.0870723000000027,-6518.311364,3123.184263429682,0.00094194,ETH,-6048.9155212896185,2.7417089460565855,account=sub;biz_line=spot;legs=8;bill_types=buy;sell;trade_sides=maker;taker;refer_id=1426000000000000000;trade_day=2024-05-06;synth=4271ce3f005bae9e,2024-05-06,USDT,ETH,USDT,ETH,0.927988122,2910.7044462031395,,,
2024-05-02 07:14:00+00:00,okx,706041000000000000,trades,trade,DCR,USDT,sell,-6.599999999999966,127.85040000000117,19.371272727273006,0.0575586,USDT,119.5086932576651,0.053803140793776,account=sub;biz_line=spot;legs=2;bill_types=buy;sell;trade_sides=maker;refer_id=1412700000000000000;trade_day=2024-05-02;synth=eb9be774a1a2a6f1,2024-05-02,USDT,USDT,USDT,USDT,0.93475416,0.93475416,,,
2024-04-18 23:29:00+00:00,okx,701213000000000000,trades,trade,PEPE,USDT,buy,486697610.0,-2484.73603,5.105297373455358e-06,219112.5299,PEPE,-2326.749724913766,1.0105559703414824,account=sub;biz_line=spot;legs=4;bill_types=buy;sell;trade_sides=maker;refer_id=701210000000000000;trade_day=2024-04-18;synth=42e309f5947cf19b,2024-04-18,USDT,PEPE,USDT,PEPE,0.936417268,4.612040994655516e-06,,,
2024-04-13 09:51:00+00:00,okx,699195000000000000,trades,trade,DCR,USDT,buy,12.185678999999993,-246.6273000000001,20.239110188279227,0.0054859999999999996,DCR,-231.53144939405018,0.10929925489344622,account=sub;biz_line=spot;legs=8;bill_types=buy;sell;trade_sides=maker;refer_id=699200000000000000;trade_day=2024-04-13;synth=742735c8368b4baf,2024-04-13,USDT,DCR,USDT,DCR,0.938790837,19.923305667780937,,,
2024-04-13 09:33:00+00:00,okx,699191000000000000,trades,trade,FET,USDT,buy,67.4376394,-139.0850000000064,2.062423911000752,0.0303606,FET,-130.571723564151,0.06104302882301996,account=sub;biz_line=spot;legs=2;bill_types=buy;sell;trade_sides=maker;refer_id=699190000000000000;trade_day=2024-04-13;synth=64fb6030d5ddbce2,2024-04-13,USDT,FET,USDT,FET,0.938790837,2.010600212875238,,,
2024-04-15 01:51:00+00:00,okx,699799000000000000,trades,trade,USDC,USDT,buy,7510.37569,-7510.0,0.9999499772028049,3.3811906,USDC,-7047.67266938,3.173039225244283,account=sub;biz_line=spot;legs=2;bill_types=buy;sell;trade_sides=taker;refer_id=699800000000000000;trade_day=2024-04-15;synth=a46a0615b9c85a21,2024-04-15,USDT,USDC,USDT,USDC,0.938438438,0.938438438,,,
2024-04-12 22:57:00+00:00,okx,699030000000000000,trades,trade,ETH,USDT,buy,2.17572149,-7499.99743157,3447.131200404699,0.0009795,ETH,-7040.928866281451,3.2262980076614096,account=sub;biz_line=spot;legs=6;bill_types=buy;sell;trade_sides=taker;refer_id=699030000000000000;trade_day=2024-04-12;synth=677232f3c6342acf,2024-04-12,USDT,ETH,USDT,ETH,0.938790837,3293.8213452388054,,,
2024-04-18 00:54:00+00:00,okx,700872000000000000,trades,trade,USDC,USDT,buy,2508.745,-2510.0,1.0005002501250626,1.255,USDC,-2350.40734268,1.17520367134,account=sub;biz_line=spot;legs=2;bill_types=buy;sell;trade_sides=taker;refer_id=700870000000000000;trade_day=2024-04-18;synth=94b44a6a7d080cea,2024-04-18,USDT,USDC,USDT,USDC,0.936417268,0.936417268,,,
2024-04-14 03:35:00+00:00,okx,699463000000000000,trades,trade,DCR,USDT,buy,10.230661999999995,-206.95709999999963,20.229101499003654,0.0046059,DCR,-194.28942913209235,0.08208590172064602,account=sub;biz_line=spot;legs=2;bill_types=buy;sell;trade_sides=maker;refer_id=699460000000000000;trade_day=2024-04-14;synth=ecd9d5987cea7835,2024-04-14,USDT,DCR,USDT,DCR,0.938790837,17.821902716221807,,,
2024-04-03 23:17:00+00:00,okx,695774000000000000,trades,trade,ETH,USDT,buy,6.99271679,-23399.997675,3346.3385373283504,0.002798232,ETH,-21700.823223828247,8.49850073953194,account=sub;biz_line=spot;legs=4;bill_types=buy;sell;trade_sides=maker;refer_id=695770000000000000;trade_day=2024-04-03;synth=acee70c44fb21b55,2024-04-03,USDT,ETH,USDT,ETH,0.9273857,3037.0965450798717,,,
2024-03-19 23:08:00+00:00,okx,690336000000000000,trades,trade,SHIB,USDT,sell,-100000.0,2.54815282,2.54815282e-05,0.0011472,USDT,2.347662446311858,0.0010569375342287999,account=sub;biz_line=spot;legs=2;bill_types=buy;sell;trade_sides=taker;refer_id=690340000000000000;trade_day=2024-03-19;synth=9d3476708ba344f1,2024-03-19,USDT,USDT,USDT,USDT,0.921319329,0.921319329,,,
2024-04-18 23:26:00+00:00,okx,701212000000000000,trades,trade,PEPE,USDT,buy,492677267.0,-2515.26396,5.105297379186769e-06,221804.58,PEPE,-2355.3366057220614,1.0229718157623489,account=sub;biz_line=spot;legs=2;bill_types=buy;sell;trade_sides=maker;refer_id=701210000000000000;trade_day=2024-04-18;synth=05ad246378fcd7c9,2024-04-18,USDT,PEPE,USDT,PEPE,0.936417268,4.612040994655516e-06,,,
2024-04-24 23:15:00+00:00,okx,703384000000000000,trades,trade,PEPE,USDT,buy,495132281.0,-3625.99999962,7.323295488423224e-06,222909.84,PEPE,-3393.224781500395,1.6019959152695493,account=sub;biz_line=spot;legs=2;bill_types=buy;sell;trade_sides=maker;refer_id=703010000000000000;trade_day=2024-04-24;synth=9b33e70472d5170a,2024-04-24,USDT,PEPE,USDT,PEPE,0.935803856,7.186743821042397e-06,,,
2024-04-04 00:23:00+00:00,okx,695791000000000000,trades,trade,ETH,USDT,buy,0.51559568,-1729.9999129999999,3355.3421413461024,0.0002063,ETH,-1594.176107810446,0.630512065270865,account=sub;biz_line=spot;legs=2;bill_types=buy;sell;trade_sides=maker;refer_id=695790000000000000;trade_day=2024-04-04;synth=75c90f992a3cfc4b,2024-04-04,USDT,ETH,USDT,ETH,0.921489126,3056.287277124891,,,
2024-04-14 01:11:00+00:00,okx,699427000000000000,trades,trade,DCR,USDT,buy,6.048417000000001,-123.4494999999988,20.410216425223126,0.0030257,DCR,-115.89325943223038,0.053923731048472326,account=sub;biz_line=spot;legs=2;bill_types=buy;sell;trade_sides=taker;refer_id=699430000000000000;trade_day=2024-04-14;synth=f712c57df681723a,2024-04-14,USDT,DCR,USDT,DCR,0.938790837,17.821902716221807,,,
2024-04-04 00:15:00+00:00,okx,695789000000000000,trades,trade,ETH,USDT,buy,4.79628672,-16049.999045,3346.3385285273353,0.0019193,ETH,-14789.899592277885,5.865932170985803,account=sub;biz_line=spot;legs=2;bill_types=buy;sell;trade_sides=maker;refer_id=695790000000000000;trade_day=2024-04-04;synth=57b7d0cf9ca2be16,2024-04-04,USDT,ETH,USDT,ETH,0.921489126,3056.287277124891,,,
2024-05-28 19:15:00+00:00,okx,715644000000000000,trades,trade,ETH,USDT,sell,-1.0,3905.24185,3905.24185,1.75815,USDT,3588.7170110636575,1.6156496973424501,account=sub;biz_line=spot;legs=2;bill_types=buy;sell;trade_sides=maker;refer_id=1489600000000000000;trade_day=2024-05-28;synth=d1589de3e626f0a0,2024-05-28,USDT,USDT,USDT,USDT,0.918948723,0.918948723,,,
2024-04-14 01:10:00+00:00,okx,699426000000000000,trades,trade,DCR,USDT,buy,1.6992349999999874,-34.73099999999977,20.439197638937536,0.000765,DCR,-32.60514455984678,0.013633755577909681,account=sub;biz_line=spot;legs=2;bill_types=buy;sell;trade_sides=maker;refer_id=699420000000000000;trade_day=2024-04-14;synth=c2a239401cc36de2,2024-04-14,USDT,DCR,USDT,DCR,0.938790837,17.821902716221807,,,
2024-10-31 13:59:00+00:00,okx,242997504,ledger,withdrawal,USDC,,,-99971.373,,,0.0,,-91868.56555490669,,account=main;type=withdrawal;before=99971.3728;after=0.0;ref=242997504,2024-10-31,,,,,,,USDC,USDC,0.918948723
2024-10-31 13:59:00+00:00,okx,982186768,ledger,internal_transfer,USDC,,,99971.3728,,,0.0,,91868.56537111693,,account=main;type=transfer_in_from_trading_account;before=0.0;after=99971.37284;ref=982186768,2024-10-31,,,,,,,USDC,USDC,0.918948723
2024-10-31 13:54:00+00:00,okx,242996354,ledger,withdrawal,USDC,,,-15.0,,,0.0,,-13.784230845,,account=main;type=withdrawal;before=15.0;after=0.0;ref=242996354,2024-10-31,,,,,,,USDC,USDC,0.918948723
2024-10-31 13:54:00+00:00,okx,982184375,ledger,internal_transfer,USDC,,,15.0,,,0.0,,13.784230845,,account=main;type=transfer_in_from_trading_account;before=0.0;after=15.0;ref=982184375,2024-10-31,,,,,,,USDC,USDC,0.918948723
2024-10-31 13:37:00+00:00,okx,242992861,ledger,withdrawal,USDC,,,-5.0,,,0.0,,-4.594743615,,account=main;type=withdrawal;before=5.0;after=0.0;ref=242992861,2024-10-31,,,,,,,USDC,USDC,0.918948723
2024-10-31 13:37:00+00:00,okx,982177162,ledger,internal_transfer,USDC,,,5.0,,,0.0,,4.594743615,,account=main;type=transfer_in_from_trading_account;before=0.0;after=5.0;ref=982177162,2024-10-31,,,,,,,USDC,USDC,0.918948723
2024-10-31 13:21:00+00:00,okx,242989356,ledger,withdrawal,BNB,,,-0.0168958,,,0.0,,-9.250036432302103,,account=main;type=withdrawal;before=0.01689578;after=0.0;ref=242989356,2024-10-31,,,,,,,BNB,BNB,547.4754928622559
2024-10-31 13:20:00+00:00,okx,982169680,ledger,internal_transfer,BNB,,,0.01689578,,,0.0,,9.250025482792246,,account=main;type=transfer_in_from_trading_account;before=0.0;after=0.01689578;ref=982169680,2024-10-31,,,,,,,BNB,BNB,547.4754928622559
2024-10-31 13:13:00+00:00,okx,246122715,ledger,deposit,USDT,,,3368.01423,,,0.0,,3095.0323757043284,,account=main;type=deposit;before=0.0;after=3368.01423;ref=246122715,2024-10-31,,,,,,,USDT,USDT,0.918948723
2024-10-31 13:13:00+00:00,okx,982166277,ledger,internal_transfer,USDT,,,-3368.0142,,,0.0,,-3095.0323481358664,,account=main;type=transfer_out_trading_account;before=3368.01423;after=0.0;ref=982166277,2024-10-31,,,,,,,USDT,USDT,0.918948723
2024-10-25 04:39:00+00:00,okx,241297888,ledger,withdrawal,USDT,,,-50.0,,,0.0,,-46.189376450000005,,account=main;type=withdrawal;before=50.0;after=0.0;ref=241297888,2024-10-25,,,,,,,USDT,USDT,0.923787529
2024-10-25 04:39:00+00:00,okx,977076699,ledger,internal_transfer,USDT,,,50.0,,,0.0,,46.189376450000005,,account=main;type=transfer_in_from_trading_account;before=0.0;after=50.0;ref=977076699,2024-10-25,,,,,,,USDT,USDT,0.923787529
2024-09-18 02:16:00+00:00,okx,944674471,ledger,internal_transfer,USDT,,,-96900.0,,,0.0,,-87108.95364899999,,account=main;type=transfer_out_trading_account;before=96900.0;after=0.0;ref=944674471,2024-09-18,,,,,,,USDT,USDT,0.89895721
2024-09-18 02:16:00+00:00,okx,235497832,ledger,deposit,USDT,,,96900.0,,,0.0,,87108.95364899999,,account=main;type=deposit;before=0.0;after=96900.0;ref=235497832,2024-09-18,,,,,,,USDT,USDT,0.89895721
2024-09-18 02:11:00+00:00,okx,235497293,ledger,deposit,USDT,,,3.5,,,0.0,,3.146350235,,account=main;type=deposit;before=0.0;after=3.5;ref=235497293,2024-09-18,,,,,,,USDT,USDT,0.89895721
2024-09-18 02:11:00+00:00,okx,944671117,ledger,internal_transfer,USDT,,,-3.5,,,0.0,,-3.146350235,,account=main;type=transfer_out_trading_account;before=3.5;after=0.0;ref=944671117,2024-09-18,,,,,,,USDT,USDT,0.89895721
2024-09-17 20:32:00+00:00,okx,944433204,ledger,internal_transfer,DYDX,,,-5.8e-07,,,0.0,,-4.502567877840924e-07,,account=main;type=transfer_out_trading_account;before=5.8e-07;after=0.0;ref=944433204,2024-09-17,,,,,,,DYDX,DYDX,0.7763048065242973
2024-09-17 20:32:00+00:00,okx,944433195,ledger,internal_transfer,BCH,,,-0.0971802,,,0.0,,-27.210667862269766,,account=main;type=transfer_out_trading_account;before=0.09718015;after=0.0;ref=944433195,2024-09-17,,,,,,,BCH,BCH,280.002180097075
2024-09-17 20:32:00+00:00,okx,944433203,ledger,internal_transfer,CFX,,,-5.1e-09,,,0.0,,-6.102495846347669e-10,,account=main;type=transfer_out_trading_account;before=5.1e-09;after=0.0;ref=944433203,2024-09-17,,,,,,,CFX,CFX,0.1196567813009347
2024-09-17 20:32:00+00:00,okx,944433202,ledger,internal_transfer,GRT,,,-1.2e-09,,,0.0,,-1.4932291368811729e-10,,account=main;type=transfer_out_trading_account;before=1.2e-09;after=0.0;ref=944433202,2024-09-17,,,,,,,GRT,GRT,0.1244357614067644
2024-09-17 20:32:00+00:00,okx,944433196,ledger,internal_transfer,FTM,,,-9.4e-09,,,0.0,,-4.397323306919755e-09,,account=main;type=transfer_out_trading_account;before=9.4e-09;after=0.0;ref=944433196,2024-09-17,,,,,,,FTM,FTM,0.4678003517999739
2024-09-17 20:32:00+00:00,okx,944433201,ledger,internal_transfer,STX,,,-8.08e-07,,,0.0,,-1.0804036359328698e-06,,account=main;type=transfer_out_trading_account;before=8.08e-07;after=0.0;ref=944433201,2024-09-17,,,,,,,STX,STX,1.3371332127882052
2024-09-17 20:32:00+00:00,okx,944433198,ledger,internal_transfer,XTZ,,,-5.05e-07,,,0.0,,-2.84760560888834e-07,,account=main;type=transfer_out_trading_account;before=5.05e-07;after=0.0;ref=944433198,2024-09-17,,,,,,,XTZ,XTZ,0.5638822987897703
2024-09-17 20:32:00+00:00,okx,944433200,ledger,internal_transfer,AVAX,,,-6e-10,,,0.0,,-1.2646756317418689e-08,,account=main;type=transfer_out_trading_account;before=6e-10;after=0.0;ref=944433200,2024-09-17,,,,,,,AVAX,AVAX,21.077927195697814
2024-09-17 20:32:00+00:00,okx,944433199,ledger,internal_transfer,DOGE,,,-9.5e-09,,,0.0,,-8.50278045138517e-10,,account=main;type=transfer_out_trading_account;before=9.5e-09;after=0.0;ref=944433199,2024-09-17,,,,,,,DOGE,DOGE,0.0895029521198439
2024-09-17 20:32:00+00:00,okx,944433207,ledger,internal_transfer,INJ,,,-5e-09,,,0.0,,-8.111174547859122e-08,,account=main;type=transfer_out_trading_account;before=5e-09;after=0.0;ref=944433207,2024-09-17,,,,,,,INJ,INJ,16.222349095718243
2024-09-17 20:32:00+00:00,okx,944433205,ledger,internal_transfer,TIA,,,-4.8e-07,,,0.0,,-1.956765677674266e-06,,account=main;type=transfer_out_trading_account;before=4.8e-07;after=0.0;ref=944433205,2024-09-17,,,,,,,TIA,TIA,4.0765951618213885
2024-09-17 20:32:00+00:00,okx,944433194,ledger,internal_transfer,USDC,,,-4.9e-09,,,0.0,,-4.3989586144000004e-09,,account=main;type=transfer_out_trading_account;before=4.9e-09;after=0.0;ref=944433194,2024-09-17,,,,,,,USDC,USDC,0.897746656
2024-09-17 20:32:00+00:00,okx,944433190,ledger,internal_transfer,USDT,,,-7.16e-09,,,0.0,,-6.42786605696e-09,,account=main;type=transfer_out_trading_account;before=7.16e-09;after=0.0;ref=944433190,2024-09-17,,,,,,,USDT,USDT,0.897746656
2024-09-17 20:32:00+00:00,okx,944433189,ledger,internal_transfer,ETH,,,-7e-10,,,0.0,,-1.442314738529562e-06,,account=main;type=transfer_out_trading_account;before=7e-10;after=0.0;ref=944433189,2024-09-17,,,,,,,ETH,ETH,2060.449626470803
2024-09-17 20:32:00+00:00,okx,944433192,ledger,internal_transfer,TRX,,,-0.0023928,,,0.0,,-0.0003194301336058719,,account=main;type=transfer_out_trading_account;before=0.00239283;after=0.0;ref=944433192,2024-09-17,,,,,,,TRX,TRX,0.1334963781368572
2024-09-17 20:32:00+00:00,okx,944433188,ledger,internal_transfer,BTC,,,-5.02e-09,,,0.0,,-0.0002623393829389136,,account=main;type=transfer_out_trading_account;before=5.02e-09;after=0.0;ref=944433188,2024-09-17,,,,,,,BTC,BTC,52258.841222891155
2024-09-14 01:21:00+00:00,okx,941953360,ledger,internal_transfer,FRONT,,,6.6e-09,,,0.0,,3.5370092434458267e-09,,account=main;type=transfer_in_from_trading_account;before=0.0;after=6.6e-09;ref=941953360,2024-09-14,,,,,,,FRONT,FRONT,0.5359104914311859
2024-09-08 02:21:00+00:00,okx,937818931,ledger,internal_transfer,MATIC,,,1.35e-09,,,0.0,,4.4870335675592527e-10,,account=main;type=transfer_in_from_trading_account;before=2.55e-09;after=3.9e-09;ref=937818931,2024-09-08,,,,,,,MATIC,MATIC,0.3323728568562409
2024-07-03 22:01:00+00:00,okx,211928378,ledger,withdrawal,BTC,,,-0.8000002,,,0.0,,-46136.88831256837,,account=main;type=withdrawal;before=0.80000021;after=5.02e-09;ref=211928378,2024-07-03,,,,,,,BTC,BTC,57671.09597293647
2024-07-03 21:49:00+00:00,okx,215696255,ledger,deposit,BTC,,,0.8,,,0.0,,46136.87677834918,,account=main;type=deposit;before=2.05e-07;after=0.80000021;ref=215696255,2024-07-03,,,,,,,BTC,BTC,57671.09597293647
2024-06-20 16:41:00+00:00,okx,207854717,ledger,withdrawal,ZETA,,,-1026.475,,,0.0,,-801.7076754529407,,account=main;type=withdrawal;before=1026.47501;after=0.0;ref=207854717,2024-06-20,,,,,,,ZETA,ZETA,0.7810299086221689
2024-06-20 16:27:00+00:00,okx,207850268,ledger,withdrawal,ZETA,,,-5.0,,,0.0,,-3.9051495431108445,,account=main;type=withdrawal;before=1031.47501;after=1026.47501;ref=207850268,2024-06-20,,,,,,,ZETA,ZETA,0.7810299086221689
2024-06-20 16:24:00+00:00,okx,207849399,ledger,withdrawal,STX,,,-962.32718,,,0.0,,-1465.4826141138733,,account=main;type=withdrawal;before=962.327184;after=8.08e-07;ref=207849399,2024-06-20,,,,,,,STX,STX,1.5228527724987184
2024-06-20 16:22:00+00:00,okx,207848887,ledger,withdrawal,FTM,,,-4121.5158,,,0.0,,-2067.2965166880854,,account=main;type=withdrawal;before=4121.51575;after=9.4e-09;ref=207848887,2024-06-20,,,,,,,FTM,FTM,0.501586459207092
2024-06-20 16:21:00+00:00,okx,207848486,ledger,withdrawal,DOGE,,,-18058.968,,,0.0,,-2058.9395514196553,,account=main;type=withdrawal;before=18058.9681;after=9.5e-09;ref=207848486,2024-06-20,,,,,,,DOGE,DOGE,0.1140120272332093
2024-06-20 16:19:00+00:00,okx,207847969,ledger,withdrawal,FET,,,-3655.4933,,,0.0,,-5082.19925845507,,account=main;type=withdrawal;before=3655.49334;after=0.0;ref=207847969,2024-06-20,,,,,,,FET,FET,1.3902909515536712
2024-06-20 16:17:00+00:00,okx,207847226,ledger,withdrawal,PYTH,,,-12513.062,,,0.0,,-3634.7950518987427,,account=main;type=withdrawal;before=12513.0623;after=0.0;ref=207847226,2024-06-20,,,,,,,PYTH,PYTH,0.2904800641041132
2024-06-20 16:16:00+00:00,okx,207846859,ledger,withdrawal,INJ,,,-143.71286,,,0.0,,-2833.6672118484,,account=main;type=withdrawal;before=143.712856;after=5e-09;ref=207846859,2024-06-20,,,,,,,INJ,INJ,19.717561892849393
2024-06-20 16:12:00+00:00,okx,207845710,ledger,withdrawal,AVAX,,,-249.98614,,,0.0,,-6287.34164425023,,account=main;type=withdrawal;before=249.986142;after=6e-10;ref=207845710,2024-06-20,,,,,,,AVAX,AVAX,25.15076093518717
2024-06-20 16:11:00+00:00,okx,207845379,ledger,withdrawal,INJ,,,-0.15,,,0.0,,-2.957634283927409,,account=main;type=withdrawal;before=143.862856;after=143.712856;ref=207845379,2024-06-20,,,,,,,INJ,INJ,19.717561892849393
2024-06-20 16:09:00+00:00,okx,207844791,ledger,withdrawal,PYTH,,,-12.0,,,0.0,,-3.4857607692493584,,account=main;type=withdrawal;before=12525.0623;after=12513.0623;ref=207844791,2024-06-20,,,,,,,PYTH,PYTH,0.2904800641041132
2024-06-20 16:06:00+00:00,okx,207843972,ledger,withdrawal,PEPE,,,-420000000.0,,,0.0,,-4451.200409881556,,account=main;type=withdrawal;before=420000000.0;after=0.0;ref=207843972,2024-06-20,,,,,,,PEPE,PEPE,1.0598096214003704e-05
2024-06-20 16:01:00+00:00,okx,207842510,ledger,withdrawal,AVAX,,,-0.2,,,0.0,,-5.030152187037434,,account=main;type=withdrawal;before=250.186142;after=249.986142;ref=207842510,2024-06-20,,,,,,,AVAX,AVAX,25.15076093518717
2024-06-20 15:57:00+00:00,okx,100907198,ledger,internal_transfer,ZETA,,,1031.47501,,,0.0,,805.6128328063509,,account=main;type=transfer_from_sub_account;before=0.0;after=1031.47501;ref=100907198,2024-06-20,,,,,,,ZETA,ZETA,0.7810299086221689
2024-06-20 15:57:00+00:00,okx,100907185,ledger,internal_transfer,STX,,,962.327184,,,0.0,,1465.4826202052843,,account=main;type=transfer_from_sub_account;before=0.0;after=962.327184;ref=100907185,2024-06-20,,,,,,,STX,STX,1.5228527724987184
2024-06-20 15:57:00+00:00,okx,100907163,ledger,internal_transfer,DOGE,,,18058.9681,,,0.0,,2058.9395628208576,,account=main;type=transfer_from_sub_account;before=3.9e-09;after=18058.9681;ref=100907163,2024-06-20,,,,,,,DOGE,DOGE,0.1140120272332093
2024-06-20 15:56:00+00:00,okx,100907129,ledger,internal_transfer,FTM,,,4121.51575,,,0.0,,2067.296491608762,,account=main;type=transfer_from_sub_account;before=0.0;after=4121.51575;ref=100907129,2024-06-20,,,,,,,FTM,FTM,0.501586459207092
2024-06-20 15:56:00+00:00,okx,100907114,ledger,internal_transfer,PYTH,,,12525.0623,,,0.0,,3638.2808998120113,,account=main;type=transfer_from_sub_account;before=0.0;after=12525.0623;ref=100907114,2024-06-20,,,,,,,PYTH,PYTH,0.2904800641041132
2024-06-20 15:56:00+00:00,okx,100907102,ledger,internal_transfer,FET,,,3655.49334,,,0.0,,5082.199314066708,,account=main;type=transfer_from_sub_account;before=0.0;after=3655.49334;ref=100907102,2024-06-20,,,,,,,FET,FET,1.3902909515536712
2024-06-20 15:55:00+00:00,okx,100906980,ledger,internal_transfer,INJ,,,143.862856,,,0.0,,2836.6247672620793,,account=main;type=transfer_from_sub_account;before=0.0;after=143.862856;ref=100906980,2024-06-20,,,,,,,INJ,INJ,19.717561892849393
2024-06-20 15:55:00+00:00,okx,100906955,ledger,internal_transfer,AVAX,,,250.186142,,,0.0,,6292.37184673879,,account=main;type=transfer_from_sub_account;before=9.6e-09;after=250.186142;ref=100906955,2024-06-20,,,,,,,AVAX,AVAX,25.15076093518717
2024-06-20 15:55:00+00:00,okx,100906936,ledger,internal_transfer,PEPE,,,420000000.0,,,0.0,,4451.200409881556,,account=main;type=transfer_from_sub_account;before=0.0;after=420000000.0;ref=100906936,2024-06-20,,,,,,,PEPE,PEPE,1.0598096214003704e-05
2024-06-20 15:48:00+00:00,okx,207838420,ledger,withdrawal,AXS,,,-399.42865,,,0.0,,-2234.544259469754,,account=main;type=withdrawal;before=399.428651;after=0.0;ref=207838420,2024-06-20,,,,,,,AXS,AXS,5.594351480470301
2024-06-20 15:48:00+00:00,okx,877257582,ledger,internal_transfer,AXS,,,399.428651,,,0.0,,2234.5442650641053,,account=main;type=transfer_in_from_trading_account;before=0.0;after=399.428651;ref=877257582,2024-06-20,,,,,,,AXS,AXS,5.594351480470301
2024-06-20 15:45:00+00:00,okx,207837294,ledger,withdrawal,AXS,,,-1.0,,,0.0,,-5.594351480470301,,account=main;type=withdrawal;before=1.0;after=0.0;ref=207837294,2024-06-20,,,,,,,AXS,AXS,5.594351480470301
2024-06-20 15:44:00+00:00,okx,877255356,ledger,internal_transfer,AXS,,,1.0,,,0.0,,5.594351480470301,,account=main;type=transfer_in_from_trading_account;before=0.0;after=1.0;ref=877255356,2024-06-20,,,,,,,AXS,AXS,5.594351480470301
2024-06-20 15:40:00+00:00,okx,207836053,ledger,withdrawal,XRP,,,-7843.6065,,,0.0,,-3607.4907721076015,,account=main;type=withdrawal;before=7843.6065;after=0.0;ref=207836053,2024-06-20,,,,,,,XRP,XRP,0.4599275565529201
2024-06-20 15:36:00+00:00,okx,207834935,ledger,withdrawal,XRP,,,-25.0,,,0.0,,-11.498188913823002,,account=main;type=withdrawal;before=7868.6065;after=7843.6065;ref=207834935,2024-06-20,,,,,,,XRP,XRP,0.4599275565529201
2024-06-20 15:33:00+00:00,okx,207833839,ledger,withdrawal,USDT,,,-57238.506,,,0.0,,-53399.109975546584,,account=main;type=withdrawal;before=57238.5063;after=7.16e-09;ref=207833839,2024-06-20,,,,,,,USDT,USDT,0.932922847
2024-06-20 15:33:00+00:00,okx,877248609,ledger,internal_transfer,USDT,,,57238.5063,,,0.0,,53399.11025542344,,account=main;type=transfer_in_from_trading_account;before=3.87e-07;after=57238.5063;ref=877248609,2024-06-20,,,,,,,USDT,USDT,0.932922847
2024-06-04 20:35:00+00:00,okx,202501405,ledger,withdrawal,ETH,,,-0.003979,,,0.0,,-13.794248691501277,,account=main;type=withdrawal;before=0.00397901;after=7e-10;ref=202501405,2024-06-04,,,,,,,ETH,ETH,3466.762676929198
2024-06-04 20:34:00+00:00,okx,865076760,ledger,internal_transfer,ETH,,,0.00397901,,,0.0,,13.794283359128046,,account=main;type=transfer_in_from_trading_account;before=7e-10;after=0.00397901;ref=865076760,2024-06-04,,,,,,,ETH,ETH,3466.762676929198
2024-05-31 20:18:00+00:00,okx,201261405,ledger,withdrawal,USDT,,,-20039.88,,,0.0,,-18466.53150634488,,account=main;type=withdrawal;before=20039.88;after=3.87e-07;ref=201261405,2024-05-31,,,,,,,USDT,USDT,0.921489126
2024-05-31 20:17:00+00:00,okx,97933464,ledger,internal_transfer,USDT,,,20039.88,,,0.0,,18466.53150634488,,account=main;type=transfer_from_sub_account;before=9.2e-07;after=20039.88;ref=97933464,2024-05-31,,,,,,,USDT,USDT,0.921489126
2024-05-29 20:40:00+00:00,okx,200523946,ledger,withdrawal,USDT,,,-131197.55,,,0.0,,-120841.43872256004,,account=main;type=withdrawal;before=131197.545;after=9.2e-07;ref=200523946,2024-05-29,,,,,,,USDT,USDT,0.921064751
2024-05-29 20:39:00+00:00,okx,97656845,ledger,internal_transfer,USDT,,,131197.545,,,0.0,,120841.4341172363,,account=main;type=transfer_from_sub_account;before=0.0;after=131197.545;ref=97656845,2024-05-29,,,,,,,USDT,USDT,0.921064751
2024-05-29 05:14:00+00:00,okx,200321576,ledger,withdrawal,BCH,,,-49.8008,,,0.0,,-21553.094406494,,account=main;type=withdrawal;before=49.8979802;after=0.09718015;ref=200321576,2024-05-29,,,,,,,BCH,BCH,432.78610798408863
2024-05-29 04:23:00+00:00,okx,200315047,ledger,withdrawal,BCH,,,-0.1008,,,0.0,,-43.624839684796136,,account=main;type=withdrawal;before=49.9987802;after=49.8979802;ref=200315047,2024-05-29,,,,,,,BCH,BCH,432.78610798408863
2024-05-29 04:19:00+00:00,okx,97552043,ledger,internal_transfer,BCH,,,49.9987802,,,0.0,,21638.77748670991,,account=main;type=transfer_from_sub_account;before=0.0;after=49.9987802;ref=97552043,2024-05-29,,,,,,,BCH,BCH,432.78610798408863
2024-05-29 00:06:00+00:00,okx,97526209,ledger,internal_transfer,USDT,,,-110001.0,,,0.0,,-101318.043674751,,account=main;type=Transfer_to_sub_account;before=110001.0;after=0.0;ref=97526209,2024-05-29,,,,,,,USDT,USDT,0.921064751
2024-05-29 00:06:00+00:00,okx,200265314,ledger,withdrawal,USDT,,,-337462.78,,,0.0,,-310825.0714324678,,account=main;type=withdrawal;before=447463.78;after=110001.0;ref=200265314,2024-05-29,,,,,,,USDT,USDT,0.921064751
2024-05-28 23:58:00+00:00,okx,97524720,ledger,internal_transfer,USDT,,,447463.78,,,0.0,,411196.2692197529,,account=main;type=transfer_from_sub_account;before=0.0;after=447463.78;ref=97524720,2024-05-28,,,,,,,USDT,USDT,0.918948723
2024-05-28 20:25:00+00:00,okx,200198156,ledger,withdrawal,USDT,,,-240001.0,,,0.0,,-220548.612468723,,account=main;type=withdrawal;before=240001.0;after=0.0;ref=200198156,2024-05-28,,,,,,,USDT,USDT,0.918948723
2024-05-28 20:24:00+00:00,okx,97497862,ledger,internal_transfer,USDT,,,240001.0,,,0.0,,220548.612468723,,account=main;type=transfer_from_sub_account;before=0.0;after=240001.0;ref=97497862,2024-05-28,,,,,,,USDT,USDT,0.918948723
2024-05-28 17:09:00+00:00,okx,200146258,ledger,withdrawal,USDT,,,-499101.0,,,0.0,,-458648.226598023,,account=main;type=withdrawal;before=499101.0;after=0.0;ref=200146258,2024-05-28,,,,,,,USDT,USDT,0.918948723
2024-05-28 17:07:00+00:00,okx,97472983,ledger,internal_transfer,USDT,,,499101.0,,,0.0,,458648.226598023,,account=main;type=transfer_from_sub_account;before=0.0;after=499101.0;ref=97472983,2024-05-28,,,,,,,USDT,USDT,0.918948723
2024-05-25 00:08:00+00:00,okx,198968878,ledger,withdrawal,BTC,,,-0.1829273,,,0.0,,-11566.256328423568,,account=main;type=withdrawal;before=0.18292754;after=2.05e-07;ref=198968878,2024-05-25,,,,,,,BTC,BTC,63228.70522018074
2024-05-24 23:21:00+00:00,okx,96940283,ledger,internal_transfer,BTC,,,0.18292753,,,0.0,,11459.374515627018,,account=main;type=transfer_from_sub_account;before=9.47e-09;after=0.18292754;ref=96940283,2024-05-24,,,,,,,BTC,BTC,62644.34071583986
2024-05-24 21:27:00+00:00,okx,198919009,ledger,withdrawal,USDT,,,-34990.0,,,0.0,,-32278.59778275,,account=main;type=withdrawal;before=34990.0;after=0.0;ref=198919009,2024-05-24,,,,,,,USDT,USDT,0.922509225
2024-05-24 21:12:00+00:00,okx,198914297,ledger,withdrawal,USDT,,,-10.0,,,0.0,,-9.22509225,,account=main;type=withdrawal;before=35000.0;after=34990.0;ref=198914297,2024-05-24,,,,,,,USDT,USDT,0.922509225
2024-05-24 21:09:00+00:00,okx,96924488,ledger,internal_transfer,USDT,,,35000.0,,,0.0,,32287.822874999998,,account=main;type=transfer_from_sub_account;before=0.0;after=35000.0;ref=96924488,2024-05-24,,,,,,,USDT,USDT,0.922509225
2024-05-23 18:30:00+00:00,okx,198551098,ledger,withdrawal,USDT,,,-502000.0,,,0.0,,-462502.303158,,account=main;type=withdrawal;before=502000.0;after=0.0;ref=198551098,2024-05-23,,,,,,,USDT,USDT,0.921319329
2024-05-23 18:28:00+00:00,okx,96734514,ledger,internal_transfer,USDT,,,502000.0,,,0.0,,462502.303158,,account=main;type=transfer_from_sub_account;before=0.0;after=502000.0;ref=96734514,2024-05-23,,,,,,,USDT,USDT,0.921319329
2024-05-22 23:53:00+00:00,okx,198322929,ledger,withdrawal,USDT,,,-36552.0,,,0.0,,-33750.692514768,,account=main;type=withdrawal;before=36552.0;after=0.0;ref=198322929,2024-05-22,,,,,,,USDT,USDT,0.923361034
2024-05-22 23:52:00+00:00,okx,96628713,ledger,internal_transfer,USDT,,,36552.0,,,0.0,,33750.692514768,,account=main;type=transfer_from_sub_account;before=0.0;after=36552.0;ref=96628713,2024-05-22,,,,,,,USDT,USDT,0.923361034
2024-05-21 20:59:00+00:00,okx,197885232,ledger,withdrawal,USDC,,,-3490.9191,,,0.0,,-3213.290775844367,,account=main;type=withdrawal;before=3490.91907;after=4.9e-09;ref=197885232,2024-05-21,,,,,,,USDC,USDC,0.920471281
2024-05-21 20:59:00+00:00,okx,853740444,ledger,internal_transfer,USDC,,,3490.91907,,,0.0,,3213.2907482302285,,account=main;type=transfer_in_from_trading_account;before=4.05e-07;after=3490.91907;ref=853740444,2024-05-21,,,,,,,USDC,USDC,0.920471281
2024-05-15 18:13:00+00:00,okx,194785502,ledger,withdrawal,USDT,,,-51.0,,,0.0,,-47.082717897,,account=main;type=withdrawal;before=51.0;after=0.0;ref=194785502,2024-05-15,,,,,,,USDT,USDT,0.923190547
2024-05-15 18:13:00+00:00,okx,848017620,ledger,internal_transfer,USDT,,,50.9999997,,,0.0,,47.082717620042835,,account=main;type=transfer_in_from_trading_account;before=2.7e-07;after=51.0;ref=848017620,2024-05-15,,,,,,,USDT,USDT,0.923190547
2024-05-15 01:23:00+00:00,okx,194603180,ledger,withdrawal,USDT,,,-10216.349,,,0.0,,-9431.636821652903,,account=main;type=withdrawal;before=10216.3492;after=2.7e-07;ref=194603180,2024-05-15,,,,,,,USDT,USDT,0.923190547
2024-05-14 22:51:00+00:00,okx,95389427,ledger,internal_transfer,USDT,,,6617.34917,,,0.0,,6129.445325555889,,account=main;type=transfer_from_sub_account;before=3599.0;after=10216.3492;ref=95389427,2024-05-14,,,,,,,USDT,USDT,0.926268989
2024-05-14 22:49:00+00:00,okx,847480046,ledger,internal_transfer,USDT,,,3599.0,,,0.0,,3333.642091411,,account=main;type=transfer_in_from_trading_account;before=2e-08;after=3599.0;ref=847480046,2024-05-14,,,,,,,USDT,USDT,0.926268989
2024-05-14 22:45:00+00:00,okx,847477510,ledger,internal_transfer,USDT,,,-3599.0,,,0.0,,-3333.642091411,,account=main;type=transfer_out_trading_account;before=3599.0;after=2e-08;ref=847477510,2024-05-14,,,,,,,USDT,USDT,0.926268989
2024-05-14 22:45:00+00:00,okx,199793112,ledger,deposit,USDT,,,3599.0,,,0.0,,3333.642091411,,account=main;type=deposit;before=2e-08;after=3599.0;ref=199793112,2024-05-14,,,,,,,USDT,USDT,0.926268989
2024-05-07 23:54:00+00:00,okx,192465127,ledger,withdrawal,USDT,,,-957.11456,,,0.0,,-889.015939453623,,account=main;type=withdrawal;before=957.114556;after=2e-08;ref=192465127,2024-05-07,,,,,,,USDT,USDT,0.928850084
2024-05-07 23:53:00+00:00,okx,94342876,ledger,internal_transfer,USDT,,,957.114556,,,0.0,,889.0159357382228,,account=main;type=transfer_from_sub_account;before=0.0;after=957.114556;ref=94342876,2024-05-07,,,,,,,USDT,USDT,0.928850084
2024-05-07 23:53:00+00:00,okx,192464699,ledger,withdrawal,ETH,,,-100.00013,,,0.0,,-284654.9679417069,,account=main;type=withdrawal;before=100.000133;after=7e-10;ref=192464699,2024-05-07,,,,,,,ETH,ETH,2846.545978907296
2024-05-07 19:29:00+00:00,okx,94312677,ledger,internal_transfer,ETH,,,100.000133,,,0.0,,284654.97648134484,,account=main;type=transfer_from_sub_account;before=6.85e-09;after=100.000133;ref=94312677,2024-05-07,,,,,,,ETH,ETH,2846.545978907296
2024-05-02 22:52:00+00:00,okx,838893731,ledger,internal_transfer,USDT,,,-50798.865,,,0.0,,-47484.4503820284,,account=main;type=transfer_out_trading_account;before=50798.8655;after=0.0;ref=838893731,2024-05-02,,,,,,,USDT,USDT,0.93475416
2024-05-02 22:51:00+00:00,okx,1684016363,ledger,saving,USDT,,,50798.8655,,,0.0,,47484.45084940548,,account=main;type=saving_unsubscribe;before=1.01e-07;after=50798.8655;ref=1684016363,2024-05-02,,,,,,,USDT,USDT,0.93475416
2024-05-02 22:50:00+00:00,okx,196534345,ledger,deposit,USDT,,,9999.0,,,0.0,,9346.60684584,,account=main;type=deposit;before=1.01e-07;after=9999.0;ref=196534345,2024-05-02,,,,,,,USDT,USDT,0.93475416
2024-05-02 22:50:00+00:00,okx,838892744,ledger,internal_transfer,USDT,,,-9999.0,,,0.0,,-9346.60684584,,account=main;type=transfer_out_trading_account;before=9999.0;after=1.01e-07;ref=838892744,2024-05-02,,,,,,,USDT,USDT,0.93475416
2024-05-02 22:37:00+00:00,okx,190854769,ledger,withdrawal,USDT,,,-147308.72,,,0.0,,-137697.4388242752,,account=main;type=withdrawal;before=147308.716;after=1.01e-07;ref=190854769,2024-05-02,,,,,,,USDT,USDT,0.93475416
2024-05-02 22:36:00+00:00,okx,93584036,ledger,internal_transfer,USDT,,,147308.716,,,0.0,,137697.43508525853,,account=main;type=transfer_from_sub_account;before=0.0;after=147308.716;ref=93584036,2024-05-02,,,,,,,USDT,USDT,0.93475416
2024-05-02 13:25:00+00:00,okx,190708479,ledger,withdrawal,ETH,,,-0.0068706,,,0.0,,-19.11340941043381,,account=main;type=withdrawal;before=0.00687057;after=6.85e-09;ref=190708479,2024-05-02,,,,,,,ETH,ETH,2781.912702010568
2024-05-02 13:24:00+00:00,okx,838561846,ledger,internal_transfer,ETH,,,0.00687056,,,0.0,,19.113298133925728,,account=main;type=transfer_in_from_trading_account;before=6.85e-09;after=0.00687057;ref=838561846,2024-05-02,,,,,,,ETH,ETH,2781.912702010568
2024-05-02 13:22:00+00:00,okx,838560486,ledger,internal_transfer,USDT,,,-20.0,,,0.0,,-18.6950832,,account=main;type=transfer_out_trading_account;before=20.0;after=0.0;ref=838560486,2024-05-02,,,,,,,USDT,USDT,0.93475416
2024-05-02 13:21:00+00:00,okx,1683679208,ledger,saving,USDT,,,20.0,,,0.0,,18.6950832,,account=main;type=saving_unsubscribe;before=3.9e-09;after=20.0;ref=1683679208,2024-05-02,,,,,,,USDT,USDT,0.93475416
2024-04-23 22:19:00+00:00,okx,187473700,ledger,withdrawal,USDT,,,-11981.45,,,0.0,,-11224.8922668324,,account=main;type=withdrawal;before=11981.45;after=3.9e-09;ref=187473700,2024-04-23,,,,,,,USDT,USDT,0.936855912
2024-04-23 22:19:00+00:00,okx,831536630,ledger,internal_transfer,USDT,,,11981.45,,,0.0,,11224.8922668324,,account=main;type=transfer_in_from_trading_account;before=8.24e-07;after=11981.45;ref=831536630,2024-04-23,,,,,,,USDT,USDT,0.936855912
2024-04-23 22:04:00+00:00,okx,831523519,ledger,internal_transfer,USDT,,,-11981.45,,,0.0,,-11224.8922668324,,account=main;type=transfer_out_trading_account;before=11981.45;after=8.24e-07;ref=831523519,2024-04-23,,,,,,,USDT,USDT,0.936855912
2024-04-23 22:04:00+00:00,okx,193760429,ledger,deposit,USDT,,,11981.45,,,0.0,,11224.8922668324,,account=main;type=deposit;before=8.24e-07;after=11981.45;ref=193760429,2024-04-23,,,,,,,USDT,USDT,0.936855912
2024-04-23 18:21:00+00:00,okx,187361776,ledger,withdrawal,USDT,,,-11826.811,,,0.0,,-11080.017805456631,,account=main;type=withdrawal;before=11826.8105;after=8.24e-07;ref=187361776,2024-04-23,,,,,,,USDT,USDT,0.936855912
2024-04-23 18:18:00+00:00,okx,92289565,ledger,internal_transfer,USDT,,,11826.8105,,,0.0,,11080.017337028676,,account=main;type=transfer_from_sub_account;before=5.95e-09;after=11826.8105;ref=92289565,2024-04-23,,,,,,,USDT,USDT,0.936855912
2024-04-23 00:51:00+00:00,okx,186954178,ledger,withdrawal,TON,,,-413.42368,,,0.0,,-2301.377171554401,,account=main;type=withdrawal;before=413.42368;after=0.0;ref=186954178,2024-04-23,,,,,,,TON,TON,5.566631237848787
2024-04-23 00:51:00+00:00,okx,830919012,ledger,internal_transfer,TON,,,413.42368,,,0.0,,2301.377171554401,,account=main;type=transfer_in_from_trading_account;before=0.0;after=413.42368;ref=830919012,2024-04-23,,,,,,,TON,TON,5.566631237848787
2024-04-23 00:48:00+00:00,okx,186953001,ledger,withdrawal,TON,,,-1.01,,,0.0,,-5.622297550227275,,account=main;type=withdrawal;before=1.01;after=0.0;ref=186953001,2024-04-23,,,,,,,TON,TON,5.566631237848787
2024-04-23 00:48:00+00:00,okx,830917640,ledger,internal_transfer,TON,,,1.01,,,0.0,,5.622297550227275,,account=main;type=transfer_in_from_trading_account;before=0.0;after=1.01;ref=830917640,2024-04-23,,,,,,,TON,TON,5.566631237848787
2024-04-23 00:46:00+00:00,okx,1674433086,ledger,saving,USDT,,,-49123.314,,,0.0,,-46021.46713793236,,account=main;type=saving_subscribe;before=49123.314;after=5.95e-09;ref=1674433086,2024-04-23,,,,,,,USDT,USDT,0.936855912
2024-04-23 00:46:00+00:00,okx,830916578,ledger,internal_transfer,USDT,,,49123.314,,,0.0,,46021.46713793236,,account=main;type=transfer_in_from_trading_account;before=5.95e-09;after=49123.314;ref=830916578,2024-04-23,,,,,,,USDT,USDT,0.936855912
2024-04-23 00:44:00+00:00,okx,830915681,ledger,internal_transfer,USDT,,,-51623.314,,,0.0,,-48363.60691793237,,account=main;type=transfer_out_trading_account;before=51623.3138;after=5.95e-09;ref=830915681,2024-04-23,,,,,,,USDT,USDT,0.936855912
2024-04-23 00:44:00+00:00,okx,193512374,ledger,deposit,USDT,,,51623.3138,,,0.0,,48363.60673056119,,account=main;type=deposit;before=5.95e-09;after=51623.3138;ref=193512374,2024-04-23,,,,,,,USDT,USDT,0.936855912
2024-04-19 21:31:00+00:00,okx,1671733394,ledger,saving,USDT,,,-1675.2881,,,0.0,,-1572.5974845266153,,account=main;type=saving_subscribe;before=1675.28813;after=5.95e-09;ref=1671733394,2024-04-19,,,,,,,USDT,USDT,0.938702713
2024-04-19 21:05:00+00:00,okx,185282052,ledger,withdrawal,USDT,,,-140752.0,,,0.0,,-132124.284260176,,account=main;type=withdrawal;before=142427.288;after=1675.28813;ref=185282052,2024-04-19,,,,,,,USDT,USDT,0.938702713
2024-04-19 21:00:00+00:00,okx,185280145,ledger,withdrawal,USDT,,,-13.82,,,0.0,,-12.97287149366,,account=main;type=withdrawal;before=142441.108;after=142427.288;ref=185280145,2024-04-19,,,,,,,USDT,USDT,0.938702713
2024-04-19 20:57:00+00:00,okx,828614479,ledger,internal_transfer,USDT,,,3405.75078,,,0.0,,3196.987496987866,,account=main;type=transfer_in_from_trading_account;before=139035.357;after=142441.108;ref=828614479,2024-04-19,,,,,,,USDT,USDT,0.938702713
2024-04-19 20:57:00+00:00,okx,192612617,ledger,deposit,USDT,,,3405.75078,,,0.0,,3196.987496987866,,account=main;type=deposit;before=139035.357;after=142441.108;ref=192612617,2024-04-19,,,,,,,USDT,USDT,0.938702713
2024-04-19 20:57:00+00:00,okx,828614129,ledger,internal_transfer,USDT,,,-3405.7508,,,0.0,,-3196.98751576192,,account=main;type=transfer_out_trading_account;before=142441.108;after=139035.357;ref=828614129,2024-04-19,,,,,,,USDT,USDT,0.938702713
2024-04-19 20:52:00+00:00,okx,828610079,ledger,internal_transfer,USDT,,,138987.103,,,0.0,,130467.57065811043,,account=main;type=transfer_in_from_trading_account;before=48.2545143;after=139035.357;ref=828610079,2024-04-19,,,,,,,USDT,USDT,0.938702713
2024-04-19 20:50:00+00:00,okx,828609204,ledger,internal_transfer,USDT,,,-16219.559,,,0.0,,-15225.344036963566,,account=main;type=transfer_out_trading_account;before=16267.814;after=48.2545143;ref=828609204,2024-04-19,,,,,,,USDT,USDT,0.938702713
2024-04-19 20:50:00+00:00,okx,192610621,ledger,deposit,USDT,,,16219.5595,,,0.0,,15225.344506314923,,account=main;type=deposit;before=48.2545143;after=16267.814;ref=192610621,2024-04-19,,,,,,,USDT,USDT,0.938702713
2024-04-19 20:50:00+00:00,okx,192610253,ledger,deposit,USDT,,,122761.244,,,0.0,,115236.31279405497,,account=main;type=deposit;before=48.2545143;after=122809.499;ref=192610253,2024-04-19,,,,,,,USDT,USDT,0.938702713
2024-04-19 20:50:00+00:00,okx,828608483,ledger,internal_transfer,USDT,,,-122761.24,,,0.0,,-115236.30903924412,,account=main;type=transfer_out_trading_account;before=122809.499;after=48.2545143;ref=828608483,2024-04-19,,,,,,,USDT,USDT,0.938702713
2024-04-19 19:47:00+00:00,okx,185255738,ledger,withdrawal,PEPE,,,-979000000.0,,,0.0,,-4672.769781975564,,account=main;type=withdrawal;before=979000000.0;after=0.0;ref=185255738,2024-04-19,,,,,,,PEPE,PEPE,4.773002841650218e-06
2024-04-19 19:31:00+00:00,okx,91816964,ledger,internal_transfer,PEPE,,,979000000.0,,,0.0,,4672.769781975564,,account=main;type=transfer_from_sub_account;before=0.0;after=979000000.0;ref=91816964,2024-04-19,,,,,,,PEPE,PEPE,4.773002841650218e-06
2024-04-18 01:07:00+00:00,okx,184625316,ledger,withdrawal,USDC,,,-2508.745,,,0.0,,-2349.23213900866,,account=main;type=withdrawal;before=2508.745;after=4.05e-07;ref=184625316,2024-04-18,,,,,,,USDC,USDC,0.936417268
2024-04-18 01:00:00+00:00,okx,91541685,ledger,internal_transfer,USDC,,,2508.745,,,0.0,,2349.23213900866,,account=main;type=transfer_from_sub_account;before=4.05e-07;after=2508.745;ref=91541685,2024-04-18,,,,,,,USDC,USDC,0.936417268
2024-04-17 18:49:00+00:00,okx,184497396,ledger,withdrawal,USDT,,,-190003.82,,,0.0,,-178608.59189054623,,account=main;type=withdrawal;before=190052.075;after=48.2545143;ref=184497396,2024-04-17,,,,,,,USDT,USDT,0.940026321
2024-04-17 18:46:00+00:00,okx,91494907,ledger,internal_transfer,USDT,,,190003.82,,,0.0,,178608.59189054623,,account=main;type=transfer_from_sub_account;before=48.2545143;after=190052.075;ref=91494907,2024-04-17,,,,,,,USDT,USDT,0.940026321
2024-04-17 17:55:00+00:00,okx,91489552,ledger,internal_transfer,USDT,,,-4973.3,,,0.0,,-4675.032902229301,,account=main;type=Transfer_to_sub_account;before=5021.55451;after=48.2545143;ref=91489552,2024-04-17,,,,,,,USDT,USDT,0.940026321
2024-04-17 17:55:00+00:00,okx,826589807,ledger,internal_transfer,USDT,,,4973.3,,,0.0,,4675.032902229301,,account=main;type=transfer_in_from_trading_account;before=48.2545143;after=5021.55451;ref=826589807,2024-04-17,,,,,,,USDT,USDT,0.940026321
2024-04-17 17:39:00+00:00,okx,826581148,ledger,internal_transfer,USDT,,,-4973.3,,,0.0,,-4675.032902229301,,account=main;type=transfer_out_trading_account;before=5021.55451;after=48.2545143;ref=826581148,2024-04-17,,,,,,,USDT,USDT,0.940026321
2024-04-17 17:39:00+00:00,okx,191898083,ledger,deposit,USDT,,,4973.3,,,0.0,,4675.032902229301,,account=main;type=deposit;before=48.2545143;after=5021.55451;ref=191898083,2024-04-17,,,,,,,USDT,USDT,0.940026321
2024-04-15 21:27:00+00:00,okx,183754723,ledger,withdrawal,USDT,,,-79001.0,,,0.0,,-74137.57504043801,,account=main;type=withdrawal;before=79049.2545;after=48.2545143;ref=183754723,2024-04-15,,,,,,,USDT,USDT,0.938438438
2024-04-15 21:26:00+00:00,okx,91190601,ledger,internal_transfer,USDT,,,79001.0,,,0.0,,74137.57504043801,,account=main;type=transfer_from_sub_account;before=48.2545143;after=79049.2545;ref=91190601,2024-04-15,,,,,,,USDT,USDT,0.938438438
2024-04-15 19:40:00+00:00,okx,183717902,ledger,withdrawal,FET,,,-6996.7691,,,0.0,,-14584.495712325286,,account=main;type=withdrawal;before=6996.76907;after=0.0;ref=183717902,2024-04-15,,,,,,,FET,FET,2.084461485562713
2024-04-15 19:38:00+00:00,okx,91178233,ledger,internal_transfer,FET,,,6996.76907,,,0.0,,14584.49564979144,,account=main;type=transfer_from_sub_account;before=0.0;after=6996.76907;ref=91178233,2024-04-15,,,,,,,FET,FET,2.084461485562713
2024-04-15 19:36:00+00:00,okx,183716624,ledger,withdrawal,BTC,,,-0.99955,,,0.0,,-61677.05641850762,,account=main;type=withdrawal;before=0.99955001;after=9.47e-09;ref=183716624,2024-04-15,,,,,,,BTC,BTC,61704.82358912272
2024-04-15 19:35:00+00:00,okx,91178018,ledger,internal_transfer,BTC,,,0.99955,,,0.0,,61677.05641850762,,account=main;type=transfer_from_sub_account;before=9.47e-09;after=0.99955001;ref=91178018,2024-04-15,,,,,,,BTC,BTC,61704.82358912272
2024-04-15 19:34:00+00:00,okx,183716146,ledger,withdrawal,SOL,,,-499.775,,,0.0,,-71076.63583614738,,account=main;type=withdrawal;before=499.775;after=0.0;ref=183716146,2024-04-15,,,,,,,SOL,SOL,142.21726944354438
2024-04-15 19:33:00+00:00,okx,91177811,ledger,internal_transfer,SOL,,,499.775,,,0.0,,71076.63583614738,,account=main;type=transfer_from_sub_account;before=0.0;after=499.775;ref=91177811,2024-04-15,,,,,,,SOL,SOL,142.21726944354438
2024-04-15 17:18:00+00:00,okx,183671525,ledger,withdrawal,USDT,,,-642836.0,,,0.0,,-603262.011730168,,account=main;type=withdrawal;before=642884.255;after=48.2545143;ref=183671525,2024-04-15,,,,,,,USDT,USDT,0.938438438
2024-04-15 17:14:00+00:00,okx,91161426,ledger,internal_transfer,USDT,,,642836.0,,,0.0,,603262.011730168,,account=main;type=transfer_from_sub_account;before=48.2545143;after=642884.255;ref=91161426,2024-04-15,,,,,,,USDT,USDT,0.938438438
2024-04-15 02:14:00+00:00,okx,183456058,ledger,withdrawal,USDC,,,-7510.3757,,,0.0,,-7048.025240701157,,account=main;type=withdrawal;before=7510.37569;after=4.05e-07;ref=183456058,2024-04-15,,,,,,,USDC,USDC,0.938438438
2024-04-15 02:13:00+00:00,okx,91056622,ledger,internal_transfer,USDC,,,7510.37569,,,0.0,,7048.025231316772,,account=main;type=transfer_from_sub_account;before=0.0;after=7510.37569;ref=91056622,2024-04-15,,,,,,,USDC,USDC,0.938438438
2024-04-14 06:52:00+00:00,okx,183098983,ledger,withdrawal,USDC,,,-999.55,,,0.0,,-938.36838112335,,account=main;type=withdrawal;before=999.55;after=0.0;ref=183098983,2024-04-14,,,,,,,USDC,USDC,0.938790837
2024-04-14 06:51:00+00:00,okx,90885567,ledger,internal_transfer,USDC,,,999.55,,,0.0,,938.36838112335,,account=main;type=transfer_from_sub_account;before=0.0;after=999.55;ref=90885567,2024-04-14,,,,,,,USDC,USDC,0.938790837
2024-04-14 05:41:00+00:00,okx,183083058,ledger,withdrawal,ETH,,,-0.0499775,,,0.0,,-141.78773382240962,,account=main;type=withdrawal;before=0.04997751;after=6.85e-09;ref=183083058,2024-04-14,,,,,,,ETH,ETH,2837.0313405514407
2024-04-14 04:43:00+00:00,okx,90859807,ledger,internal_transfer,ETH,,,0.0499775,,,0.0,,141.78773382240962,,account=main;type=transfer_from_sub_account;before=6.85e-09;after=0.04997751;ref=90859807,2024-04-14,,,,,,,ETH,ETH,2837.0313405514407
2024-04-14 04:23:00+00:00,okx,183062812,ledger,withdrawal,USDT,,,-7500.0,,,0.0,,-7040.9312775,,account=main;type=withdrawal;before=7548.25451;after=48.2545143;ref=183062812,2024-04-14,,,,,,,USDT,USDT,0.938790837
2024-04-14 04:22:00+00:00,okx,90854492,ledger,internal_transfer,USDT,,,7500.0,,,0.0,,7040.9312775,,account=main;type=transfer_from_sub_account;before=48.2545143;after=7548.25451;ref=90854492,2024-04-14,,,,,,,USDT,USDT,0.938790837
2024-04-14 04:16:00+00:00,okx,183060712,ledger,withdrawal,USDT,,,-9000.0,,,0.0,,-8449.117533,,account=main;type=withdrawal;before=9048.25451;after=48.2545143;ref=183060712,2024-04-14,,,,,,,USDT,USDT,0.938790837
2024-04-14 04:12:00+00:00,okx,90851701,ledger,internal_transfer,USDT,,,9000.0,,,0.0,,8449.117533,,account=main;type=transfer_from_sub_account;before=48.2545143;after=9048.25451;ref=90851701,2024-04-14,,,,,,,USDT,USDT,0.938790837
2024-04-13 05:12:00+00:00,okx,90664162,ledger,internal_transfer,USDT,,,-100010.0,,,0.0,,-93888.47160837,,account=main;type=Transfer_to_sub_account;before=100058.255;after=48.2545143;ref=90664162,2024-04-13,,,,,,,USDT,USDT,0.938790837
2024-04-13 05:12:00+00:00,okx,822212236,ledger,internal_transfer,USDT,,,100010.0,,,0.0,,93888.47160837,,account=main;type=transfer_in_from_trading_account;before=48.2545143;after=100058.255;ref=822212236,2024-04-13,,,,,,,USDT,USDT,0.938790837
2024-04-13 05:11:00+00:00,okx,190459954,ledger,deposit,USDT,,,100000.0,,,0.0,,93879.0837,,account=main;type=deposit;before=48.2545143;after=100048.255;ref=190459954,2024-04-13,,,,,,,USDT,USDT,0.938790837
2024-04-13 05:11:00+00:00,okx,822210828,ledger,internal_transfer,USDT,,,-100000.0,,,0.0,,-93879.0837,,account=main;type=transfer_out_trading_account;before=100048.255;after=48.2545143;ref=822210828,2024-04-13,,,,,,,USDT,USDT,0.938790837
2024-04-13 04:57:00+00:00,okx,822201756,ledger,internal_transfer,USDT,,,-10.0,,,0.0,,-9.38790837,,account=main;type=transfer_out_trading_account;before=58.2545143;after=48.2545143;ref=822201756,2024-04-13,,,,,,,USDT,USDT,0.938790837
2024-04-13 04:57:00+00:00,okx,190458124,ledger,deposit,USDT,,,10.0,,,0.0,,9.38790837,,account=main;type=deposit;before=48.2545143;after=58.2545143;ref=190458124,2024-04-13,,,,,,,USDT,USDT,0.938790837
2024-04-13 04:35:00+00:00,okx,182596355,ledger,withdrawal,USDT,,,-13870.0,,,0.0,,-13021.02890919,,account=main;type=withdrawal;before=13918.2545;after=48.2545143;ref=182596355,2024-04-13,,,,,,,USDT,USDT,0.938790837
2024-04-13 04:33:00+00:00,okx,90657263,ledger,internal_transfer,USDT,,,13870.0,,,0.0,,13021.02890919,,account=main;type=transfer_from_sub_account;before=48.2545143;after=13918.2545;ref=90657263,2024-04-13,,,,,,,USDT,USDT,0.938790837
2024-04-13 03:10:00+00:00,okx,182563956,ledger,withdrawal,USDT,,,-200003.82,,,0.0,,-187761.75358099735,,account=main;type=withdrawal;before=200052.075;after=48.2545143;ref=182563956,2024-04-13,,,,,,,USDT,USDT,0.938790837
2024-04-13 02:39:00+00:00,okx,90633243,ledger,internal_transfer,USDT,,,200000.0,,,0.0,,187758.1674,,account=main;type=transfer_from_sub_account;before=52.0745143;after=200052.075;ref=90633243,2024-04-13,,,,,,,USDT,USDT,0.938790837
2024-04-13 01:59:00+00:00,okx,182551024,ledger,withdrawal,ETH,,,-0.0901354,,,0.0,,-274.62870258919673,,account=main;type=withdrawal;before=0.09013543;after=6.85e-09;ref=182551024,2024-04-13,,,,,,,ETH,ETH,3046.8462179032513
2024-04-13 01:58:00+00:00,okx,90626405,ledger,internal_transfer,ETH,,,0.09013542,,,0.0,,274.6287635261211,,account=main;type=transfer_from_sub_account;before=6.05e-09;after=0.09013543;ref=90626405,2024-04-13,,,,,,,ETH,ETH,3046.8462179032513
2024-04-12 23:00:00+00:00,okx,182482432,ledger,withdrawal,ETH,,,-2.1757215,,,0.0,,-7166.437917994991,,account=main;type=withdrawal;before=2.17572149;after=6.05e-09;ref=182482432,2024-04-12,,,,,,,ETH,ETH,3293.8213452388054
2024-04-12 22:58:00+00:00,okx,90600904,ledger,internal_transfer,ETH,,,2.17572149,,,0.0,,7166.437885056778,,account=main;type=transfer_from_sub_account;before=1.5e-09;after=2.17572149;ref=90600904,2024-04-12,,,,,,,ETH,ETH,3293.8213452388054
2024-04-12 22:51:00+00:00,okx,182477894,ledger,withdrawal,USDT,,,-10000.0,,,0.0,,-9387.90837,,account=main;type=withdrawal;before=10052.0745;after=52.0745143;ref=182477894,2024-04-12,,,,,,,USDT,USDT,0.938790837
2024-04-12 22:50:00+00:00,okx,90599791,ledger,internal_transfer,USDT,,,10000.0,,,0.0,,9387.90837,,account=main;type=transfer_from_sub_account;before=52.0745143;after=10052.0745;ref=90599791,2024-04-12,,,,,,,USDT,USDT,0.938790837
2024-04-12 20:23:00+00:00,okx,182398926,ledger,withdrawal,USDT,,,-33101.0,,,0.0,,-31074.915495537,,account=main;type=withdrawal;before=33153.0745;after=52.0745143;ref=182398926,2024-04-12,,,,,,,USDT,USDT,0.938790837
2024-04-12 20:21:00+00:00,okx,90579945,ledger,internal_transfer,USDT,,,33101.0,,,0.0,,31074.915495537,,account=main;type=transfer_from_sub_account;before=52.0745143;after=33153.0745;ref=90579945,2024-04-12,,,,,,,USDT,USDT,0.938790837
2024-04-12 17:18:00+00:00,okx,182314888,ledger,withdrawal,USDT,,,-350000.0,,,0.0,,-328576.79295,,account=main;type=withdrawal;before=350052.075;after=52.0745143;ref=182314888,2024-04-12,,,,,,,USDT,USDT,0.938790837
2024-04-12 17:16:00+00:00,okx,90559984,ledger,internal_transfer,USDT,,,350000.0,,,0.0,,328576.79295,,account=main;type=transfer_from_sub_account;before=52.0745143;after=350052.075;ref=90559984,2024-04-12,,,,,,,USDT,USDT,0.938790837
2024-04-11 13:28:00+00:00,okx,181716691,ledger,withdrawal,TON,,,-1189.4886,,,0.0,,-7506.195613982212,,account=main;type=withdrawal;before=1189.48862;after=0.0;ref=181716691,2024-04-11,,,,,,,TON,TON,6.310439304741729
2024-04-11 13:28:00+00:00,okx,820560260,ledger,internal_transfer,TON,,,1189.48862,,,0.0,,7506.1957401909995,,account=main;type=transfer_in_from_trading_account;before=0.0;after=1189.48862;ref=820560260,2024-04-11,,,,,,,TON,TON,6.310439304741729
2024-04-11 05:57:00+00:00,okx,189765160,ledger,deposit,USDT,,,7500.0,,,0.0,,6990.399847500001,,account=main;type=deposit;before=52.0745143;after=7552.07451;ref=189765160,2024-04-11,,,,,,,USDT,USDT,0.932053313
2024-04-11 05:57:00+00:00,okx,820342590,ledger,internal_transfer,USDT,,,-7500.0,,,0.0,,-6990.399847500001,,account=main;type=transfer_out_trading_account;before=7552.07451;after=52.0745143;ref=820342590,2024-04-11,,,,,,,USDT,USDT,0.932053313
2024-04-11 05:46:00+00:00,okx,181575785,ledger,withdrawal,TON,,,-1300.9196,,,0.0,,-8209.37417614889,,account=main;type=withdrawal;before=1300.91957;after=0.0;ref=181575785,2024-04-11,,,,,,,TON,TON,6.310439304741729
2024-04-11 05:46:00+00:00,okx,820339270,ledger,internal_transfer,TON,,,1300.91957,,,0.0,,8209.37398683571,,account=main;type=transfer_in_from_trading_account;before=0.0;after=1300.91957;ref=820339270,2024-04-11,,,,,,,TON,TON,6.310439304741729
2024-04-11 05:42:00+00:00,okx,181574861,ledger,withdrawal,TON,,,-1.0,,,0.0,,-6.310439304741729,,account=main;type=withdrawal;before=1.0;after=0.0;ref=181574861,2024-04-11,,,,,,,TON,TON,6.310439304741729
2024-04-11 05:42:00+00:00,okx,820338048,ledger,internal_transfer,TON,,,1.0,,,0.0,,6.310439304741729,,account=main;type=transfer_in_from_trading_account;before=0.0;after=1.0;ref=820338048,2024-04-11,,,,,,,TON,TON,6.310439304741729
2024-04-11 05:38:00+00:00,okx,820336955,ledger,internal_transfer,USDT,,,-10000.0,,,0.0,,-9320.53313,,account=main;type=transfer_out_trading_account;before=10052.0745;after=52.0745143;ref=820336955,2024-04-11,,,,,,,USDT,USDT,0.932053313
2024-04-11 05:38:00+00:00,okx,189762108,ledger,deposit,USDT,,,10000.0,,,0.0,,9320.53313,,account=main;type=deposit;before=52.0745143;after=10052.0745;ref=189762108,2024-04-11,,,,,,,USDT,USDT,0.932053313
2024-04-11 05:27:00+00:00,okx,820334202,ledger,internal_transfer,USDT,,,52.0745143,,,0.0,,48.53622357618087,,account=main;type=transfer_in_from_trading_account;before=0.0;after=52.0745143;ref=820334202,2024-04-11,,,,,,,USDT,USDT,0.932053313
2024-04-11 00:00:00+00:00,okx,181476944,ledger,withdrawal,USDT,,,-190003.82,,,0.0,,-177093.6899136557,,account=main;type=withdrawal;before=190003.82;after=0.0;ref=181476944,2024-04-11,,,,,,,USDT,USDT,0.932053313
2024-04-10 23:59:00+00:00,okx,90303500,ledger,internal_transfer,USDT,,,190003.82,,,0.0,,174957.47696539568,,account=main;type=transfer_from_sub_account;before=0.0;after=190003.82;ref=90303500,2024-04-10,,,,,,,USDT,USDT,0.920810313
2024-04-10 20:07:00+00:00,okx,181379322,ledger,withdrawal,USDT,,,-205000.0,,,0.0,,-188766.114165,,account=main;type=withdrawal;before=205000.0;after=0.0;ref=181379322,2024-04-10,,,,,,,USDT,USDT,0.920810313
2024-04-10 20:06:00+00:00,okx,90271205,ledger,internal_transfer,USDT,,,205000.0,,,0.0,,188766.114165,,account=main;type=transfer_from_sub_account;before=0.0;after=205000.0;ref=90271205,2024-04-10,,,,,,,USDT,USDT,0.920810313
2024-04-10 03:05:00+00:00,okx,819419127,ledger,internal_transfer,USDT,,,-50.0,,,0.0,,-46.04051565,,account=main;type=transfer_out_trading_account;before=50.0;after=0.0;ref=819419127,2024-04-10,,,,,,,USDT,USDT,0.920810313
2024-04-10 03:04:00+00:00,okx,90176870,ledger,internal_transfer,USDT,,,50.0,,,0.0,,46.04051565,,account=main;type=transfer_from_sub_account;before=0.0;after=50.0;ref=90176870,2024-04-10,,,,,,,USDT,USDT,0.920810313
2024-04-10 01:14:00+00:00,okx,181096518,ledger,withdrawal,USDT,,,-5.82,,,0.0,,-5.35911602166,,account=main;type=withdrawal;before=5.82;after=0.0;ref=181096518,2024-04-10,,,,,,,USDT,USDT,0.920810313
2024-04-10 01:13:00+00:00,okx,819364370,ledger,internal_transfer,USDT,,,5.82,,,0.0,,5.35911602166,,account=main;type=transfer_in_from_trading_account;before=0.0;after=5.82;ref=819364370,2024-04-10,,,,,,,USDT,USDT,0.920810313
2024-04-09 22:57:00+00:00,okx,90149220,ledger,internal_transfer,TON,,,-6.2451183,,,0.0,,-36.56929239518477,,account=main;type=Transfer_to_sub_account;before=6.24511828;after=0.0;ref=90149220,2024-04-09,,,,,,,TON,TON,5.855660475668615
2024-04-09 22:49:00+00:00,okx,181050179,ledger,withdrawal,TON,,,-15210.01,,,0.0,,-89064.6543915244,,account=main;type=withdrawal;before=15216.2551;after=6.24511828;ref=181050179,2024-04-09,,,,,,,TON,TON,5.855660475668615
2024-04-09 22:44:00+00:00,okx,90147105,ledger,internal_transfer,TON,,,15214.4668,,,0.0,,89090.75189913234,,account=main;type=transfer_from_sub_account;before=1.78827586;after=15216.2551;ref=90147105,2024-04-09,,,,,,,TON,TON,5.855660475668615
2024-04-09 19:24:00+00:00,okx,180973614,ledger,withdrawal,USDT,,,-100000.0,,,0.0,,-92021.7171,,account=main;type=withdrawal;before=100000.0;after=0.0;ref=180973614,2024-04-09,,,,,,,USDT,USDT,0.920217171
2024-04-09 19:19:00+00:00,okx,90123063,ledger,internal_transfer,USDT,,,100000.0,,,0.0,,92021.7171,,account=main;type=transfer_from_sub_account;before=0.0;after=100000.0;ref=90123063,2024-04-09,,,,,,,USDT,USDT,0.920217171
2024-04-09 01:15:00+00:00,okx,180703763,ledger,withdrawal,USDT,,,-715000.0,,,0.0,,-657955.277265,,account=main;type=withdrawal;before=715000.0;after=0.0;ref=180703763,2024-04-09,,,,,,,USDT,USDT,0.920217171
2024-04-09 01:13:00+00:00,okx,89995458,ledger,internal_transfer,USDT,,,715000.0,,,0.0,,657955.277265,,account=main;type=transfer_from_sub_account;before=0.0;after=715000.0;ref=89995458,2024-04-09,,,,,,,USDT,USDT,0.920217171
2024-04-09 00:45:00+00:00,okx,818415791,ledger,internal_transfer,USDT,,,32310.0,,,0.0,,29732.21679501,,account=main;type=transfer_in_from_trading_account;before=0.0;after=32310.0;ref=818415791,2024-04-09,,,,,,,USDT,USDT,0.920217171
2024-04-09 00:45:00+00:00,okx,89991453,ledger,internal_transfer,USDT,,,-32310.0,,,0.0,,-29732.21679501,,account=main;type=Transfer_to_sub_account;before=32310.0;after=0.0;ref=89991453,2024-04-09,,,,,,,USDT,USDT,0.920217171
2024-04-08 22:45:00+00:00,okx,89970967,ledger,internal_transfer,USDT,,,-100000.0,,,0.0,,-92395.82370000001,,account=main;type=Transfer_to_sub_account;before=100000.0;after=0.0;ref=89970967,2024-04-08,,,,,,,USDT,USDT,0.923958237
2024-04-08 22:38:00+00:00,okx,180647585,ledger,withdrawal,USDT,,,-99998.82,,,0.0,,-92394.73342928034,,account=main;type=withdrawal;before=199998.82;after=100000.0;ref=180647585,2024-04-08,,,,,,,USDT,USDT,0.923958237
2024-04-08 22:38:00+00:00,okx,818294999,ledger,internal_transfer,USDT,,,99998.82,,,0.0,,92394.73342928034,,account=main;type=transfer_in_from_trading_account;before=100000.0;after=199998.82;ref=818294999,2024-04-08,,,,,,,USDT,USDT,0.923958237
2024-04-08 22:37:00+00:00,okx,818293969,ledger,internal_transfer,USDT,,,-65.0,,,0.0,,-60.057285405,,account=main;type=transfer_out_trading_account;before=100065.0;after=100000.0;ref=818293969,2024-04-08,,,,,,,USDT,USDT,0.923958237
2024-04-08 22:36:00+00:00,okx,89968672,ledger,internal_transfer,USDT,,,65.0,,,0.0,,60.057285405,,account=main;type=transfer_from_sub_account;before=100000.0;after=100065.0;ref=89968672,2024-04-08,,,,,,,USDT,USDT,0.923958237
2024-04-08 22:35:00+00:00,okx,180646313,ledger,withdrawal,ETH,,,-0.0164836,,,0.0,,-52.59637782877829,,account=main;type=withdrawal;before=0.01648358;after=1.5e-09;ref=180646313,2024-04-08,,,,,,,ETH,ETH,3190.8307547367253
2024-04-08 22:35:00+00:00,okx,818292309,ledger,internal_transfer,ETH,,,0.01648358,,,0.0,,52.5963140121632,,account=main;type=transfer_in_from_trading_account;before=1.5e-09;after=0.01648358;ref=818292309,2024-04-08,,,,,,,ETH,ETH,3190.8307547367253
2024-04-08 22:32:00+00:00,okx,180644888,ledger,withdrawal,USDT,,,-8.82,,,0.0,,-8.14931165034,,account=main;type=withdrawal;before=100008.82;after=100000.0;ref=180644888,2024-04-08,,,,,,,USDT,USDT,0.923958237
2024-04-08 22:32:00+00:00,okx,818289119,ledger,internal_transfer,USDT,,,8.82,,,0.0,,8.14931165034,,account=main;type=transfer_in_from_trading_account;before=100000.0;after=100008.82;ref=818289119,2024-04-08,,,,,,,USDT,USDT,0.923958237
2024-04-08 22:28:00+00:00,okx,180643379,ledger,withdrawal,USDT,,,-497500.0,,,0.0,,-459669.2229075,,account=main;type=withdrawal;before=597500.0;after=100000.0;ref=180643379,2024-04-08,,,,,,,USDT,USDT,0.923958237
2024-04-08 22:25:00+00:00,okx,89966662,ledger,internal_transfer,USDT,,,597500.0,,,0.0,,552065.0466075001,,account=main;type=transfer_from_sub_account;before=0.0;after=597500.0;ref=89966662,2024-04-08,,,,,,,USDT,USDT,0.923958237
2024-04-08 22:24:00+00:00,okx,818282224,ledger,internal_transfer,USDT,,,-52139.0,,,0.0,,-48174.258518943,,account=main;type=transfer_out_trading_account;before=52139.0;after=0.0;ref=818282224,2024-04-08,,,,,,,USDT,USDT,0.923958237
2024-04-08 22:23:00+00:00,okx,89966337,ledger,internal_transfer,USDT,,,52139.0,,,0.0,,48174.258518943,,account=main;type=transfer_from_sub_account;before=0.0;after=52139.0;ref=89966337,2024-04-08,,,,,,,USDT,USDT,0.923958237
2024-04-08 19:54:00+00:00,okx,89938263,ledger,internal_transfer,USDT,,,-520000.0,,,0.0,,-480458.28324,,account=main;type=Transfer_to_sub_account;before=520000.0;after=0.0;ref=89938263,2024-04-08,,,,,,,USDT,USDT,0.923958237
2024-04-08 19:54:00+00:00,okx,818146038,ledger,internal_transfer,USDT,,,520000.0,,,0.0,,480458.28324,,account=main;type=transfer_in_from_trading_account;before=0.0;after=520000.0;ref=818146038,2024-04-08,,,,,,,USDT,USDT,0.923958237
2024-04-08 19:53:00+00:00,okx,188929354,ledger,deposit,USDT,,,520000.0,,,0.0,,480458.28324,,account=main;type=deposit;before=0.0;after=520000.0;ref=188929354,2024-04-08,,,,,,,USDT,USDT,0.923958237
2024-04-08 19:53:00+00:00,okx,818145390,ledger,internal_transfer,USDT,,,-520000.0,,,0.0,,-480458.28324,,account=main;type=transfer_out_trading_account;before=520000.0;after=0.0;ref=818145390,2024-04-08,,,,,,,USDT,USDT,0.923958237
2024-04-06 03:11:00+00:00,okx,179472476,ledger,withdrawal,TON,,,-14699.01,,,0.0,,-72450.44460194281,,account=main;type=withdrawal;before=14700.7983;after=1.78827586;ref=179472476,2024-04-06,,,,,,,TON,TON,4.928933622192434
2024-04-06 03:06:00+00:00,okx,179471383,ledger,withdrawal,TON,,,-1.01,,,0.0,,-4.978222958414358,,account=main;type=withdrawal;before=14701.8083;after=14700.7983;ref=179471383,2024-04-06,,,,,,,TON,TON,4.928933622192434
2024-04-06 03:02:00+00:00,okx,89564683,ledger,internal_transfer,TON,,,14701.8083,,,0.0,,72464.2372368978,,account=main;type=transfer_from_sub_account;before=0.0;after=14701.8083;ref=89564683,2024-04-06,,,,,,,TON,TON,4.928933622192434
2024-04-04 00:25:00+00:00,okx,178093756,ledger,withdrawal,ETH,,,-0.5155957,,,0.0,,-1575.808578050302,,account=main;type=withdrawal;before=0.51559568;after=1.5e-09;ref=178093756,2024-04-04,,,,,,,ETH,ETH,3056.287277124891
2024-04-04 00:24:00+00:00,okx,89230623,ledger,internal_transfer,ETH,,,0.51559568,,,0.0,,1575.8085169245564,,account=main;type=transfer_from_sub_account;before=2.3e-09;after=0.51559568;ref=89230623,2024-04-04,,,,,,,ETH,ETH,3056.287277124891
2024-04-04 00:16:00+00:00,okx,178088468,ledger,withdrawal,ETH,,,-4.7962867,,,0.0,,-14658.830018653327,,account=main;type=withdrawal;before=4.79628672;after=2.3e-09;ref=178088468,2024-04-04,,,,,,,ETH,ETH,3056.287277124891
2024-04-04 00:16:00+00:00,okx,89229716,ledger,internal_transfer,ETH,,,4.79628672,,,0.0,,14658.830079779074,,account=main;type=transfer_from_sub_account;before=4.7e-09;after=4.79628672;ref=89229716,2024-04-04,,,,,,,ETH,ETH,3056.287277124891
2024-04-03 23:59:00+00:00,okx,178078702,ledger,withdrawal,ETH,,,-6.9927168,,,0.0,,-21237.556034001977,,account=main;type=withdrawal;before=6.9927168;after=4.7e-09;ref=178078702,2024-04-03,,,,,,,ETH,ETH,3037.0965450798717
2024-04-03 23:27:00+00:00,okx,178059861,ledger,withdrawal,USDT,,,-700000.0,,,0.0,,-649169.99,,account=main;type=withdrawal;before=700000.0;after=0.0;ref=178059861,2024-04-03,,,,,,,USDT,USDT,0.9273857
2024-04-03 23:24:00+00:00,okx,89223700,ledger,internal_transfer,USDT,,,700000.0,,,0.0,,649169.99,,account=main;type=transfer_from_sub_account;before=0.0;after=700000.0;ref=89223700,2024-04-03,,,,,,,USDT,USDT,0.9273857
2024-04-03 23:18:00+00:00,okx,89223129,ledger,internal_transfer,ETH,,,6.99271679,,,0.0,,21237.556003631013,,account=main;type=transfer_from_sub_account;before=7e-10;after=6.9927168;ref=89223129,2024-04-03,,,,,,,ETH,ETH,3037.0965450798717
2024-04-03 05:50:00+00:00,okx,813533793,ledger,internal_transfer,USDT,,,113592.29,,,0.0,,105343.86537625299,,account=main;type=transfer_in_from_trading_account;before=0.0;after=113592.29;ref=813533793,2024-04-03,,,,,,,USDT,USDT,0.9273857
2024-04-03 05:50:00+00:00,okx,89099825,ledger,internal_transfer,USDT,,,-113592.29,,,0.0,,-105343.86537625299,,account=main;type=Transfer_to_sub_account;before=113592.29;after=0.0;ref=89099825,2024-04-03,,,,,,,USDT,USDT,0.9273857
2024-04-03 04:25:00+00:00,okx,813501330,ledger,internal_transfer,USDT,,,-113592.29,,,0.0,,-105343.86537625299,,account=main;type=transfer_out_trading_account;before=113592.294;after=0.0;ref=813501330,2024-04-03,,,,,,,USDT,USDT,0.9273857
2024-04-03 04:25:00+00:00,okx,187025874,ledger,deposit,USDT,,,113592.294,,,0.0,,105343.8690857958,,account=main;type=deposit;before=0.0;after=113592.294;ref=187025874,2024-04-03,,,,,,,USDT,USDT,0.9273857
2024-04-02 02:25:00+00:00,okx,176652067,ledger,withdrawal,USDT,,,-59253.82,,,0.0,,-55124.96043470818,,account=main;type=withdrawal;before=59253.82;after=0.0;ref=176652067,2024-04-02,,,,,,,USDT,USDT,0.930319099
2024-04-02 02:25:00+00:00,okx,812329053,ledger,internal_transfer,USDT,,,59253.82,,,0.0,,55124.96043470818,,account=main;type=transfer_in_from_trading_account;before=0.0;after=59253.82;ref=812329053,2024-04-02,,,,,,,USDT,USDT,0.930319099
2024-04-01 23:03:00+00:00,okx,186598169,ledger,deposit,USDT,,,30971.9,,,0.0,,28648.5061578547,,account=main;type=deposit;before=0.0;after=30971.9;ref=186598169,2024-04-01,,,,,,,USDT,USDT,0.924983813
2024-04-01 23:03:00+00:00,okx,812144828,ledger,internal_transfer,USDT,,,-30971.9,,,0.0,,-28648.5061578547,,account=main;type=transfer_out_trading_account;before=30971.9;after=0.0;ref=812144828,2024-04-01,,,,,,,USDT,USDT,0.924983813
2024-04-01 18:02:00+00:00,okx,186501448,ledger,deposit,USDT,,,10000.0,,,0.0,,9249.83813,,account=main;type=deposit;before=0.0;after=10000.0;ref=186501448,2024-04-01,,,,,,,USDT,USDT,0.924983813
2024-04-01 18:02:00+00:00,okx,811890204,ledger,internal_transfer,USDT,,,-10000.0,,,0.0,,-9249.83813,,account=main;type=transfer_out_trading_account;before=10000.0;after=0.0;ref=811890204,2024-04-01,,,,,,,USDT,USDT,0.924983813
2024-04-01 16:04:00+00:00,okx,176307568,ledger,withdrawal,USDT,,,-10000.0,,,0.0,,-9249.83813,,account=main;type=withdrawal;before=10000.0;after=0.0;ref=176307568,2024-04-01,,,,,,,USDT,USDT,0.924983813
2024-04-01 16:04:00+00:00,okx,811795373,ledger,internal_transfer,USDT,,,10000.0,,,0.0,,9249.83813,,account=main;type=transfer_in_from_trading_account;before=0.0;after=10000.0;ref=811795373,2024-04-01,,,,,,,USDT,USDT,0.924983813
2024-03-31 22:53:00+00:00,okx,175810696,ledger,withdrawal,USDT,,,-51.0,,,0.0,,-47.174174463,,account=main;type=withdrawal;before=51.0;after=0.0;ref=175810696,2024-03-31,,,,,,,USDT,USDT,0.924983813
2024-03-31 22:53:00+00:00,okx,811096183,ledger,internal_transfer,USDT,,,51.0,,,0.0,,47.174174463,,account=main;type=transfer_in_from_trading_account;before=0.0;after=51.0;ref=811096183,2024-03-31,,,,,,,USDT,USDT,0.924983813
2024-03-29 03:52:00+00:00,okx,808764616,ledger,internal_transfer,USDT,,,-51003.509,,,0.0,,-47177.420231199816,,account=main;type=transfer_out_trading_account;before=51003.5092;after=0.0;ref=808764616,2024-03-29,,,,,,,USDT,USDT,0.924983813
2024-03-29 03:52:00+00:00,okx,185366556,ledger,deposit,USDT,,,51003.5092,,,0.0,,47177.42041619658,,account=main;type=deposit;before=0.0;after=51003.5092;ref=185366556,2024-03-29,,,,,,,USDT,USDT,0.924983813
2024-03-28 18:51:00+00:00,okx,174039861,ledger,withdrawal,USDT,,,-31001.0,,,0.0,,-28675.423186813,,account=main;type=withdrawal;before=31001.0;after=0.0;ref=174039861,2024-03-28,,,,,,,USDT,USDT,0.924983813
2024-03-28 18:51:00+00:00,okx,808347223,ledger,internal_transfer,USDT,,,31001.0,,,0.0,,28675.423186813,,account=main;type=transfer_in_from_trading_account;before=0.0;after=31001.0;ref=808347223,2024-03-28,,,,,,,USDT,USDT,0.924983813
2024-03-28 18:46:00+00:00,okx,185218993,ledger,deposit,USDT,,,31001.0,,,0.0,,28675.423186813,,account=main;type=deposit;before=0.0;after=31001.0;ref=185218993,2024-03-28,,,,,,,USDT,USDT,0.924983813
2024-03-28 18:46:00+00:00,okx,808341787,ledger,internal_transfer,USDT,,,-31001.0,,,0.0,,-28675.423186813,,account=main;type=transfer_out_trading_account;before=31001.0;after=0.0;ref=808341787,2024-03-28,,,,,,,USDT,USDT,0.924983813
2024-03-28 04:13:00+00:00,okx,185040666,ledger,deposit,USDT,,,47983.9534,,,0.0,,44384.38017874631,,account=main;type=deposit;before=0.0;after=47983.9534;ref=185040666,2024-03-28,,,,,,,USDT,USDT,0.924983813
2024-03-28 04:13:00+00:00,okx,807791250,ledger,internal_transfer,USDT,,,-47983.953,,,0.0,,-44384.37980875279,,account=main;type=transfer_out_trading_account;before=47983.9534;after=0.0;ref=807791250,2024-03-28,,,,,,,USDT,USDT,0.924983813
2024-03-27 23:07:00+00:00,okx,807584087,ledger,internal_transfer,USDT,,,-7900.0,,,0.0,,-7303.9940827,,account=main;type=transfer_out_trading_account;before=7900.0;after=0.0;ref=807584087,2024-03-27,,,,,,,USDT,USDT,0.924556213
2024-03-27 23:07:00+00:00,okx,184975710,ledger,deposit,USDT,,,7900.0,,,0.0,,7303.9940827,,account=main;type=deposit;before=0.0;after=7900.0;ref=184975710,2024-03-27,,,,,,,USDT,USDT,0.924556213
2024-03-27 22:54:00+00:00,okx,184971524,ledger,deposit,USDT,,,53.0,,,0.0,,49.001479289,,account=main;type=deposit;before=0.0;after=53.0;ref=184971524,2024-03-27,,,,,,,USDT,USDT,0.924556213
2024-03-27 22:54:00+00:00,okx,807570691,ledger,internal_transfer,USDT,,,-53.0,,,0.0,,-49.001479289,,account=main;type=transfer_out_trading_account;before=53.0;after=0.0;ref=807570691,2024-03-27,,,,,,,USDT,USDT,0.924556213
2024-03-27 20:16:00+00:00,okx,173455647,ledger,withdrawal,USDT,,,-1001.0,,,0.0,,-925.480769213,,account=main;type=withdrawal;before=1001.0;after=0.0;ref=173455647,2024-03-27,,,,,,,USDT,USDT,0.924556213
2024-03-27 20:16:00+00:00,okx,807407221,ledger,internal_transfer,USDT,,,1001.0,,,0.0,,925.480769213,,account=main;type=transfer_in_from_trading_account;before=0.0;after=1001.0;ref=807407221,2024-03-27,,,,,,,USDT,USDT,0.924556213
2024-03-27 19:04:00+00:00,okx,173428198,ledger,withdrawal,USDT,,,-6941.0,,,0.0,,-6417.344674433,,account=main;type=withdrawal;before=6941.0;after=0.0;ref=173428198,2024-03-27,,,,,,,USDT,USDT,0.924556213
2024-03-27 19:04:00+00:00,okx,807352510,ledger,internal_transfer,USDT,,,6941.0,,,0.0,,6417.344674433,,account=main;type=transfer_in_from_trading_account;before=0.0;after=6941.0;ref=807352510,2024-03-27,,,,,,,USDT,USDT,0.924556213
2024-03-27 16:35:00+00:00,okx,173372396,ledger,withdrawal,USDT,,,-11.0,,,0.0,,-10.170118343,,account=main;type=withdrawal;before=11.0;after=0.0;ref=173372396,2024-03-27,,,,,,,USDT,USDT,0.924556213
2024-03-27 16:35:00+00:00,okx,807236912,ledger,internal_transfer,USDT,,,11.0,,,0.0,,10.170118343,,account=main;type=transfer_in_from_trading_account;before=0.0;after=11.0;ref=807236912,2024-03-27,,,,,,,USDT,USDT,0.924556213
2024-03-27 05:43:00+00:00,okx,184719012,ledger,deposit,XRP,,,7868.6065,,,0.0,,4604.079962679428,,account=main;type=deposit;before=0.0;after=7868.6065;ref=184719012,2024-03-27,,,,,,,XRP,XRP,0.5851201178606946
2024-03-27 05:41:00+00:00,okx,173195461,ledger,withdrawal,XTZ,,,-6658.0415,,,0.0,,-8480.9562107891,,account=main;type=withdrawal;before=6658.04152;after=5.05e-07;ref=173195461,2024-03-27,,,,,,,XTZ,XTZ,1.2737914311271714
2024-03-27 05:35:00+00:00,okx,173194392,ledger,withdrawal,XTZ,,,-1.08,,,0.0,,-1.3756947456173452,,account=main;type=withdrawal;before=6659.12152;after=6658.04152;ref=173194392,2024-03-27,,,,,,,XTZ,XTZ,1.2737914311271714
2024-03-27 05:29:00+00:00,okx,173193309,ledger,withdrawal,AVAX,,,-199.8015,,,0.0,,-10310.578198115974,,account=main;type=withdrawal;before=199.801497;after=9.6e-09;ref=173193309,2024-03-27,,,,,,,AVAX,AVAX,51.6041080678372
2024-03-27 05:25:00+00:00,okx,87952985,ledger,internal_transfer,XTZ,,,6659.12152,,,0.0,,8482.331931010545,,account=main;type=transfer_from_sub_account;before=0.0;after=6659.12152;ref=87952985,2024-03-27,,,,,,,XTZ,XTZ,1.2737914311271714
2024-03-27 05:20:00+00:00,okx,173191531,ledger,withdrawal,AVAX,,,-0.1064,,,0.0,,-5.490677098417878,,account=main;type=withdrawal;before=199.907897;after=199.801497;ref=173191531,2024-03-27,,,,,,,AVAX,AVAX,51.6041080678372
2024-03-27 05:20:00+00:00,okx,87952423,ledger,internal_transfer,AVAX,,,199.907897,,,0.0,,10316.068720402069,,account=main;type=transfer_from_sub_account;before=0.0;after=199.907897;ref=87952423,2024-03-27,,,,,,,AVAX,AVAX,51.6041080678372
2024-03-27 05:17:00+00:00,okx,173190964,ledger,withdrawal,SUI,,,-6785.8845,,,0.0,,-11842.31470601005,,account=main;type=withdrawal;before=6785.8845;after=0.0;ref=173190964,2024-03-27,,,,,,,SUI,SUI,1.745139444387839
2024-03-27 05:15:00+00:00,okx,173190439,ledger,withdrawal,SUI,,,-1.06,,,0.0,,-1.8498478110511094,,account=main;type=withdrawal;before=6786.9445;after=6785.8845;ref=173190439,2024-03-27,,,,,,,SUI,SUI,1.745139444387839
2024-03-27 05:11:00+00:00,okx,87951444,ledger,internal_transfer,SUI,,,6786.9445,,,0.0,,11844.1645538211,,account=main;type=transfer_from_sub_account;before=0.0;after=6786.9445;ref=87951444,2024-03-27,,,,,,,SUI,SUI,1.745139444387839
2024-03-27 05:09:00+00:00,okx,173189388,ledger,withdrawal,SHIB,,,-436000000.0,,,0.0,,-12375.15552712302,,account=main;type=withdrawal;before=436000000.0;after=0.0;ref=173189388,2024-03-27,,,,,,,SHIB,SHIB,2.838338423652069e-05
2024-03-27 05:08:00+00:00,okx,87951120,ledger,internal_transfer,SHIB,,,436000000.0,,,0.0,,12375.15552712302,,account=main;type=transfer_from_sub_account;before=0.0;after=436000000.0;ref=87951120,2024-03-27,,,,,,,SHIB,SHIB,2.838338423652069e-05
2024-03-27 05:07:00+00:00,okx,173189176,ledger,withdrawal,TIA,,,-998.95012,,,0.0,,-12826.48911274363,,account=main;type=withdrawal;before=998.95012;after=4.8e-07;ref=173189176,2024-03-27,,,,,,,TIA,TIA,12.839969539964248
2024-03-27 05:05:00+00:00,okx,173188782,ledger,withdrawal,TIA,,,-1.1,,,0.0,,-14.123966493960673,,account=main;type=withdrawal;before=1000.05012;after=998.95012;ref=173188782,2024-03-27,,,,,,,TIA,TIA,12.839969539964248
2024-03-27 05:04:00+00:00,okx,87950934,ledger,internal_transfer,TIA,,,1000.05012,,,0.0,,12840.61307923759,,account=main;type=transfer_from_sub_account;before=0.0;after=1000.05012;ref=87950934,2024-03-27,,,,,,,TIA,TIA,12.839969539964248
2024-03-27 05:04:00+00:00,okx,173188556,ledger,withdrawal,ATOM,,,-1514.3776,,,0.0,,-17122.293889012602,,account=main;type=withdrawal;before=1514.3776;after=0.0;ref=173188556,2024-03-27,,,,,,,ATOM,ATOM,11.306489140497456
2024-03-27 05:00:00+00:00,okx,173187913,ledger,withdrawal,ATOM,,,-1.016,,,0.0,,-11.487392966745416,,account=main;type=withdrawal;before=1515.3936;after=1514.3776;ref=173187913,2024-03-27,,,,,,,ATOM,ATOM,11.306489140497456
2024-03-27 04:57:00+00:00,okx,87950273,ledger,internal_transfer,ATOM,,,1515.3936,,,0.0,,17133.781281979347,,account=main;type=transfer_from_sub_account;before=0.0;after=1515.3936;ref=87950273,2024-03-27,,,,,,,ATOM,ATOM,11.306489140497456
2024-03-27 04:55:00+00:00,okx,173187023,ledger,withdrawal,BONK,,,-791000000.0,,,0.0,,-19734.764337069926,,account=main;type=withdrawal;before=791000000.0;after=0.0;ref=173187023,2024-03-27,,,,,,,BONK,BONK,2.494913316949422e-05
2024-03-27 04:47:00+00:00,okx,173185464,ledger,withdrawal,BONK,,,-35097.21,,,0.0,,-0.8756449661677042,,account=main;type=withdrawal;before=791000000.0;after=791000000.0;ref=173185464,2024-03-27,,,,,,,BONK,BONK,2.494913316949422e-05
2024-03-27 04:44:00+00:00,okx,806802038,ledger,internal_transfer,USDT,,,-8181.9702,,,0.0,,-7564.691382990853,,account=main;type=transfer_out_trading_account;before=8181.97024;after=0.0;ref=806802038,2024-03-27,,,,,,,USDT,USDT,0.924556213
2024-03-27 04:38:00+00:00,okx,87948402,ledger,internal_transfer,BONK,,,791000000.0,,,0.0,,19734.764337069926,,account=main;type=transfer_from_sub_account;before=0.0;after=791000000.0;ref=87948402,2024-03-27,,,,,,,BONK,BONK,2.494913316949422e-05
2024-03-27 04:38:00+00:00,okx,173183807,ledger,withdrawal,PEPE,,,-3600000000.0,,,0.0,,-26776.638992463017,,account=main;type=withdrawal;before=3600000000.0;after=0.0;ref=173183807,2024-03-27,,,,,,,PEPE,PEPE,7.437955275684172e-06
2024-03-27 04:31:00+00:00,okx,173182640,ledger,withdrawal,MATIC,,,-25059.652,,,0.0,,-24324.23460544349,,account=main;type=withdrawal;before=25059.6517;after=2.55e-09;ref=173182640,2024-03-27,,,,,,,MATIC,MATIC,0.9706533277255204
2024-03-27 04:22:00+00:00,okx,173180887,ledger,withdrawal,MATIC,,,-0.2,,,0.0,,-0.19413066554510408,,account=main;type=withdrawal;before=25059.8517;after=25059.6517;ref=173180887,2024-03-27,,,,,,,MATIC,MATIC,0.9706533277255204
2024-03-27 04:21:00+00:00,okx,87946966,ledger,internal_transfer,MATIC,,,25059.8517,,,0.0,,24324.42844491304,,account=main;type=transfer_from_sub_account;before=0.0;after=25059.8517;ref=87946966,2024-03-27,,,,,,,MATIC,MATIC,0.9706533277255204
2024-03-27 04:20:00+00:00,okx,173180622,ledger,withdrawal,PEPE,,,-2434107.2,,,0.0,,-18.10478048982083,,account=main;type=withdrawal;before=3600000000.0;after=3600000000.0;ref=173180622,2024-03-27,,,,,,,PEPE,PEPE,7.437955275684172e-06
2024-03-27 04:20:00+00:00,okx,87946868,ledger,internal_transfer,PEPE,,,3600000000.0,,,0.0,,26776.638992463017,,account=main;type=transfer_from_sub_account;before=0.0;after=3600000000.0;ref=87946868,2024-03-27,,,,,,,PEPE,PEPE,7.437955275684172e-06
2024-03-27 04:14:00+00:00,okx,173179382,ledger,withdrawal,BTC,,,-0.5038393,,,0.0,,-32646.16459963866,,account=main;type=withdrawal;before=0.50383932;after=9.47e-09;ref=173179382,2024-03-27,,,,,,,BTC,BTC,64794.79587963595
2024-03-27 04:07:00+00:00,okx,184704598,ledger,deposit,USDT,,,6335.06031,,,0.0,,5857.119369340206,,account=main;type=deposit;before=1846.90993;after=8181.97024;ref=184704598,2024-03-27,,,,,,,USDT,USDT,0.924556213
2024-03-27 03:59:00+00:00,okx,173176501,ledger,withdrawal,BTC,,,-0.00105,,,0.0,,-68.03453567361774,,account=main;type=withdrawal;before=0.50488932;after=0.50383932;ref=173176501,2024-03-27,,,,,,,BTC,BTC,64794.79587963595
2024-03-27 03:56:00+00:00,okx,87944165,ledger,internal_transfer,BTC,,,0.50488931,,,0.0,,32714.199783260243,,account=main;type=transfer_from_sub_account;before=9.4e-09;after=0.50488932;ref=87944165,2024-03-27,,,,,,,BTC,BTC,64794.79587963595
2024-03-27 03:51:00+00:00,okx,173174866,ledger,withdrawal,DOGE,,,-300281.36,,,0.0,,-50674.93687140506,,account=main;type=withdrawal;before=300281.363;after=3.9e-09;ref=173174866,2024-03-27,,,,,,,DOGE,DOGE,0.168758183562926
2024-03-27 03:50:00+00:00,okx,173174480,ledger,withdrawal,FET,,,-12443.393,,,0.0,,-32741.95619126678,,account=main;type=withdrawal;before=12443.393;after=0.0;ref=173174480,2024-03-27,,,,,,,FET,FET,2.6312723701057084
2024-03-27 03:43:00+00:00,okx,173172992,ledger,withdrawal,FET,,,-11.0,,,0.0,,-28.943996071162793,,account=main;type=withdrawal;before=12454.393;after=12443.393;ref=173172992,2024-03-27,,,,,,,FET,FET,2.6312723701057084
2024-03-27 03:43:00+00:00,okx,87942471,ledger,internal_transfer,FET,,,12454.393,,,0.0,,32770.900187337946,,account=main;type=transfer_from_sub_account;before=0.0;after=12454.393;ref=87942471,2024-03-27,,,,,,,FET,FET,2.6312723701057084
2024-03-27 03:41:00+00:00,okx,173172431,ledger,withdrawal,DOGE,,,-104.0,,,0.0,,-17.550851090544302,,account=main;type=withdrawal;before=300385.363;after=300281.363;ref=173172431,2024-03-27,,,,,,,DOGE,DOGE,0.168758183562926
2024-03-27 03:38:00+00:00,okx,87941939,ledger,internal_transfer,DOGE,,,300385.363,,,0.0,,50692.48822877016,,account=main;type=transfer_from_sub_account;before=0.0;after=300385.363;ref=87941939,2024-03-27,,,,,,,DOGE,DOGE,0.168758183562926
2024-03-27 03:37:00+00:00,okx,173171658,ledger,withdrawal,BNB,,,-100.08106,,,0.0,,-53746.56634981516,,account=main;type=withdrawal;before=100.08106;after=0.0;ref=173171658,2024-03-27,,,,,,,BNB,BNB,537.0303466991173
2024-03-27 03:36:00+00:00,okx,184699380,ledger,deposit,USDT,,,1846.90993,,,0.0,,1707.572050632895,,account=main;type=deposit;before=5.82e-07;after=1846.90993;ref=184699380,2024-03-27,,,,,,,USDT,USDT,0.924556213
2024-03-27 03:34:00+00:00,okx,173170946,ledger,withdrawal,BNB,,,-0.012,,,0.0,,-6.444364160389408,,account=main;type=withdrawal;before=100.09306;after=100.08106;ref=173170946,2024-03-27,,,,,,,BNB,BNB,537.0303466991173
2024-03-27 03:33:00+00:00,okx,87941608,ledger,internal_transfer,BNB,,,100.09306,,,0.0,,53753.01071397555,,account=main;type=transfer_from_sub_account;before=0.0;after=100.09306;ref=87941608,2024-03-27,,,,,,,BNB,BNB,537.0303466991173
2024-03-27 03:31:00+00:00,okx,173170404,ledger,withdrawal,CFX,,,-185125.34,,,0.0,,-85551.89189084937,,account=main;type=withdrawal;before=185125.342;after=5.1e-09;ref=173170404,2024-03-27,,,,,,,CFX,CFX,0.4621295598476652
2024-03-27 03:27:00+00:00,okx,173169505,ledger,withdrawal,GRT,,,-211556.71,,,0.0,,-77849.30103276155,,account=main;type=withdrawal;before=211556.711;after=1.2e-09;ref=173169505,2024-03-27,,,,,,,GRT,GRT,0.3679831333771524
2024-03-27 03:24:00+00:00,okx,173168732,ledger,withdrawal,GRT,,,-43.4,,,0.0,,-15.970467988568412,,account=main;type=withdrawal;before=211600.111;after=211556.711;ref=173168732,2024-03-27,,,,,,,GRT,GRT,0.3679831333771524
2024-03-27 03:23:00+00:00,okx,87940630,ledger,internal_transfer,GRT,,,211600.111,,,0.0,,77865.27186873325,,account=main;type=transfer_from_sub_account;before=0.0;after=211600.111;ref=87940630,2024-03-27,,,,,,,GRT,GRT,0.3679831333771524
2024-03-27 03:21:00+00:00,okx,173167932,ledger,withdrawal,CFX,,,-5.01,,,0.0,,-2.3152690948368027,,account=main;type=withdrawal;before=185130.352;after=185125.342;ref=173167932,2024-03-27,,,,,,,CFX,CFX,0.4621295598476652
2024-03-27 03:19:00+00:00,okx,173167536,ledger,withdrawal,USDT,,,-341881.93,,,0.0,,-316089.0624939311,,account=main;type=withdrawal;before=341881.928;after=5.82e-07;ref=173167536,2024-03-27,,,,,,,USDT,USDT,0.924556213
2024-03-27 03:16:00+00:00,okx,184695635,ledger,deposit,USDT,,,341881.928,,,0.0,,316089.0606448187,,account=main;type=deposit;before=5.82e-07;after=341881.928;ref=184695635,2024-03-27,,,,,,,USDT,USDT,0.924556213
2024-03-27 03:13:00+00:00,okx,173166190,ledger,withdrawal,CFX,,,-6.0,,,0.0,,-2.772777359085991,,account=main;type=withdrawal;before=185136.352;after=185130.352;ref=173166190,2024-03-27,,,,,,,CFX,CFX,0.4621295598476652
2024-03-27 03:07:00+00:00,okx,173164716,ledger,withdrawal,CFX,,,-6.0,,,0.0,,-2.772777359085991,,account=main;type=withdrawal;before=185142.352;after=185136.352;ref=173164716,2024-03-27,,,,,,,CFX,CFX,0.4621295598476652
2024-03-27 03:04:00+00:00,okx,87938293,ledger,internal_transfer,CFX,,,185142.352,,,0.0,,85559.7536389215,,account=main;type=transfer_from_sub_account;before=0.0;after=185142.352;ref=87938293,2024-03-27,,,,,,,CFX,CFX,0.4621295598476652
2024-03-27 02:35:00+00:00,okx,173156859,ledger,withdrawal,USDT,,,-137443.25,,,0.0,,-127074.01072241225,,account=main;type=withdrawal;before=137443.248;after=5.82e-07;ref=173156859,2024-03-27,,,,,,,USDT,USDT,0.924556213
2024-03-27 02:33:00+00:00,okx,1648242014,ledger,saving,USDT,,,137443.248,,,0.0,,127074.00887329981,,account=main;type=saving_unsubscribe;before=5.72e-07;after=137443.248;ref=1648242014,2024-03-27,,,,,,,USDT,USDT,0.924556213
2024-03-27 02:23:00+00:00,okx,173154044,ledger,withdrawal,USDT,,,-868893.14,,,0.0,,-803340.5510200788,,account=main;type=withdrawal;before=868893.137;after=5.72e-07;ref=173154044,2024-03-27,,,,,,,USDT,USDT,0.924556213
2024-03-27 02:21:00+00:00,okx,87932972,ledger,internal_transfer,USDT,,,868893.137,,,0.0,,803340.5482464102,,account=main;type=transfer_from_sub_account;before=2.48e-09;after=868893.137;ref=87932972,2024-03-27,,,,,,,USDT,USDT,0.924556213
2024-03-27 00:41:00+00:00,okx,173124851,ledger,withdrawal,USDT,,,-10000.0,,,0.0,,-9245.56213,,account=main;type=withdrawal;before=10000.0;after=2.48e-09;ref=173124851,2024-03-27,,,,,,,USDT,USDT,0.924556213
2024-03-27 00:39:00+00:00,okx,87921709,ledger,internal_transfer,USDT,,,10000.0,,,0.0,,9245.56213,,account=main;type=transfer_from_sub_account;before=2.48e-09;after=10000.0;ref=87921709,2024-03-27,,,,,,,USDT,USDT,0.924556213
2024-03-26 19:59:00+00:00,okx,173003392,ledger,withdrawal,USDT,,,-356250.0,,,0.0,,-328189.77423750004,,account=main;type=withdrawal;before=356250.0;after=2.48e-09;ref=173003392,2024-03-26,,,,,,,USDT,USDT,0.921234454
2024-03-26 19:55:00+00:00,okx,87876297,ledger,internal_transfer,USDT,,,356250.0,,,0.0,,328189.77423750004,,account=main;type=transfer_from_sub_account;before=2.48e-09;after=356250.0;ref=87876297,2024-03-26,,,,,,,USDT,USDT,0.921234454
2024-03-26 05:38:00+00:00,okx,1647224162,ledger,saving,USDT,,,-6.1800001,,,0.0,,-5.6932290178434455,,account=main;type=saving_subscribe;before=6.18000005;after=2.48e-09;ref=1647224162,2024-03-26,,,,,,,USDT,USDT,0.921234454
2024-03-26 02:03:00+00:00,okx,172549472,ledger,withdrawal,USDT,,,-499993.82,,,0.0,,-460611.5337710743,,account=main;type=withdrawal;before=500000.0;after=6.18000005;ref=172549472,2024-03-26,,,,,,,USDT,USDT,0.921234454
2024-03-26 02:01:00+00:00,okx,1647145546,ledger,saving,USDT,,,500000.0,,,0.0,,460617.227,,account=main;type=saving_unsubscribe;before=5.25e-08;after=500000.0;ref=1647145546,2024-03-26,,,,,,,USDT,USDT,0.921234454
2024-03-26 01:55:00+00:00,okx,172546247,ledger,withdrawal,USDT,,,-23636.275,,,0.0,,-21774.550894218854,,account=main;type=withdrawal;before=23636.2748;after=5.25e-08;ref=172546247,2024-03-26,,,,,,,USDT,USDT,0.921234454
2024-03-26 01:52:00+00:00,okx,805663436,ledger,internal_transfer,USDT,,,36.2747971,,,0.0,,33.41759290037928,,account=main;type=transfer_in_from_trading_account;before=23600.0;after=23636.2748;ref=805663436,2024-03-26,,,,,,,USDT,USDT,0.921234454
2024-03-26 01:52:00+00:00,okx,87761761,ledger,internal_transfer,USDT,,,23600.0,,,0.0,,21741.1331144,,account=main;type=transfer_from_sub_account;before=0.0;after=23600.0;ref=87761761,2024-03-26,,,,,,,USDT,USDT,0.921234454
2024-03-26 01:23:00+00:00,okx,172532544,ledger,withdrawal,USDT,,,-4965.8,,,0.0,,-4574.6660516732,,account=main;type=withdrawal;before=4965.8;after=0.0;ref=172532544,2024-03-26,,,,,,,USDT,USDT,0.921234454
2024-03-26 01:22:00+00:00,okx,805635427,ledger,internal_transfer,USDT,,,4965.8,,,0.0,,4574.6660516732,,account=main;type=transfer_in_from_trading_account;before=0.0;after=4965.8;ref=805635427,2024-03-26,,,,,,,USDT,USDT,0.921234454
2024-03-26 01:17:00+00:00,okx,172530121,ledger,withdrawal,MATIC,,,-11.331695,,,0.0,,-10.887835273106528,,account=main;type=withdrawal;before=11.3316954;after=0.0;ref=172530121,2024-03-26,,,,,,,MATIC,MATIC,0.9608302441167476
2024-03-26 01:17:00+00:00,okx,805629791,ledger,internal_transfer,MATIC,,,11.3316954,,,0.0,,10.887835657438625,,account=main;type=transfer_in_from_trading_account;before=0.0;after=11.3316954;ref=805629791,2024-03-26,,,,,,,MATIC,MATIC,0.9608302441167476
2024-03-26 01:10:00+00:00,okx,805622375,ledger,internal_transfer,USDT,,,-5005.0,,,0.0,,-4610.778442270001,,account=main;type=transfer_out_trading_account;before=5005.0;after=0.0;ref=805622375,2024-03-26,,,,,,,USDT,USDT,0.921234454
2024-03-26 01:07:00+00:00,okx,87754216,ledger,internal_transfer,USDT,,,5005.0,,,0.0,,4610.778442270001,,account=main;type=transfer_from_sub_account;before=0.0;after=5005.0;ref=87754216,2024-03-26,,,,,,,USDT,USDT,0.921234454
2024-03-26 00:33:00+00:00,okx,172511433,ledger,withdrawal,USDT,,,-10000.0,,,0.0,,-9212.34454,,account=main;type=withdrawal;before=10000.0;after=0.0;ref=172511433,2024-03-26,,,,,,,USDT,USDT,0.921234454
2024-03-26 00:31:00+00:00,okx,87747751,ledger,internal_transfer,USDT,,,10000.0,,,0.0,,9212.34454,,account=main;type=transfer_from_sub_account;before=0.0;after=10000.0;ref=87747751,2024-03-26,,,,,,,USDT,USDT,0.921234454
2024-03-25 23:12:00+00:00,okx,172476883,ledger,withdrawal,ETH,,,-0.0508081,,,0.0,,-161.9789927939849,,account=main;type=withdrawal;before=0.05080813;after=7e-10;ref=172476883,2024-03-25,,,,,,,ETH,ETH,3188.054518747698
2024-03-25 23:12:00+00:00,okx,805484359,ledger,internal_transfer,ETH,,,0.05080813,,,0.0,,161.97908843562047,,account=main;type=transfer_in_from_trading_account;before=7e-10;after=0.05080813;ref=805484359,2024-03-25,,,,,,,ETH,ETH,3188.054518747698
2024-03-25 23:06:00+00:00,okx,805476088,ledger,internal_transfer,USDT,,,-190.36,,,0.0,,-175.68989384588,,account=main;type=transfer_out_trading_account;before=190.36;after=0.0;ref=805476088,2024-03-25,,,,,,,USDT,USDT,0.922934933
2024-03-25 22:59:00+00:00,okx,172470819,ledger,withdrawal,USDT,,,-59793.82,,,0.0,,-55185.80525551406,,account=main;type=withdrawal;before=59984.18;after=190.36;ref=172470819,2024-03-25,,,,,,,USDT,USDT,0.922934933
2024-03-25 22:50:00+00:00,okx,172466211,ledger,withdrawal,USDT,,,-15.82,,,0.0,,-14.60083064006,,account=main;type=withdrawal;before=60000.0;after=59984.18;ref=172466211,2024-03-25,,,,,,,USDT,USDT,0.922934933
2024-03-25 22:50:00+00:00,okx,87729292,ledger,internal_transfer,USDT,,,60000.0,,,0.0,,55376.09598,,account=main;type=transfer_from_sub_account;before=0.0;after=60000.0;ref=87729292,2024-03-25,,,,,,,USDT,USDT,0.922934933
2024-03-25 22:38:00+00:00,okx,172460112,ledger,withdrawal,BTC,,,-0.0132023,,,0.0,,-820.1751678047737,,account=main;type=withdrawal;before=0.01320226;after=9.4e-09;ref=172460112,2024-03-25,,,,,,,BTC,BTC,62123.65783270897
2024-03-25 22:36:00+00:00,okx,87726673,ledger,internal_transfer,BTC,,,0.01320225,,,0.0,,820.172061621882,,account=main;type=transfer_from_sub_account;before=9.4e-09;after=0.01320226;ref=87726673,2024-03-25,,,,,,,BTC,BTC,62123.65783270897
2024-03-25 19:46:00+00:00,okx,172360000,ledger,withdrawal,USDT,,,-23357.489,,,0.0,,-21557.44254526324,,account=main;type=withdrawal;before=23357.489;after=0.0;ref=172360000,2024-03-25,,,,,,,USDT,USDT,0.922934933
2024-03-25 19:46:00+00:00,okx,805238277,ledger,internal_transfer,USDT,,,23357.489,,,0.0,,21557.44254526324,,account=main;type=transfer_in_from_trading_account;before=0.0;after=23357.489;ref=805238277,2024-03-25,,,,,,,USDT,USDT,0.922934933
2024-03-25 19:42:00+00:00,okx,172357353,ledger,withdrawal,USDT,,,-11.0,,,0.0,,-10.152284263,,account=main;type=withdrawal;before=11.0;after=0.0;ref=172357353,2024-03-25,,,,,,,USDT,USDT,0.922934933
2024-03-25 19:41:00+00:00,okx,805233665,ledger,internal_transfer,USDT,,,11.0,,,0.0,,10.152284263,,account=main;type=transfer_in_from_trading_account;before=0.0;after=11.0;ref=805233665,2024-03-25,,,,,,,USDT,USDT,0.922934933
2024-03-25 19:38:00+00:00,okx,172355363,ledger,withdrawal,USDC,,,-1629.2665,,,0.0,,-1503.7069680166444,,account=main;type=withdrawal;before=1629.2665;after=0.0;ref=172355363,2024-03-25,,,,,,,USDC,USDC,0.922934933
2024-03-25 18:56:00+00:00,okx,1646791883,ledger,saving,USDT,,,-40000.0,,,0.0,,-36917.39732,,account=main;type=saving_subscribe;before=40000.0;after=0.0;ref=1646791883,2024-03-25,,,,,,,USDT,USDT,0.922934933
2024-03-25 18:56:00+00:00,okx,805186361,ledger,internal_transfer,USDT,,,40000.0,,,0.0,,36917.39732,,account=main;type=transfer_in_from_trading_account;before=0.0;after=40000.0;ref=805186361,2024-03-25,,,,,,,USDT,USDT,0.922934933
2024-03-25 18:56:00+00:00,okx,805185955,ledger,internal_transfer,USDT,,,-40000.0,,,0.0,,-36917.39732,,account=main;type=transfer_out_trading_account;before=40000.0;after=0.0;ref=805185955,2024-03-25,,,,,,,USDT,USDT,0.922934933
2024-03-25 18:55:00+00:00,okx,1646791380,ledger,saving,USDT,,,40000.0,,,0.0,,36917.39732,,account=main;type=saving_unsubscribe;before=0.0;after=40000.0;ref=1646791380,2024-03-25,,,,,,,USDT,USDT,0.922934933
2024-03-25 18:54:00+00:00,okx,805183614,ledger,internal_transfer,USDC,,,1629.2665,,,0.0,,1503.7069680166444,,account=main;type=transfer_in_from_trading_account;before=0.0;after=1629.2665;ref=805183614,2024-03-25,,,,,,,USDC,USDC,0.922934933
2024-03-25 18:53:00+00:00,okx,805182674,ledger,internal_transfer,USDT,,,-24998.0,,,0.0,,-23071.527455133997,,account=main;type=transfer_out_trading_account;before=24998.0;after=0.0;ref=805182674,2024-03-25,,,,,,,USDT,USDT,0.922934933
2024-03-25 18:09:00+00:00,okx,172309739,ledger,withdrawal,USDT,,,-9991.0,,,0.0,,-9221.042915603,,account=main;type=withdrawal;before=34989.0;after=24998.0;ref=172309739,2024-03-25,,,,,,,USDT,USDT,0.922934933
2024-03-25 18:05:00+00:00,okx,172307587,ledger,withdrawal,USDT,,,-11.0,,,0.0,,-10.152284263,,account=main;type=withdrawal;before=35000.0;after=34989.0;ref=172307587,2024-03-25,,,,,,,USDT,USDT,0.922934933
2024-03-25 18:03:00+00:00,okx,87683075,ledger,internal_transfer,USDT,,,35000.0,,,0.0,,32302.722654999998,,account=main;type=transfer_from_sub_account;before=6.98e-09;after=35000.0;ref=87683075,2024-03-25,,,,,,,USDT,USDT,0.922934933
2024-03-23 18:25:00+00:00,okx,171387467,ledger,withdrawal,USDT,,,-13.82,,,0.0,,-12.76910283534,,account=main;type=withdrawal;before=13.82;after=6.98e-09;ref=171387467,2024-03-23,,,,,,,USDT,USDT,0.923958237
2024-03-23 18:24:00+00:00,okx,1644927338,ledger,saving,USDT,,,13.82,,,0.0,,12.76910283534,,account=main;type=saving_unsubscribe;before=6.98e-09;after=13.82;ref=1644927338,2024-03-23,,,,,,,USDT,USDT,0.923958237
2024-03-23 01:18:00+00:00,okx,1644265400,ledger,saving,USDT,,,-600001.18,,,0.0,,-554376.0324707198,,account=main;type=saving_subscribe;before=600001.18;after=6.98e-09;ref=1644265400,2024-03-23,,,,,,,USDT,USDT,0.923958237
2024-03-23 01:18:00+00:00,okx,802751959,ledger,internal_transfer,USDT,,,600000.0,,,0.0,,554374.9422,,account=main;type=transfer_in_from_trading_account;before=1.1800004;after=600001.18;ref=802751959,2024-03-23,,,,,,,USDT,USDT,0.923958237
2024-03-23 01:17:00+00:00,okx,802751443,ledger,internal_transfer,USDT,,,-600000.0,,,0.0,,-554374.9422,,account=main;type=transfer_out_trading_account;before=600001.18;after=1.1800004;ref=802751443,2024-03-23,,,,,,,USDT,USDT,0.923958237
2024-03-23 01:17:00+00:00,okx,182989511,ledger,deposit,USDT,,,600000.0,,,0.0,,554374.9422,,account=main;type=deposit;before=1.1800004;after=600001.18;ref=182989511,2024-03-23,,,,,,,USDT,USDT,0.923958237
2024-03-22 22:11:00+00:00,okx,171046082,ledger,withdrawal,USDT,,,-100000.0,,,0.0,,-92395.82370000001,,account=main;type=withdrawal;before=100001.18;after=1.1800004;ref=171046082,2024-03-22,,,,,,,USDT,USDT,0.923958237
2024-03-22 22:09:00+00:00,okx,1644127539,ledger,saving,USDT,,,100000.0,,,0.0,,92395.82370000001,,account=main;type=saving_unsubscribe;before=1.1800004;after=100001.18;ref=1644127539,2024-03-22,,,,,,,USDT,USDT,0.923958237
2024-03-21 23:45:00+00:00,okx,170665006,ledger,withdrawal,USDT,,,-98753.82,,,0.0,,-90541.6888441989,,account=main;type=withdrawal;before=98755.0;after=1.1800004;ref=170665006,2024-03-21,,,,,,,USDT,USDT,0.916842395
2024-03-21 23:44:00+00:00,okx,1643151563,ledger,saving,USDT,,,98755.0,,,0.0,,90542.770718225,,account=main;type=saving_unsubscribe;before=3.97e-07;after=98755.0;ref=1643151563,2024-03-21,,,,,,,USDT,USDT,0.916842395
2024-03-21 23:27:00+00:00,okx,170658392,ledger,withdrawal,USDT,,,-986.32,,,0.0,,-904.2999910364,,account=main;type=withdrawal;before=986.32;after=3.97e-07;ref=170658392,2024-03-21,,,,,,,USDT,USDT,0.916842395
2024-03-21 23:26:00+00:00,okx,801690229,ledger,internal_transfer,USDT,,,986.32,,,0.0,,904.2999910364,,account=main;type=transfer_in_from_trading_account;before=3.97e-07;after=986.32;ref=801690229,2024-03-21,,,,,,,USDT,USDT,0.916842395
2024-03-21 23:09:00+00:00,okx,801674353,ledger,internal_transfer,USDT,,,-986.32,,,0.0,,-904.2999910364,,account=main;type=transfer_out_trading_account;before=986.32;after=3.97e-07;ref=801674353,2024-03-21,,,,,,,USDT,USDT,0.916842395
2024-03-21 23:09:00+00:00,okx,182618708,ledger,deposit,USDT,,,986.32,,,0.0,,904.2999910364,,account=main;type=deposit;before=3.97e-07;after=986.32;ref=182618708,2024-03-21,,,,,,,USDT,USDT,0.916842395
2024-03-21 17:46:00+00:00,okx,170529154,ledger,withdrawal,USDT,,,-13.82,,,0.0,,-12.6707618989,,account=main;type=withdrawal;before=13.8200004;after=3.97e-07;ref=170529154,2024-03-21,,,,,,,USDT,USDT,0.916842395
2024-03-21 17:46:00+00:00,okx,801414363,ledger,internal_transfer,USDT,,,13.82,,,0.0,,12.6707618989,,account=main;type=transfer_in_from_trading_account;before=3.97e-07;after=13.8200004;ref=801414363,2024-03-21,,,,,,,USDT,USDT,0.916842395
2024-03-21 17:45:00+00:00,okx,182515225,ledger,deposit,USDT,,,13.82,,,0.0,,12.6707618989,,account=main;type=deposit;before=3.97e-07;after=13.8200004;ref=182515225,2024-03-21,,,,,,,USDT,USDT,0.916842395
2024-03-21 17:45:00+00:00,okx,801413708,ledger,internal_transfer,USDT,,,-13.82,,,0.0,,-12.6707618989,,account=main;type=transfer_out_trading_account;before=13.8200004;after=3.97e-07;ref=801413708,2024-03-21,,,,,,,USDT,USDT,0.916842395
2024-03-21 00:48:00+00:00,okx,170264217,ledger,withdrawal,USDT,,,-127535.89,,,0.0,,-116930.31083605655,,account=main;type=withdrawal;before=127535.892;after=3.97e-07;ref=170264217,2024-03-21,,,,,,,USDT,USDT,0.916842395
2024-03-21 00:47:00+00:00,okx,86873760,ledger,internal_transfer,USDT,,,127535.893,,,0.0,,116930.31358658372,,account=main;type=transfer_from_sub_account;before=1.37e-07;after=127535.892;ref=86873760,2024-03-21,,,,,,,USDT,USDT,0.916842395
2024-03-20 20:49:00+00:00,okx,170171414,ledger,withdrawal,USDT,,,-220055.71,,,0.0,,-202928.5410517031,,account=main;type=withdrawal;before=220055.713;after=1.37e-07;ref=170171414,2024-03-20,,,,,,,USDT,USDT,0.922168941
2024-03-20 20:46:00+00:00,okx,86839218,ledger,internal_transfer,USDT,,,220055.163,,,0.0,,202928.03662529238,,account=main;type=transfer_from_sub_account;before=0.54955065;after=220055.713;ref=86839218,2024-03-20,,,,,,,USDT,USDT,0.922168941
2024-03-20 20:43:00+00:00,okx,800429584,ledger,internal_transfer,USDT,,,37555.1633,,,0.0,,34632.20516944306,,account=main;type=transfer_in_from_trading_account;before=0.54955065;after=37555.7129;ref=800429584,2024-03-20,,,,,,,USDT,USDT,0.922168941
2024-03-20 20:43:00+00:00,okx,86838641,ledger,internal_transfer,USDT,,,-37555.163,,,0.0,,-34632.20489279238,,account=main;type=Transfer_to_sub_account;before=37555.7129;after=0.54955065;ref=86838641,2024-03-20,,,,,,,USDT,USDT,0.922168941
2024-03-20 20:39:00+00:00,okx,170166980,ledger,withdrawal,FRONT,,,-1289901.0,,,0.0,,-1666024.9077935275,,account=main;type=withdrawal;before=1289901.0;after=0.0;ref=170166980,2024-03-20,,,,,,,FRONT,FRONT,1.291591298707054
2024-03-20 20:38:00+00:00,okx,800423918,ledger,internal_transfer,FRONT,,,1289901.0,,,0.0,,1666024.9077935275,,account=main;type=transfer_in_from_trading_account;before=0.0;after=1289901.0;ref=800423918,2024-03-20,,,,,,,FRONT,FRONT,1.291591298707054
2024-03-20 20:31:00+00:00,okx,170163500,ledger,withdrawal,FRONT,,,-10.0,,,0.0,,-12.91591298707054,,account=main;type=withdrawal;before=10.0;after=0.0;ref=170163500,2024-03-20,,,,,,,FRONT,FRONT,1.291591298707054
2024-03-20 20:30:00+00:00,okx,800412698,ledger,internal_transfer,FRONT,,,10.0,,,0.0,,12.91591298707054,,account=main;type=transfer_in_from_trading_account;before=0.0;after=10.0;ref=800412698,2024-03-20,,,,,,,FRONT,FRONT,1.291591298707054
2024-03-20 19:52:00+00:00,okx,182208819,ledger,deposit,FRONT,,,1317699.69,,,0.0,,1701929.4539129823,,account=main;type=deposit;before=0.0;after=1317699.69;ref=182208819,2024-03-20,,,,,,,FRONT,FRONT,1.291591298707054
2024-03-20 19:52:00+00:00,okx,800373629,ledger,internal_transfer,FRONT,,,-1317699.7,,,0.0,,-1701929.4668288953,,account=main;type=transfer_out_trading_account;before=1317699.69;after=0.0;ref=800373629,2024-03-20,,,,,,,FRONT,FRONT,1.291591298707054
2024-03-20 19:40:00+00:00,okx,800363418,ledger,internal_transfer,FRONT,,,-10.0,,,0.0,,-12.91591298707054,,account=main;type=transfer_out_trading_account;before=10.0;after=0.0;ref=800363418,2024-03-20,,,,,,,FRONT,FRONT,1.291591298707054
2024-03-20 19:40:00+00:00,okx,182205005,ledger,deposit,FRONT,,,10.0,,,0.0,,12.91591298707054,,account=main;type=deposit;before=0.0;after=10.0;ref=182205005,2024-03-20,,,,,,,FRONT,FRONT,1.291591298707054
2024-03-19 23:14:00+00:00,okx,169788017,ledger,withdrawal,USDT,,,-1999981.0,,,0.0,,-1842621.1529327491,,account=main;type=withdrawal;before=1999981.55;after=0.54955065;ref=169788017,2024-03-19,,,,,,,USDT,USDT,0.921319329
2024-03-19 23:10:00+00:00,okx,169785823,ledger,withdrawal,USDT,,,-21.0,,,0.0,,-19.347705909000002,,account=main;type=withdrawal;before=2000002.55;after=1999981.55;ref=169785823,2024-03-19,,,,,,,USDT,USDT,0.921319329
2024-03-19 23:09:00+00:00,okx,799455031,ledger,internal_transfer,USDT,,,2000000.0,,,0.0,,1842638.658,,account=main;type=transfer_in_from_trading_account;before=2.54815289;after=2000002.55;ref=799455031,2024-03-19,,,,,,,USDT,USDT,0.921319329
2024-03-19 23:09:00+00:00,okx,86673073,ledger,internal_transfer,USDT,,,2.54815282,,,0.0,,2.347662446311858,,account=main;type=transfer_from_sub_account;before=7.24e-08;after=2.54815289;ref=86673073,2024-03-19,,,,,,,USDT,USDT,0.921319329
2024-03-19 22:52:00+00:00,okx,181901178,ledger,deposit,USDT,,,1999900.0,,,0.0,,1842546.5260671,,account=main;type=deposit;before=7.24e-08;after=1999900.0;ref=181901178,2024-03-19,,,,,,,USDT,USDT,0.921319329
2024-03-19 22:52:00+00:00,okx,799436795,ledger,internal_transfer,USDT,,,-1999900.0,,,0.0,,-1842546.5260671,,account=main;type=transfer_out_trading_account;before=1999900.0;after=7.24e-08;ref=799436795,2024-03-19,,,,,,,USDT,USDT,0.921319329
2024-03-19 22:44:00+00:00,okx,799427789,ledger,internal_transfer,USDT,,,-100.0,,,0.0,,-92.1319329,,account=main;type=transfer_out_trading_account;before=100.0;after=7.24e-08;ref=799427789,2024-03-19,,,,,,,USDT,USDT,0.921319329
2024-03-19 22:44:00+00:00,okx,181898108,ledger,deposit,USDT,,,100.0,,,0.0,,92.1319329,,account=main;type=deposit;before=7.24e-08;after=100.0;ref=181898108,2024-03-19,,,,,,,USDT,USDT,0.921319329
2024-03-19 05:56:00+00:00,okx,169414034,ledger,withdrawal,USDT,,,-820794.3,,,0.0,,-756213.6537230248,,account=main;type=withdrawal;before=820794.303;after=7.24e-08;ref=169414034,2024-03-19,,,,,,,USDT,USDT,0.921319329
2024-03-19 05:54:00+00:00,okx,86529454,ledger,internal_transfer,USDT,,,820794.303,,,0.0,,756213.6564869827,,account=main;type=transfer_from_sub_account;before=2.37e-09;after=820794.303;ref=86529454,2024-03-19,,,,,,,USDT,USDT,0.921319329
2024-03-19 04:05:00+00:00,okx,169395679,ledger,withdrawal,USDT,,,-3599980.8,,,0.0,,-3316731.895068883,,account=main;type=withdrawal;before=3599980.78;after=2.37e-09;ref=169395679,2024-03-19,,,,,,,USDT,USDT,0.921319329
2024-03-19 04:00:00+00:00,okx,86519351,ledger,internal_transfer,USDT,,,3599979.47,,,0.0,,3316730.669714176,,account=main;type=transfer_from_sub_account;before=1.31;after=3599980.78;ref=86519351,2024-03-19,,,,,,,USDT,USDT,0.921319329
2024-03-19 01:37:00+00:00,okx,169360189,ledger,withdrawal,USDT,,,-600022.5,,,0.0,,-552812.3270849026,,account=main;type=withdrawal;before=600023.81;after=1.31;ref=169360189,2024-03-19,,,,,,,USDT,USDT,0.921319329
2024-03-19 01:35:00+00:00,okx,86505076,ledger,internal_transfer,USDT,,,600008.06,,,0.0,,552799.0232337918,,account=main;type=transfer_from_sub_account;before=15.75;after=600023.81;ref=86505076,2024-03-19,,,,,,,USDT,USDT,0.921319329
2024-03-19 00:12:00+00:00,okx,169332653,ledger,withdrawal,USDT,,,-3171686.6,,,0.0,,-2922136.1701102913,,account=main;type=withdrawal;before=3171702.36;after=15.75;ref=169332653,2024-03-19,,,,,,,USDT,USDT,0.921319329
2024-03-19 00:09:00+00:00,okx,86492712,ledger,internal_transfer,USDT,,,3171610.0,,,0.0,,2922065.59704969,,account=main;type=transfer_from_sub_account;before=92.36;after=3171702.36;ref=86492712,2024-03-19,,,,,,,USDT,USDT,0.921319329
2024-03-18 23:36:00+00:00,okx,169319329,ledger,withdrawal,USDT,,,-13.82,,,0.0,,-12.68821152842,,account=main;type=withdrawal;before=106.18;after=92.36;ref=169319329,2024-03-18,,,,,,,USDT,USDT,0.918105031
2024-03-18 23:33:00+00:00,okx,86487988,ledger,internal_transfer,USDT,,,105.0,,,0.0,,96.401028255,,account=main;type=transfer_from_sub_account;before=1.18;after=106.18;ref=86487988,2024-03-18,,,,,,,USDT,USDT,0.918105031
2024-03-16 01:45:00+00:00,okx,168118869,ledger,withdrawal,ETH,,,-0.0271238,,,0.0,,-93.09502712752813,,account=main;type=withdrawal;before=0.02712379;after=7e-10;ref=168118869,2024-03-16,,,,,,,ETH,ETH,3432.2265732503606
2024-03-16 01:45:00+00:00,okx,794978897,ledger,internal_transfer,ETH,,,0.02712379,,,0.0,,93.0949928052624,,account=main;type=transfer_in_from_trading_account;before=7e-10;after=0.02712379;ref=794978897,2024-03-16,,,,,,,ETH,ETH,3432.2265732503606
2024-03-16 01:42:00+00:00,okx,794977392,ledger,internal_transfer,USDT,,,-100.0,,,0.0,,-91.81050309999999,,account=main;type=transfer_out_trading_account;before=101.18;after=1.18;ref=794977392,2024-03-16,,,,,,,USDT,USDT,0.918105031
2024-03-16 01:42:00+00:00,okx,1636162606,ledger,saving,USDT,,,100.0,,,0.0,,91.81050309999999,,account=main;type=saving_unsubscribe;before=1.18;after=101.18;ref=1636162606,2024-03-16,,,,,,,USDT,USDT,0.918105031
2024-03-16 01:29:00+00:00,okx,168114475,ledger,withdrawal,USDT,,,-500003.82,,,0.0,,-459056.0226612184,,account=main;type=withdrawal;before=500005.0;after=1.18;ref=168114475,2024-03-16,,,,,,,USDT,USDT,0.918105031
2024-03-16 01:28:00+00:00,okx,1636150638,ledger,saving,USDT,,,5.0,,,0.0,,4.590525155,,account=main;type=saving_unsubscribe;before=500000.0;after=500005.0;ref=1636150638,2024-03-16,,,,,,,USDT,USDT,0.918105031
2024-03-16 01:20:00+00:00,okx,1636146438,ledger,saving,USDT,,,500000.0,,,0.0,,459052.5155,,account=main;type=saving_unsubscribe;before=2.37e-09;after=500000.0;ref=1636146438,2024-03-16,,,,,,,USDT,USDT,0.918105031
2024-03-15 21:46:00+00:00,okx,168035457,ledger,withdrawal,USDC,,,-124991.0,,,0.0,,-114754.865929721,,account=main;type=withdrawal;before=124991.0;after=0.0;ref=168035457,2024-03-15,,,,,,,USDC,USDC,0.918105031
2024-03-15 20:44:00+00:00,okx,794699747,ledger,internal_transfer,USDT,,,0.0026603,,,0.0,,0.0024424348139693,,account=main;type=transfer_in_from_trading_account;before=734850.156;after=734850.159;ref=794699747,2024-03-15,,,,,,,USDT,USDT,0.918105031
2024-03-15 20:44:00+00:00,okx,1635913483,ledger,saving,USDT,,,-734850.16,,,0.0,,-674669.6289271549,,account=main;type=saving_subscribe;before=734850.159;after=2.37e-09;ref=1635913483,2024-03-15,,,,,,,USDT,USDT,0.918105031
2024-03-15 20:42:00+00:00,okx,168010742,ledger,withdrawal,USDC,,,-11.0,,,0.0,,-10.099155341,,account=main;type=withdrawal;before=125002.0;after=124991.0;ref=168010742,2024-03-15,,,,,,,USDC,USDC,0.918105031
2024-03-15 20:38:00+00:00,okx,85918810,ledger,internal_transfer,USDC,,,125002.0,,,0.0,,114764.965085062,,account=main;type=transfer_from_sub_account;before=0.0;after=125002.0;ref=85918810,2024-03-15,,,,,,,USDC,USDC,0.918105031
2024-03-15 19:45:00+00:00,okx,85911404,ledger,internal_transfer,USDT,,,300001.0,,,0.0,,275432.427405031,,account=main;type=transfer_from_sub_account;before=434849.156;after=734850.156;ref=85911404,2024-03-15,,,,,,,USDT,USDT,0.918105031
2024-03-15 19:41:00+00:00,okx,167985901,ledger,withdrawal,USDT,,,-300001.0,,,0.0,,-275432.427405031,,account=main;type=withdrawal;before=734850.156;after=434849.156;ref=167985901,2024-03-15,,,,,,,USDT,USDT,0.918105031
2024-03-15 17:58:00+00:00,okx,85895450,ledger,internal_transfer,USDT,,,-36800.0,,,0.0,,-33786.2651408,,account=main;type=Transfer_to_sub_account;before=771650.156;after=734850.156;ref=85895450,2024-03-15,,,,,,,USDT,USDT,0.918105031
2024-03-15 08:49:00+00:00,okx,167741940,ledger,withdrawal,ETH,,,-0.0383717,,,0.0,,-136.65561555119785,,account=main;type=withdrawal;before=0.03837172;after=7e-10;ref=167741940,2024-03-15,,,,,,,ETH,ETH,3561.364639856922
2024-03-15 08:49:00+00:00,okx,793831842,ledger,internal_transfer,ETH,,,0.03837172,,,0.0,,136.65568677849066,,account=main;type=transfer_in_from_trading_account;before=7e-10;after=0.03837172;ref=793831842,2024-03-15,,,,,,,ETH,ETH,3561.364639856922
2024-03-15 08:47:00+00:00,okx,793831060,ledger,internal_transfer,USDT,,,-150.0,,,0.0,,-137.71575465,,account=main;type=transfer_out_trading_account;before=771800.156;after=771650.156;ref=793831060,2024-03-15,,,,,,,USDT,USDT,0.918105031
2024-03-15 08:45:00+00:00,okx,167741035,ledger,withdrawal,USDT,,,-118503.82,,,0.0,,-108798.95333471842,,account=main;type=withdrawal;before=890303.976;after=771800.156;ref=167741035,2024-03-15,,,,,,,USDT,USDT,0.918105031
2024-03-15 08:42:00+00:00,okx,1634918897,ledger,saving,USDT,,,890303.976,,,0.0,,817392.5594849032,,account=main;type=saving_unsubscribe;before=7.88e-09;after=890303.976;ref=1634918897,2024-03-15,,,,,,,USDT,USDT,0.918105031
2024-03-14 23:59:00+00:00,okx,793437837,ledger,internal_transfer,USDT,,,181000.0,,,0.0,,165675.057248,,account=main;type=transfer_in_from_trading_account;before=7.88e-09;after=181000.0;ref=793437837,2024-03-14,,,,,,,USDT,USDT,0.915331808
2024-03-14 23:59:00+00:00,okx,1634580523,ledger,saving,USDT,,,-181000.0,,,0.0,,-165675.057248,,account=main;type=saving_subscribe;before=181000.0;after=7.88e-09;ref=1634580523,2024-03-14,,,,,,,USDT,USDT,0.915331808
2024-03-14 23:59:00+00:00,okx,180068174,ledger,deposit,USDT,,,181000.0,,,0.0,,165675.057248,,account=main;type=deposit;before=7.88e-09;after=181000.0;ref=180068174,2024-03-14,,,,,,,USDT,USDT,0.915331808
2024-03-14 23:59:00+00:00,okx,793437339,ledger,internal_transfer,USDT,,,-181000.0,,,0.0,,-165675.057248,,account=main;type=transfer_out_trading_account;before=181000.0;after=7.88e-09;ref=793437339,2024-03-14,,,,,,,USDT,USDT,0.915331808
2024-03-14 23:47:00+00:00,okx,167601541,ledger,withdrawal,USDT,,,-900.0,,,0.0,,-823.7986272,,account=main;type=withdrawal;before=900.0;after=7.88e-09;ref=167601541,2024-03-14,,,,,,,USDT,USDT,0.915331808
2024-03-14 23:46:00+00:00,okx,1634570117,ledger,saving,USDT,,,900.0,,,0.0,,823.7986272,,account=main;type=saving_unsubscribe;before=7.88e-09;after=900.0;ref=1634570117,2024-03-14,,,,,,,USDT,USDT,0.915331808
2024-03-14 23:45:00+00:00,okx,167601037,ledger,withdrawal,USDT,,,-100.0,,,0.0,,-91.5331808,,account=main;type=withdrawal;before=100.0;after=7.88e-09;ref=167601037,2024-03-14,,,,,,,USDT,USDT,0.915331808
2024-03-14 23:45:00+00:00,okx,1634568956,ledger,saving,USDT,,,100.0,,,0.0,,91.5331808,,account=main;type=saving_unsubscribe;before=7.88e-09;after=100.0;ref=1634568956,2024-03-14,,,,,,,USDT,USDT,0.915331808
2024-03-14 23:40:00+00:00,okx,167598770,ledger,withdrawal,USDT,,,-180000.0,,,0.0,,-164759.72544,,account=main;type=withdrawal;before=180000.0;after=7.88e-09;ref=167598770,2024-03-14,,,,,,,USDT,USDT,0.915331808
2024-03-14 23:39:00+00:00,okx,1634562844,ledger,saving,USDT,,,180000.0,,,0.0,,164759.72544,,account=main;type=saving_unsubscribe;before=7.88e-09;after=180000.0;ref=1634562844,2024-03-14,,,,,,,USDT,USDT,0.915331808
2024-03-14 18:44:00+00:00,okx,793074513,ledger,internal_transfer,BTC,,,0.000117,,,0.0,,7.828319216663355,,account=main;type=transfer_in_from_trading_account;before=9.4e-09;after=0.000117;ref=793074513,2024-03-14,,,,,,,BTC,BTC,66908.71125353295
2024-03-14 18:44:00+00:00,okx,85669274,ledger,internal_transfer,BTC,,,-0.000117,,,0.0,,-7.828319216663355,,account=main;type=Transfer_to_sub_account;before=0.000117;after=9.4e-09;ref=85669274,2024-03-14,,,,,,,BTC,BTC,66908.71125353295
2024-03-14 18:42:00+00:00,okx,85668793,ledger,internal_transfer,USDT,,,-11888.738,,,0.0,,-10882.140048378304,,account=main;type=Transfer_to_sub_account;before=11888.7384;after=7.88e-09;ref=85668793,2024-03-14,,,,,,,USDT,USDT,0.915331808
2024-03-14 18:42:00+00:00,okx,793072150,ledger,internal_transfer,USDT,,,11888.7384,,,0.0,,10882.140414511028,,account=main;type=transfer_in_from_trading_account;before=7.88e-09;after=11888.7384;ref=793072150,2024-03-14,,,,,,,USDT,USDT,0.915331808
2024-03-14 18:29:00+00:00,okx,85666863,ledger,internal_transfer,SHIB,,,-279000000.0,,,0.0,,-8172.843483971721,,account=main;type=Transfer_to_sub_account;before=279000000.0;after=0.0;ref=85666863,2024-03-14,,,,,,,SHIB,SHIB,2.9293345820687173e-05
2024-03-14 18:29:00+00:00,okx,793061357,ledger,internal_transfer,SHIB,,,279000000.0,,,0.0,,8172.843483971721,,account=main;type=transfer_in_from_trading_account;before=0.0;after=279000000.0;ref=793061357,2024-03-14,,,,,,,SHIB,SHIB,2.9293345820687173e-05
2024-03-14 18:29:00+00:00,okx,793061187,ledger,internal_transfer,XTZ,,,6659.12152,,,0.0,,9366.458597031417,,account=main;type=transfer_in_from_trading_account;before=0.0;after=6659.12152;ref=793061187,2024-03-14,,,,,,,XTZ,XTZ,1.406560695566255
2024-03-14 18:29:00+00:00,okx,85666839,ledger,internal_transfer,XTZ,,,-6659.1215,,,0.0,,-9366.458568900203,,account=main;type=Transfer_to_sub_account;before=6659.12152;after=0.0;ref=85666839,2024-03-14,,,,,,,XTZ,XTZ,1.406560695566255
2024-03-14 18:29:00+00:00,okx,85666799,ledger,internal_transfer,TIA,,,-1000.0501,,,0.0,,-15779.913761435022,,account=main;type=Transfer_to_sub_account;before=1000.05012;after=0.0;ref=85666799,2024-03-14,,,,,,,TIA,TIA,15.77912322736133
2024-03-14 18:29:00+00:00,okx,793060882,ledger,internal_transfer,TIA,,,1000.05012,,,0.0,,15779.914077017485,,account=main;type=transfer_in_from_trading_account;before=0.0;after=1000.05012;ref=793060882,2024-03-14,,,,,,,TIA,TIA,15.77912322736133
2024-03-14 18:28:00+00:00,okx,793060780,ledger,internal_transfer,ATOM,,,1515.3936,,,0.0,,19417.996390902565,,account=main;type=transfer_in_from_trading_account;before=0.0;after=1515.3936;ref=793060780,2024-03-14,,,,,,,ATOM,ATOM,12.813830275449602
2024-03-14 18:28:00+00:00,okx,85666785,ledger,internal_transfer,ATOM,,,-1515.3936,,,0.0,,-19417.996390902565,,account=main;type=Transfer_to_sub_account;before=1515.3936;after=0.0;ref=85666785,2024-03-14,,,,,,,ATOM,ATOM,12.813830275449602
2024-03-14 18:28:00+00:00,okx,85666756,ledger,internal_transfer,BONK,,,-644000000.0,,,0.0,,-18862.319389848584,,account=main;type=Transfer_to_sub_account;before=644000000.0;after=0.0;ref=85666756,2024-03-14,,,,,,,BONK,BONK,2.928931582274625e-05
2024-03-14 18:28:00+00:00,okx,793060611,ledger,internal_transfer,BONK,,,644000000.0,,,0.0,,18862.319389848584,,account=main;type=transfer_in_from_trading_account;before=0.0;after=644000000.0;ref=793060611,2024-03-14,,,,,,,BONK,BONK,2.928931582274625e-05
2024-03-14 18:28:00+00:00,okx,85666730,ledger,internal_transfer,MATIC,,,-25059.852,,,0.0,,-29231.241491214387,,account=main;type=Transfer_to_sub_account;before=25059.8517;after=0.0;ref=85666730,2024-03-14,,,,,,,MATIC,MATIC,1.1664570681109525
2024-03-14 18:28:00+00:00,okx,793060460,ledger,internal_transfer,MATIC,,,25059.8517,,,0.0,,29231.241141277267,,account=main;type=transfer_in_from_trading_account;before=0.0;after=25059.8517;ref=793060460,2024-03-14,,,,,,,MATIC,MATIC,1.1664570681109525
2024-03-14 18:28:00+00:00,okx,793060301,ledger,internal_transfer,PEPE,,,3080000000.0,,,0.0,,25443.117741953964,,account=main;type=transfer_in_from_trading_account;before=0.0;after=3080000000.0;ref=793060301,2024-03-14,,,,,,,PEPE,PEPE,8.260752513621417e-06
2024-03-14 18:28:00+00:00,okx,85666699,ledger,internal_transfer,PEPE,,,-3080000000.0,,,0.0,,-25443.117741953964,,account=main;type=Transfer_to_sub_account;before=3080000000.0;after=0.0;ref=85666699,2024-03-14,,,,,,,PEPE,PEPE,8.260752513621417e-06
2024-03-14 18:28:00+00:00,okx,793060155,ledger,internal_transfer,FET,,,12454.393,,,0.0,,30361.165790706073,,account=main;type=transfer_in_from_trading_account;before=0.0;after=12454.393;ref=793060155,2024-03-14,,,,,,,FET,FET,2.4377876778664422
2024-03-14 18:28:00+00:00,okx,85666668,ledger,internal_transfer,FET,,,-12454.393,,,0.0,,-30361.165790706073,,account=main;type=Transfer_to_sub_account;before=12454.393;after=0.0;ref=85666668,2024-03-14,,,,,,,FET,FET,2.4377876778664422
2024-03-14 18:27:00+00:00,okx,793059962,ledger,internal_transfer,CFX,,,105618.456,,,0.0,,34535.574217243266,,account=main;type=transfer_in_from_trading_account;before=0.0;after=105618.456;ref=793059962,2024-03-14,,,,,,,CFX,CFX,0.32698427457833
2024-03-14 18:27:00+00:00,okx,85666623,ledger,internal_transfer,CFX,,,-105618.46,,,0.0,,-34535.57552518037,,account=main;type=Transfer_to_sub_account;before=105618.456;after=0.0;ref=85666623,2024-03-14,,,,,,,CFX,CFX,0.32698427457833
2024-03-14 18:27:00+00:00,okx,85666574,ledger,internal_transfer,DOGE,,,-271398.41,,,0.0,,-42001.83451008102,,account=main;type=Transfer_to_sub_account;before=271398.413;after=0.0;ref=85666574,2024-03-14,,,,,,,DOGE,DOGE,0.1547607980093952
2024-03-14 18:27:00+00:00,okx,793059747,ledger,internal_transfer,DOGE,,,271398.413,,,0.0,,42001.83497436342,,account=main;type=transfer_in_from_trading_account;before=0.0;after=271398.413;ref=793059747,2024-03-14,,,,,,,DOGE,DOGE,0.1547607980093952
2024-03-14 18:27:00+00:00,okx,793059630,ledger,internal_transfer,GRT,,,211600.111,,,0.0,,85428.62655171624,,account=main;type=transfer_in_from_trading_account;before=0.0;after=211600.111;ref=793059630,2024-03-14,,,,,,,GRT,GRT,0.4037267567960597
2024-03-14 18:27:00+00:00,okx,85666560,ledger,internal_transfer,GRT,,,-211600.11,,,0.0,,-85428.62614798947,,account=main;type=Transfer_to_sub_account;before=211600.111;after=0.0;ref=85666560,2024-03-14,,,,,,,GRT,GRT,0.4037267567960597
2024-03-14 18:26:00+00:00,okx,793058499,ledger,internal_transfer,BNB,,,100.09306,,,0.0,,57577.95413752683,,account=main;type=transfer_in_from_trading_account;before=0.0;after=100.09306;ref=793058499,2024-03-14,,,,,,,BNB,BNB,575.2442191049693
2024-03-14 18:26:00+00:00,okx,85666350,ledger,internal_transfer,BNB,,,-100.09306,,,0.0,,-57577.95413752683,,account=main;type=Transfer_to_sub_account;before=100.09306;after=0.0;ref=85666350,2024-03-14,,,,,,,BNB,BNB,575.2442191049693
2024-03-14 05:14:00+00:00,okx,179718515,ledger,deposit,BNB,,,50.8181,,,0.0,,29232.81825089824,,account=main;type=deposit;before=0.0;after=50.8181;ref=179718515,2024-03-14,,,,,,,BNB,BNB,575.2442191049693
2024-03-14 05:14:00+00:00,okx,792456635,ledger,internal_transfer,BNB,,,-50.8181,,,0.0,,-29232.81825089824,,account=main;type=transfer_out_trading_account;before=50.8181;after=0.0;ref=792456635,2024-03-14,,,,,,,BNB,BNB,575.2442191049693
2024-03-14 05:08:00+00:00,okx,792454364,ledger,internal_transfer,BNB,,,-0.195,,,0.0,,-112.17262272546901,,account=main;type=transfer_out_trading_account;before=0.195;after=0.0;ref=792454364,2024-03-14,,,,,,,BNB,BNB,575.2442191049693
2024-03-14 05:08:00+00:00,okx,179717707,ledger,deposit,BNB,,,0.195,,,0.0,,112.17262272546901,,account=main;type=deposit;before=0.0;after=0.195;ref=179717707,2024-03-14,,,,,,,BNB,BNB,575.2442191049693
2024-03-14 03:53:00+00:00,okx,179704412,ledger,deposit,USDT,,,8.5,,,0.0,,7.780320368,,account=main;type=deposit;before=7.88e-09;after=8.50000001;ref=179704412,2024-03-14,,,,,,,USDT,USDT,0.915331808
2024-03-14 03:53:00+00:00,okx,792418494,ledger,internal_transfer,USDT,,,-8.5,,,0.0,,-7.780320368,,account=main;type=transfer_out_trading_account;before=8.50000001;after=7.88e-09;ref=792418494,2024-03-14,,,,,,,USDT,USDT,0.915331808
2024-03-14 00:14:00+00:00,okx,179651703,ledger,deposit,USDT,,,11000.0,,,0.0,,10068.649888,,account=main;type=deposit;before=7.88e-09;after=11000.0;ref=179651703,2024-03-14,,,,,,,USDT,USDT,0.915331808
2024-03-14 00:14:00+00:00,okx,792284943,ledger,internal_transfer,USDT,,,-11000.0,,,0.0,,-10068.649888,,account=main;type=transfer_out_trading_account;before=11000.0;after=7.88e-09;ref=792284943,2024-03-14,,,,,,,USDT,USDT,0.915331808
2024-03-13 22:54:00+00:00,okx,179624521,ledger,deposit,USDT,,,8500.0,,,0.0,,7770.362924,,account=main;type=deposit;before=7.88e-09;after=8500.0;ref=179624521,2024-03-13,,,,,,,USDT,USDT,0.914160344
2024-03-13 22:54:00+00:00,okx,792208833,ledger,internal_transfer,USDT,,,-8500.0,,,0.0,,-7770.362924,,account=main;type=transfer_out_trading_account;before=8500.0;after=7.88e-09;ref=792208833,2024-03-13,,,,,,,USDT,USDT,0.914160344
2024-03-13 18:50:00+00:00,okx,1633200881,ledger,saving,USDT,,,-70000.0,,,0.0,,-63991.22408,,account=main;type=saving_subscribe;before=70000.0;after=7.88e-09;ref=1633200881,2024-03-13,,,,,,,USDT,USDT,0.914160344
2024-03-13 18:50:00+00:00,okx,791966264,ledger,internal_transfer,USDT,,,70000.0,,,0.0,,63991.22408,,account=main;type=transfer_in_from_trading_account;before=7.88e-09;after=70000.0;ref=791966264,2024-03-13,,,,,,,USDT,USDT,0.914160344
2024-03-13 18:47:00+00:00,okx,791964170,ledger,internal_transfer,USDT,,,-70000.0,,,0.0,,-63991.22408,,account=main;type=transfer_out_trading_account;before=70000.0;after=7.88e-09;ref=791964170,2024-03-13,,,,,,,USDT,USDT,0.914160344
2024-03-13 18:47:00+00:00,okx,179536350,ledger,deposit,USDT,,,70000.0,,,0.0,,63991.22408,,account=main;type=deposit;before=7.88e-09;after=70000.0;ref=179536350,2024-03-13,,,,,,,USDT,USDT,0.914160344
2024-03-13 02:58:00+00:00,okx,1632443177,ledger,saving,USDT,,,-80000.0,,,0.0,,-73132.82752,,account=main;type=saving_subscribe;before=80000.0;after=7.88e-09;ref=1632443177,2024-03-13,,,,,,,USDT,USDT,0.914160344
2024-03-13 02:58:00+00:00,okx,791284252,ledger,internal_transfer,USDT,,,80000.0,,,0.0,,73132.82752,,account=main;type=transfer_in_from_trading_account;before=7.88e-09;after=80000.0;ref=791284252,2024-03-13,,,,,,,USDT,USDT,0.914160344
2024-03-13 02:53:00+00:00,okx,179307203,ledger,deposit,USDT,,,80000.0,,,0.0,,73132.82752,,account=main;type=deposit;before=7.88e-09;after=80000.0;ref=179307203,2024-03-13,,,,,,,USDT,USDT,0.914160344
2024-03-13 02:53:00+00:00,okx,791281455,ledger,internal_transfer,USDT,,,-80000.0,,,0.0,,-73132.82752,,account=main;type=transfer_out_trading_account;before=80000.0;after=7.88e-09;ref=791281455,2024-03-13,,,,,,,USDT,USDT,0.914160344
2024-03-13 02:26:00+00:00,okx,166790783,ledger,withdrawal,USDT,,,-10.0,,,0.0,,-9.14160344,,account=main;type=withdrawal;before=10.0;after=7.88e-09;ref=166790783,2024-03-13,,,,,,,USDT,USDT,0.914160344
2024-03-13 02:22:00+00:00,okx,1632429954,ledger,saving,USDT,,,10.0,,,0.0,,9.14160344,,account=main;type=saving_unsubscribe;before=7.88e-09;after=10.0;ref=1632429954,2024-03-13,,,,,,,USDT,USDT,0.914160344
2024-03-12 20:34:00+00:00,okx,166668149,ledger,withdrawal,FRONT,,,-45.613117,,,0.0,,-35.8409273992618,,account=main;type=withdrawal;before=45.6131169;after=0.0;ref=166668149,2024-03-12,,,,,,,FRONT,FRONT,0.785759223586097
2024-03-12 20:34:00+00:00,okx,790884906,ledger,internal_transfer,FRONT,,,45.6131169,,,0.0,,35.84092732068588,,account=main;type=transfer_in_from_trading_account;before=0.0;after=45.6131169;ref=790884906,2024-03-12,,,,,,,FRONT,FRONT,0.785759223586097
2024-03-12 02:03:00+00:00,okx,1631271046,ledger,saving,USDT,,,-55000.0,,,0.0,,-50384.756344999994,,account=main;type=saving_subscribe;before=55000.0;after=7.88e-09;ref=1631271046,2024-03-12,,,,,,,USDT,USDT,0.916086479
2024-03-12 02:03:00+00:00,okx,790072261,ledger,internal_transfer,USDT,,,55000.0,,,0.0,,50384.756344999994,,account=main;type=transfer_in_from_trading_account;before=7.88e-09;after=55000.0;ref=790072261,2024-03-12,,,,,,,USDT,USDT,0.916086479
2024-03-12 02:03:00+00:00,okx,790071855,ledger,internal_transfer,USDT,,,-60000.0,,,0.0,,-54965.18874,,account=main;type=transfer_out_trading_account;before=60000.0;after=7.88e-09;ref=790071855,2024-03-12,,,,,,,USDT,USDT,0.916086479
2024-03-12 02:03:00+00:00,okx,178963292,ledger,deposit,USDT,,,60000.0,,,0.0,,54965.18874,,account=main;type=deposit;before=7.88e-09;after=60000.0;ref=178963292,2024-03-12,,,,,,,USDT,USDT,0.916086479
2024-03-11 23:49:00+00:00,okx,178934476,ledger,deposit,USDT,,,15000.0,,,0.0,,13728.72048,,account=main;type=deposit;before=7.88e-09;after=15000.0;ref=178934476,2024-03-11,,,,,,,USDT,USDT,0.915248032
2024-03-11 23:49:00+00:00,okx,789949253,ledger,internal_transfer,USDT,,,-15000.0,,,0.0,,-13728.72048,,account=main;type=transfer_out_trading_account;before=15000.0;after=7.88e-09;ref=789949253,2024-03-11,,,,,,,USDT,USDT,0.915248032
2024-03-11 23:09:00+00:00,okx,1631150591,ledger,saving,USDT,,,-60000.0,,,0.0,,-54914.88192,,account=main;type=saving_subscribe;before=60000.0;after=7.88e-09;ref=1631150591,2024-03-11,,,,,,,USDT,USDT,0.915248032
2024-03-11 23:09:00+00:00,okx,789909487,ledger,internal_transfer,USDT,,,60000.0,,,0.0,,54914.88192,,account=main;type=transfer_in_from_trading_account;before=7.88e-09;after=60000.0;ref=789909487,2024-03-11,,,,,,,USDT,USDT,0.915248032
2024-03-11 22:25:00+00:00,okx,789865914,ledger,internal_transfer,USDT,,,-60000.0,,,0.0,,-54914.88192,,account=main;type=transfer_out_trading_account;before=60000.0;after=7.88e-09;ref=789865914,2024-03-11,,,,,,,USDT,USDT,0.915248032
2024-03-11 22:25:00+00:00,okx,178909902,ledger,deposit,USDT,,,60000.0,,,0.0,,54914.88192,,account=main;type=deposit;before=7.88e-09;after=60000.0;ref=178909902,2024-03-11,,,,,,,USDT,USDT,0.915248032
2024-03-11 19:35:00+00:00,okx,166194350,ledger,withdrawal,BTC,,,-0.210923,,,0.0,,-13334.840639111311,,account=main;type=withdrawal;before=0.21092301;after=9.4e-09;ref=166194350,2024-03-11,,,,,,,BTC,BTC,63221.36817279913
2024-03-11 19:34:00+00:00,okx,789682020,ledger,internal_transfer,BTC,,,0.210923,,,0.0,,13334.840639111311,,account=main;type=transfer_in_from_trading_account;before=9.4e-09;after=0.21092301;ref=789682020,2024-03-11,,,,,,,BTC,BTC,63221.36817279913
2024-03-11 04:17:00+00:00,okx,788984337,ledger,internal_transfer,USDT,,,-30000.0,,,0.0,,-27457.44096,,account=main;type=transfer_out_trading_account;before=30000.0;after=7.88e-09;ref=788984337,2024-03-11,,,,,,,USDT,USDT,0.915248032
2024-03-11 04:17:00+00:00,okx,178672038,ledger,deposit,USDT,,,30000.0,,,0.0,,27457.44096,,account=main;type=deposit;before=7.88e-09;after=30000.0;ref=178672038,2024-03-11,,,,,,,USDT,USDT,0.915248032
2024-03-11 02:48:00+00:00,okx,165904647,ledger,withdrawal,USDT,,,-78997.64,,,0.0,,-72302.43454264448,,account=main;type=withdrawal;before=78997.64;after=7.88e-09;ref=165904647,2024-03-11,,,,,,,USDT,USDT,0.915248032
2024-03-11 02:47:00+00:00,okx,788944568,ledger,internal_transfer,USDT,,,1.498551,,,0.0,,1.371545853601632,,account=main;type=transfer_in_from_trading_account;before=78996.1414;after=78997.64;ref=788944568,2024-03-11,,,,,,,USDT,USDT,0.915248032
2024-03-11 02:44:00+00:00,okx,788943172,ledger,internal_transfer,USDT,,,30224.3415,,,0.0,,27662.76907637093,,account=main;type=transfer_in_from_trading_account;before=48771.8;after=78996.1414;ref=788943172,2024-03-11,,,,,,,USDT,USDT,0.915248032
2024-03-11 02:41:00+00:00,okx,788941366,ledger,internal_transfer,USDT,,,-30224.341,,,0.0,,-27662.768618746915,,account=main;type=transfer_out_trading_account;before=78996.1414;after=48771.8;ref=788941366,2024-03-11,,,,,,,USDT,USDT,0.915248032
2024-03-11 02:41:00+00:00,okx,178660264,ledger,deposit,USDT,,,30224.3415,,,0.0,,27662.76907637093,,account=main;type=deposit;before=48771.8;after=78996.1414;ref=178660264,2024-03-11,,,,,,,USDT,USDT,0.915248032
2024-03-11 02:40:00+00:00,okx,1630145903,ledger,saving,USDT,,,48771.8,,,0.0,,44638.293967097605,,account=main;type=saving_unsubscribe;before=7.88e-09;after=48771.8;ref=1630145903,2024-03-11,,,,,,,USDT,USDT,0.915248032
2024-03-11 02:30:00+00:00,okx,165900543,ledger,withdrawal,USDT,,,-10.0,,,0.0,,-9.15248032,,account=main;type=withdrawal;before=10.0;after=7.88e-09;ref=165900543,2024-03-11,,,,,,,USDT,USDT,0.915248032
2024-03-11 02:27:00+00:00,okx,1630141370,ledger,saving,USDT,,,10.0,,,0.0,,9.15248032,,account=main;type=saving_unsubscribe;before=7.88e-09;after=10.0;ref=1630141370,2024-03-11,,,,,,,USDT,USDT,0.915248032
2024-03-11 02:04:00+00:00,okx,788921910,ledger,internal_transfer,USDT,,,-5000.0,,,0.0,,-4576.24016,,account=main;type=transfer_out_trading_account;before=5000.0;after=7.88e-09;ref=788921910,2024-03-11,,,,,,,USDT,USDT,0.915248032
2024-03-11 02:04:00+00:00,okx,178654761,ledger,deposit,USDT,,,5000.0,,,0.0,,4576.24016,,account=main;type=deposit;before=7.88e-09;after=5000.0;ref=178654761,2024-03-11,,,,,,,USDT,USDT,0.915248032
2024-03-10 19:34:00+00:00,okx,1629864066,ledger,saving,USDT,,,-59235.193,,,0.0,,-54185.13814465529,,account=main;type=saving_subscribe;before=59235.1931;after=7.88e-09;ref=1629864066,2024-03-10,,,,,,,USDT,USDT,0.914745701
2024-03-10 19:34:00+00:00,okx,788559138,ledger,internal_transfer,USDT,,,59235.1931,,,0.0,,54185.13823612986,,account=main;type=transfer_in_from_trading_account;before=7.88e-09;after=59235.1931;ref=788559138,2024-03-10,,,,,,,USDT,USDT,0.914745701
2024-03-10 15:53:00+00:00,okx,178498021,ledger,deposit,USDT,,,59235.1931,,,0.0,,54185.13823612986,,account=main;type=deposit;before=7.88e-09;after=59235.1931;ref=178498021,2024-03-10,,,,,,,USDT,USDT,0.914745701
2024-03-10 15:53:00+00:00,okx,788357888,ledger,internal_transfer,USDT,,,-59235.193,,,0.0,,-54185.13814465529,,account=main;type=transfer_out_trading_account;before=59235.1931;after=7.88e-09;ref=788357888,2024-03-10,,,,,,,USDT,USDT,0.914745701
2024-03-10 03:36:00+00:00,okx,787896451,ledger,internal_transfer,USDT,,,73640.3289,,,0.0,,67362.17428150105,,account=main;type=transfer_in_from_trading_account;before=7.88e-09;after=73640.3289;ref=787896451,2024-03-10,,,,,,,USDT,USDT,0.914745701
2024-03-10 03:36:00+00:00,okx,1629156108,ledger,saving,USDT,,,-73640.329,,,0.0,,-67362.17437297563,,account=main;type=saving_subscribe;before=73640.3289;after=7.88e-09;ref=1629156108,2024-03-10,,,,,,,USDT,USDT,0.914745701
2024-03-10 03:35:00+00:00,okx,787896149,ledger,internal_transfer,USDT,,,-73640.329,,,0.0,,-67362.17437297563,,account=main;type=transfer_out_trading_account;before=73640.3289;after=7.88e-09;ref=787896149,2024-03-10,,,,,,,USDT,USDT,0.914745701
2024-03-10 03:35:00+00:00,okx,178385655,ledger,deposit,USDT,,,73640.3289,,,0.0,,67362.17428150105,,account=main;type=deposit;before=7.88e-09;after=73640.3289;ref=178385655,2024-03-10,,,,,,,USDT,USDT,0.914745701
2024-03-09 14:24:00+00:00,okx,1628614801,ledger,saving,USDT,,,-55438.173,,,0.0,,-50711.83042304427,,account=main;type=saving_subscribe;before=55438.1735;after=7.88e-09;ref=1628614801,2024-03-09,,,,,,,USDT,USDT,0.914745701
2024-03-09 14:24:00+00:00,okx,787261483,ledger,internal_transfer,USDT,,,55438.1735,,,0.0,,50711.83088041712,,account=main;type=transfer_in_from_trading_account;before=7.88e-09;after=55438.1735;ref=787261483,2024-03-09,,,,,,,USDT,USDT,0.914745701
2024-03-09 14:13:00+00:00,okx,787253855,ledger,internal_transfer,USDT,,,-55438.173,,,0.0,,-50711.83042304427,,account=main;type=transfer_out_trading_account;before=55438.1735;after=7.88e-09;ref=787253855,2024-03-09,,,,,,,USDT,USDT,0.914745701
2024-03-09 14:13:00+00:00,okx,178187425,ledger,deposit,USDT,,,55438.1735,,,0.0,,50711.83088041712,,account=main;type=deposit;before=7.88e-09;after=55438.1735;ref=178187425,2024-03-09,,,,,,,USDT,USDT,0.914745701
2024-03-09 01:22:00+00:00,okx,1628065219,ledger,saving,USDT,,,-57893.315,,,0.0,,-52957.66101288881,,account=main;type=saving_subscribe;before=57893.3149;after=7.88e-09;ref=1628065219,2024-03-09,,,,,,,USDT,USDT,0.914745701
2024-03-09 01:22:00+00:00,okx,786787125,ledger,internal_transfer,USDT,,,57893.3149,,,0.0,,52957.66092141424,,account=main;type=transfer_in_from_trading_account;before=7.88e-09;after=57893.3149;ref=786787125,2024-03-09,,,,,,,USDT,USDT,0.914745701
2024-03-09 01:18:00+00:00,okx,786783475,ledger,internal_transfer,USDT,,,-57893.315,,,0.0,,-52957.66101288881,,account=main;type=transfer_out_trading_account;before=57893.3149;after=7.88e-09;ref=786783475,2024-03-09,,,,,,,USDT,USDT,0.914745701
2024-03-09 01:18:00+00:00,okx,178070995,ledger,deposit,USDT,,,57893.3149,,,0.0,,52957.66092141424,,account=main;type=deposit;before=7.88e-09;after=57893.3149;ref=178070995,2024-03-09,,,,,,,USDT,USDT,0.914745701
2024-03-08 14:54:00+00:00,okx,786168026,ledger,internal_transfer,USDT,,,91959.7524,,,0.0,,84119.78817292443,,account=main;type=transfer_in_from_trading_account;before=7.88e-09;after=91959.7524;ref=786168026,2024-03-08,,,,,,,USDT,USDT,0.914745701
2024-03-08 14:54:00+00:00,okx,1627490704,ledger,saving,USDT,,,-91959.752,,,0.0,,-84119.78780702614,,account=main;type=saving_subscribe;before=91959.7524;after=7.88e-09;ref=1627490704,2024-03-08,,,,,,,USDT,USDT,0.914745701
2024-03-08 14:38:00+00:00,okx,786156339,ledger,internal_transfer,USDT,,,-91959.752,,,0.0,,-84119.78780702614,,account=main;type=transfer_out_trading_account;before=91959.7524;after=7.88e-09;ref=786156339,2024-03-08,,,,,,,USDT,USDT,0.914745701
2024-03-08 14:38:00+00:00,okx,177901235,ledger,deposit,USDT,,,91959.7524,,,0.0,,84119.78817292443,,account=main;type=deposit;before=7.88e-09;after=91959.7524;ref=177901235,2024-03-08,,,,,,,USDT,USDT,0.914745701
2024-03-08 03:08:00+00:00,okx,1626970188,ledger,saving,USDT,,,-800.0,,,0.0,,-731.7965608,,account=main;type=saving_subscribe;before=800.0;after=7.88e-09;ref=1626970188,2024-03-08,,,,,,,USDT,USDT,0.914745701
2024-03-08 03:08:00+00:00,okx,785758660,ledger,internal_transfer,USDT,,,800.0,,,0.0,,731.7965608,,account=main;type=transfer_in_from_trading_account;before=7.88e-09;after=800.0;ref=785758660,2024-03-08,,,,,,,USDT,USDT,0.914745701
2024-03-08 01:56:00+00:00,okx,164077251,ledger,withdrawal,USDT,,,-51.0,,,0.0,,-46.652030751,,account=main;type=withdrawal;before=51.0;after=7.88e-09;ref=164077251,2024-03-08,,,,,,,USDT,USDT,0.914745701
2024-03-08 01:56:00+00:00,okx,785719283,ledger,internal_transfer,USDT,,,46.64,,,0.0,,42.66373949464,,account=main;type=transfer_in_from_trading_account;before=4.36000001;after=51.0;ref=785719283,2024-03-08,,,,,,,USDT,USDT,0.914745701
2024-03-08 01:35:00+00:00,okx,164068513,ledger,withdrawal,USDT,,,-649995.64,,,0.0,,-594580.7173587437,,account=main;type=withdrawal;before=650000.0;after=4.36000001;ref=164068513,2024-03-08,,,,,,,USDT,USDT,0.914745701
2024-03-08 01:33:00+00:00,okx,1626934561,ledger,saving,USDT,,,650000.0,,,0.0,,594584.70565,,account=main;type=saving_unsubscribe;before=7.88e-09;after=650000.0;ref=1626934561,2024-03-08,,,,,,,USDT,USDT,0.914745701
2024-03-08 01:27:00+00:00,okx,785700256,ledger,internal_transfer,USDT,,,-50000.0,,,0.0,,-45737.28505,,account=main;type=transfer_out_trading_account;before=50000.0;after=7.88e-09;ref=785700256,2024-03-08,,,,,,,USDT,USDT,0.914745701
2024-03-08 01:27:00+00:00,okx,177780618,ledger,deposit,USDT,,,50000.0,,,0.0,,45737.28505,,account=main;type=deposit;before=7.88e-09;after=50000.0;ref=177780618,2024-03-08,,,,,,,USDT,USDT,0.914745701
2024-03-07 21:59:00+00:00,okx,177725441,ledger,deposit,USDT,,,50000.0,,,0.0,,45892.611300000004,,account=main;type=deposit;before=7.88e-09;after=50000.0;ref=177725441,2024-03-07,,,,,,,USDT,USDT,0.917852226
2024-03-07 21:59:00+00:00,okx,785501242,ledger,internal_transfer,USDT,,,-50000.0,,,0.0,,-45892.611300000004,,account=main;type=transfer_out_trading_account;before=50000.0;after=7.88e-09;ref=785501242,2024-03-07,,,,,,,USDT,USDT,0.917852226
2024-03-07 21:32:00+00:00,okx,163932286,ledger,withdrawal,USDT,,,-70083.5,,,0.0,,-64326.296480871,,account=main;type=withdrawal;before=70083.5;after=7.88e-09;ref=163932286,2024-03-07,,,,,,,USDT,USDT,0.917852226
2024-03-07 21:32:00+00:00,okx,785477759,ledger,internal_transfer,USDT,,,70083.5,,,0.0,,64326.296480871,,account=main;type=transfer_in_from_trading_account;before=7.88e-09;after=70083.5;ref=785477759,2024-03-07,,,,,,,USDT,USDT,0.917852226
2024-03-07 20:31:00+00:00,okx,177699923,ledger,deposit,USDT,,,69283.5,,,0.0,,63592.014700071006,,account=main;type=deposit;before=7.88e-09;after=69283.5;ref=177699923,2024-03-07,,,,,,,USDT,USDT,0.917852226
2024-03-07 20:31:00+00:00,okx,785428770,ledger,internal_transfer,USDT,,,-69283.5,,,0.0,,-63592.014700071006,,account=main;type=transfer_out_trading_account;before=69283.5;after=7.88e-09;ref=785428770,2024-03-07,,,,,,,USDT,USDT,0.917852226
2024-03-07 20:24:00+00:00,okx,785423697,ledger,internal_transfer,USDT,,,-800.0,,,0.0,,-734.2817808000001,,account=main;type=transfer_out_trading_account;before=800.0;after=7.88e-09;ref=785423697,2024-03-07,,,,,,,USDT,USDT,0.917852226
2024-03-07 20:24:00+00:00,okx,177697994,ledger,deposit,USDT,,,800.0,,,0.0,,734.2817808000001,,account=main;type=deposit;before=7.88e-09;after=800.0;ref=177697994,2024-03-07,,,,,,,USDT,USDT,0.917852226
2024-03-07 20:16:00+00:00,okx,1626702608,ledger,saving,USDT,,,-49686.434,,,0.0,,-45604.804048902086,,account=main;type=saving_subscribe;before=49686.4345;after=7.88e-09;ref=1626702608,2024-03-07,,,,,,,USDT,USDT,0.917852226
2024-03-07 20:16:00+00:00,okx,785417530,ledger,internal_transfer,USDT,,,49686.4345,,,0.0,,45604.8045078282,,account=main;type=transfer_in_from_trading_account;before=1.88e-07;after=49686.4345;ref=785417530,2024-03-07,,,,,,,USDT,USDT,0.917852226
2024-03-07 20:13:00+00:00,okx,177694684,ledger,deposit,USDT,,,49686.4345,,,0.0,,45604.8045078282,,account=main;type=deposit;before=1.88e-07;after=49686.4345;ref=177694684,2024-03-07,,,,,,,USDT,USDT,0.917852226
2024-03-07 20:13:00+00:00,okx,785415021,ledger,internal_transfer,USDT,,,-49686.434,,,0.0,,-45604.804048902086,,account=main;type=transfer_out_trading_account;before=49686.4345;after=1.88e-07;ref=785415021,2024-03-07,,,,,,,USDT,USDT,0.917852226
2024-03-07 08:47:00+00:00,okx,163536536,ledger,withdrawal,USDT,,,-8377.1989,,,0.0,,-7689.030658009751,,account=main;type=withdrawal;before=8377.19889;after=1.88e-07;ref=163536536,2024-03-07,,,,,,,USDT,USDT,0.917852226
2024-03-07 08:43:00+00:00,okx,784888204,ledger,internal_transfer,USDT,,,8377.19889,,,0.0,,7689.030648831229,,account=main;type=transfer_in_from_trading_account;before=0.0;after=8377.19889;ref=784888204,2024-03-07,,,,,,,USDT,USDT,0.917852226
2024-03-07 06:51:00+00:00,okx,177528313,ledger,deposit,USDT,,,50000.0,,,0.0,,45892.611300000004,,account=main;type=deposit;before=0.0;after=50000.0;ref=177528313,2024-03-07,,,,,,,USDT,USDT,0.917852226
2024-03-07 06:51:00+00:00,okx,784819931,ledger,internal_transfer,USDT,,,-50000.0,,,0.0,,-45892.611300000004,,account=main;type=transfer_out_trading_account;before=50000.0;after=0.0;ref=784819931,2024-03-07,,,,,,,USDT,USDT,0.917852226
2024-03-07 04:55:00+00:00,okx,784768032,ledger,internal_transfer,USDT,,,66804.1019,,,0.0,,61316.293634845824,,account=main;type=transfer_in_from_trading_account;before=299.0;after=67103.1019;ref=784768032,2024-03-07,,,,,,,USDT,USDT,0.917852226
2024-03-07 04:55:00+00:00,okx,1625964144,ledger,saving,USDT,,,-67103.102,,,0.0,,-61590.73154220505,,account=main;type=saving_subscribe;before=67103.1019;after=0.0;ref=1625964144,2024-03-07,,,,,,,USDT,USDT,0.917852226
2024-03-07 04:45:00+00:00,okx,784764185,ledger,internal_transfer,USDT,,,-67103.102,,,0.0,,-61590.73154220505,,account=main;type=transfer_out_trading_account;before=67402.1019;after=299.0;ref=784764185,2024-03-07,,,,,,,USDT,USDT,0.917852226
2024-03-07 04:45:00+00:00,okx,177516738,ledger,deposit,USDT,,,67103.1019,,,0.0,,61590.73145041983,,account=main;type=deposit;before=299.0;after=67402.1019;ref=177516738,2024-03-07,,,,,,,USDT,USDT,0.917852226
2024-03-07 03:14:00+00:00,okx,163411240,ledger,withdrawal,USDT,,,-2501.0,,,0.0,,-2295.5484172260003,,account=main;type=withdrawal;before=2800.0;after=299.0;ref=163411240,2024-03-07,,,,,,,USDT,USDT,0.917852226
2024-03-07 03:13:00+00:00,okx,1625933484,ledger,saving,USDT,,,2500.0,,,0.0,,2294.630565,,account=main;type=saving_unsubscribe;before=300.0;after=2800.0;ref=1625933484,2024-03-07,,,,,,,USDT,USDT,0.917852226
2024-03-07 02:50:00+00:00,okx,163400896,ledger,withdrawal,ETH,,,-0.3515717,,,0.0,,-1233.4425415475903,,account=main;type=withdrawal;before=0.35157172;after=7e-10;ref=163400896,2024-03-07,,,,,,,ETH,ETH,3508.3669747809345
2024-03-07 02:50:00+00:00,okx,784706068,ledger,internal_transfer,ETH,,,0.35157172,,,0.0,,1233.4426117149296,,account=main;type=transfer_in_from_trading_account;before=7e-10;after=0.35157172;ref=784706068,2024-03-07,,,,,,,ETH,ETH,3508.3669747809345
2024-03-07 02:48:00+00:00,okx,784704558,ledger,internal_transfer,USDT,,,-1350.0,,,0.0,,-1239.1005051,,account=main;type=transfer_out_trading_account;before=1650.0;after=300.0;ref=784704558,2024-03-07,,,,,,,USDT,USDT,0.917852226
2024-03-07 02:47:00+00:00,okx,1625924668,ledger,saving,USDT,,,1350.0,,,0.0,,1239.1005051,,account=main;type=saving_unsubscribe;before=300.0;after=1650.0;ref=1625924668,2024-03-07,,,,,,,USDT,USDT,0.917852226
2024-03-07 02:39:00+00:00,okx,163395855,ledger,withdrawal,ETH,,,-0.6512448,,,0.0,,-2284.8057488178147,,account=main;type=withdrawal;before=0.65124481;after=7e-10;ref=163395855,2024-03-07,,,,,,,ETH,ETH,3508.3669747809345
2024-03-07 02:38:00+00:00,okx,784699148,ledger,internal_transfer,ETH,,,0.65124481,,,0.0,,2284.8057839014846,,account=main;type=transfer_in_from_trading_account;before=7e-10;after=0.65124481;ref=784699148,2024-03-07,,,,,,,ETH,ETH,3508.3669747809345
2024-03-07 02:38:00+00:00,okx,784698833,ledger,internal_transfer,USDT,,,-2500.0,,,0.0,,-2294.630565,,account=main;type=transfer_out_trading_account;before=2800.0;after=300.0;ref=784698833,2024-03-07,,,,,,,USDT,USDT,0.917852226
2024-03-07 02:37:00+00:00,okx,1625921475,ledger,saving,USDT,,,2500.0,,,0.0,,2294.630565,,account=main;type=saving_unsubscribe;before=300.0;after=2800.0;ref=1625921475,2024-03-07,,,,,,,USDT,USDT,0.917852226
2024-03-07 02:32:00+00:00,okx,163393143,ledger,withdrawal,ETH,,,-0.077724,,,0.0,,-272.6843147478734,,account=main;type=withdrawal;before=0.07772401;after=7e-10;ref=163393143,2024-03-07,,,,,,,ETH,ETH,3508.3669747809345
2024-03-07 02:32:00+00:00,okx,784694877,ledger,internal_transfer,ETH,,,0.07772401,,,0.0,,272.6843498315431,,account=main;type=transfer_in_from_trading_account;before=7e-10;after=0.07772401;ref=784694877,2024-03-07,,,,,,,ETH,ETH,3508.3669747809345
2024-03-07 02:31:00+00:00,okx,1625919166,ledger,saving,USDT,,,300.0,,,0.0,,275.3556678,,account=main;type=saving_unsubscribe;before=0.0;after=300.0;ref=1625919166,2024-03-07,,,,,,,USDT,USDT,0.917852226
2024-03-07 02:25:00+00:00,okx,163389924,ledger,withdrawal,USDT,,,-12.0,,,0.0,,-11.014226712000001,,account=main;type=withdrawal;before=12.0;after=0.0;ref=163389924,2024-03-07,,,,,,,USDT,USDT,0.917852226
2024-03-07 02:22:00+00:00,okx,1625915812,ledger,saving,USDT,,,12.0,,,0.0,,11.014226712000001,,account=main;type=saving_unsubscribe;before=0.0;after=12.0;ref=1625915812,2024-03-07,,,,,,,USDT,USDT,0.917852226
2024-03-07 01:59:00+00:00,okx,784674669,ledger,internal_transfer,USDT,,,-4473.2352,,,0.0,,-4105.768885741555,,account=main;type=transfer_out_trading_account;before=4473.23521;after=0.0;ref=784674669,2024-03-07,,,,,,,USDT,USDT,0.917852226
2024-03-07 01:59:00+00:00,okx,163378984,ledger,withdrawal,USDT,,,-18084.21,,,0.0,,-16598.63240395146,,account=main;type=withdrawal;before=22557.4452;after=4473.23521;ref=163378984,2024-03-07,,,,,,,USDT,USDT,0.917852226
2024-03-07 01:59:00+00:00,okx,784674380,ledger,internal_transfer,USDT,,,18084.21,,,0.0,,16598.63240395146,,account=main;type=transfer_in_from_trading_account;before=4473.23521;after=22557.4452;ref=784674380,2024-03-07,,,,,,,USDT,USDT,0.917852226
2024-03-07 01:36:00+00:00,okx,1625897127,ledger,saving,USDT,,,-3382.265,,,0.0,,-3104.41945917189,,account=main;type=saving_subscribe;before=7855.50021;after=4473.23521;ref=1625897127,2024-03-07,,,,,,,USDT,USDT,0.917852226
2024-03-07 01:19:00+00:00,okx,784646364,ledger,internal_transfer,USDT,,,-25500.0,,,0.0,,-23405.231763,,account=main;type=transfer_out_trading_account;before=33355.5002;after=7855.50021;ref=784646364,2024-03-07,,,,,,,USDT,USDT,0.917852226
2024-03-07 01:19:00+00:00,okx,177488374,ledger,deposit,USDT,,,25500.0,,,0.0,,23405.231763,,account=main;type=deposit;before=7855.50021;after=33355.5002;ref=177488374,2024-03-07,,,,,,,USDT,USDT,0.917852226
2024-03-07 00:44:00+00:00,okx,84226656,ledger,internal_transfer,WOO,,,6107.91982,,,0.0,,3304.545741196479,,account=main;type=transfer_from_sub_account;before=0.0;after=6107.91982;ref=84226656,2024-03-07,,,,,,,WOO,WOO,0.5410263786331889
2024-03-07 00:44:00+00:00,okx,784617831,ledger,internal_transfer,WOO,,,-6107.9198,,,0.0,,-3304.5457303759513,,account=main;type=transfer_out_trading_account;before=6107.91982;after=0.0;ref=784617831,2024-03-07,,,,,,,WOO,WOO,0.5410263786331889
2024-03-06 14:48:00+00:00,okx,784004989,ledger,internal_transfer,DOGE,,,10000.0,,,0.0,,1432.541511693001,,account=main;type=transfer_in_from_trading_account;before=0.0;after=10000.0;ref=784004989,2024-03-06,,,,,,,DOGE,DOGE,0.1432541511693001
2024-03-06 14:48:00+00:00,okx,84145747,ledger,internal_transfer,DOGE,,,-10000.0,,,0.0,,-1432.541511693001,,account=main;type=Transfer_to_sub_account;before=10000.0;after=0.0;ref=84145747,2024-03-06,,,,,,,DOGE,DOGE,0.1432541511693001
2024-03-06 13:50:00+00:00,okx,1625294999,ledger,saving,USDT,,,7855.50021,,,0.0,,7224.112754532706,,account=main;type=saving_unsubscribe;before=4.12e-09;after=7855.50021;ref=1625294999,2024-03-06,,,,,,,USDT,USDT,0.919624793
2024-03-06 13:49:00+00:00,okx,84137622,ledger,internal_transfer,ZETA,,,-1031.475,,,0.0,,-1834.2197491772915,,account=main;type=Transfer_to_sub_account;before=1031.47501;after=0.0;ref=84137622,2024-03-06,,,,,,,ZETA,ZETA,1.7782493508590045
2024-03-06 13:48:00+00:00,okx,84137595,ledger,internal_transfer,AVAX,,,-250.18614,,,0.0,,-9085.089323423741,,account=main;type=Transfer_to_sub_account;before=250.186142;after=0.0;ref=84137595,2024-03-06,,,,,,,AVAX,AVAX,36.31331984826874
2024-03-06 13:48:00+00:00,okx,84137538,ledger,internal_transfer,WOO,,,-6107.9198,,,0.0,,-2900.652770944245,,account=main;type=Transfer_to_sub_account;before=6107.91982;after=0.0;ref=84137538,2024-03-06,,,,,,,WOO,WOO,0.4749002714384437
2024-03-06 13:48:00+00:00,okx,84137519,ledger,internal_transfer,INJ,,,-143.86286,,,0.0,,-5015.903225647117,,account=main;type=Transfer_to_sub_account;before=143.862856;after=0.0;ref=84137519,2024-03-06,,,,,,,INJ,INJ,34.8658661842752
2024-03-06 13:48:00+00:00,okx,84137492,ledger,internal_transfer,FET,,,-3655.4933,,,0.0,,-5911.899260602944,,account=main;type=Transfer_to_sub_account;before=3655.49334;after=0.0;ref=84137492,2024-03-06,,,,,,,FET,FET,1.6172644224523525
2024-03-06 13:48:00+00:00,okx,84137467,ledger,internal_transfer,PYTH,,,-12525.062,,,0.0,,-6925.374981598125,,account=main;type=Transfer_to_sub_account;before=12525.0623;after=0.0;ref=84137467,2024-03-06,,,,,,,PYTH,PYTH,0.552921413211218
2024-03-06 13:47:00+00:00,okx,1625292329,ledger,saving,USDT,,,-53540.238,,,0.0,,-49236.93028792073,,account=main;type=saving_subscribe;before=53540.238;after=4.12e-09;ref=1625292329,2024-03-06,,,,,,,USDT,USDT,0.919624793
2024-03-06 13:47:00+00:00,okx,783946002,ledger,internal_transfer,USDT,,,45684.7378,,,0.0,,42012.81754258428,,account=main;type=transfer_in_from_trading_account;before=7855.50021;after=53540.238;ref=783946002,2024-03-06,,,,,,,USDT,USDT,0.919624793
2024-03-06 05:35:00+00:00,okx,84069470,ledger,internal_transfer,FTM,,,-4121.5158,,,0.0,,-2403.5027157478353,,account=main;type=Transfer_to_sub_account;before=4121.51575;after=0.0;ref=84069470,2024-03-06,,,,,,,FTM,FTM,0.5831598936847058
2024-03-06 05:35:00+00:00,okx,783540659,ledger,internal_transfer,FTM,,,4121.51575,,,0.0,,2403.5026865898403,,account=main;type=transfer_in_from_trading_account;before=0.0;after=4121.51575;ref=783540659,2024-03-06,,,,,,,FTM,FTM,0.5831598936847058
2024-03-06 05:35:00+00:00,okx,783540533,ledger,internal_transfer,PEPE,,,420000000.0,,,0.0,,2478.20491562856,,account=main;type=transfer_in_from_trading_account;before=0.0;after=420000000.0;ref=783540533,2024-03-06,,,,,,,PEPE,PEPE,5.900487894353713e-06
2024-03-06 05:35:00+00:00,okx,84069458,ledger,internal_transfer,PEPE,,,-420000000.0,,,0.0,,-2478.20491562856,,account=main;type=Transfer_to_sub_account;before=420000000.0;after=0.0;ref=84069458,2024-03-06,,,,,,,PEPE,PEPE,5.900487894353713e-06
2024-03-06 05:35:00+00:00,okx,84069396,ledger,internal_transfer,STX,,,-962.32718,,,0.0,,-2438.8655668856,,account=main;type=Transfer_to_sub_account;before=962.327184;after=0.0;ref=84069396,2024-03-06,,,,,,,STX,STX,2.5343413524759844
2024-03-06 05:35:00+00:00,okx,783540247,ledger,internal_transfer,STX,,,962.327184,,,0.0,,2438.865577022965,,account=main;type=transfer_in_from_trading_account;before=0.0;after=962.327184;ref=783540247,2024-03-06,,,,,,,STX,STX,2.5343413524759844
2024-03-06 05:35:00+00:00,okx,84069374,ledger,internal_transfer,DOGE,,,-8058.9681,,,0.0,,-1154.4806344659671,,account=main;type=Transfer_to_sub_account;before=8058.96806;after=0.0;ref=84069374,2024-03-06,,,,,,,DOGE,DOGE,0.1432541511693001
2024-03-06 05:35:00+00:00,okx,783540114,ledger,internal_transfer,DOGE,,,8058.96806,,,0.0,,1154.4806287358012,,account=main;type=transfer_in_from_trading_account;before=0.0;after=8058.96806;ref=783540114,2024-03-06,,,,,,,DOGE,DOGE,0.1432541511693001
2024-03-06 05:33:00+00:00,okx,177225823,ledger,deposit,USDT,,,45684.4436,,,0.0,,42012.54698897017,,account=main;type=deposit;before=7855.50021;after=53539.9438;ref=177225823,2024-03-06,,,,,,,USDT,USDT,0.919624793
2024-03-06 05:33:00+00:00,okx,783538135,ledger,internal_transfer,USDT,,,-45684.444,,,0.0,,-42012.5473568201,,account=main;type=transfer_out_trading_account;before=53539.9438;after=7855.50021;ref=783538135,2024-03-06,,,,,,,USDT,USDT,0.919624793
2024-03-06 04:39:00+00:00,okx,162739132,ledger,withdrawal,ETH,,,-1.4774568,,,0.0,,-4866.252593028888,,account=main;type=withdrawal;before=1.47745684;after=7e-10;ref=162739132,2024-03-06,,,,,,,ETH,ETH,3293.668277156319
2024-03-06 04:39:00+00:00,okx,783482765,ledger,internal_transfer,ETH,,,1.47745684,,,0.0,,4866.25272477562,,account=main;type=transfer_in_from_trading_account;before=7e-10;after=1.47745684;ref=783482765,2024-03-06,,,,,,,ETH,ETH,3293.668277156319
2024-03-06 04:36:00+00:00,okx,783479015,ledger,internal_transfer,USDT,,,-5000.0,,,0.0,,-4598.123965,,account=main;type=transfer_out_trading_account;before=12855.5002;after=7855.50021;ref=783479015,2024-03-06,,,,,,,USDT,USDT,0.919624793
2024-03-06 04:36:00+00:00,okx,1624735109,ledger,saving,USDT,,,5000.0,,,0.0,,4598.123965,,account=main;type=saving_unsubscribe;before=7855.50021;after=12855.5002;ref=1624735109,2024-03-06,,,,,,,USDT,USDT,0.919624793
2024-03-06 04:31:00+00:00,okx,783473255,ledger,internal_transfer,USDT,,,-2500.0,,,0.0,,-2299.0619825,,account=main;type=transfer_out_trading_account;before=10355.5002;after=7855.50021;ref=783473255,2024-03-06,,,,,,,USDT,USDT,0.919624793
2024-03-06 04:31:00+00:00,okx,1624732157,ledger,saving,USDT,,,2500.0,,,0.0,,2299.0619825,,account=main;type=saving_unsubscribe;before=7855.50021;after=10355.5002;ref=1624732157,2024-03-06,,,,,,,USDT,USDT,0.919624793
2024-03-06 04:29:00+00:00,okx,783471032,ledger,internal_transfer,USDT,,,-7500.0,,,0.0,,-6897.1859475,,account=main;type=transfer_out_trading_account;before=15355.5002;after=7855.50021;ref=783471032,2024-03-06,,,,,,,USDT,USDT,0.919624793
2024-03-06 04:29:00+00:00,okx,1624730967,ledger,saving,USDT,,,7500.0,,,0.0,,6897.1859475,,account=main;type=saving_unsubscribe;before=7855.50021;after=15355.5002;ref=1624730967,2024-03-06,,,,,,,USDT,USDT,0.919624793
2024-03-06 04:28:00+00:00,okx,783469702,ledger,internal_transfer,USDT,,,7855.50021,,,0.0,,7224.112754532706,,account=main;type=transfer_in_from_trading_account;before=0.0;after=7855.50021;ref=783469702,2024-03-06,,,,,,,USDT,USDT,0.919624793
2024-03-06 00:55:00+00:00,okx,162638692,ledger,withdrawal,USDT,,,-21041.0,,,0.0,,-19349.825269513,,account=main;type=withdrawal;before=21041.0;after=0.0;ref=162638692,2024-03-06,,,,,,,USDT,USDT,0.919624793
2024-03-06 00:55:00+00:00,okx,783236836,ledger,internal_transfer,USDT,,,21041.0,,,0.0,,19349.825269513,,account=main;type=transfer_in_from_trading_account;before=0.0;after=21041.0;ref=783236836,2024-03-06,,,,,,,USDT,USDT,0.919624793
2024-03-06 00:51:00+00:00,okx,162636281,ledger,withdrawal,USDT,,,-11.0,,,0.0,,-10.115872723,,account=main;type=withdrawal;before=11.0;after=0.0;ref=162636281,2024-03-06,,,,,,,USDT,USDT,0.919624793
2024-03-06 00:51:00+00:00,okx,783231116,ledger,internal_transfer,USDT,,,11.0,,,0.0,,10.115872723,,account=main;type=transfer_in_from_trading_account;before=0.0;after=11.0;ref=783231116,2024-03-06,,,,,,,USDT,USDT,0.919624793
2024-03-06 00:30:00+00:00,okx,783202398,ledger,internal_transfer,USDT,,,-50000.0,,,0.0,,-45981.23965,,account=main;type=transfer_out_trading_account;before=50000.0;after=0.0;ref=783202398,2024-03-06,,,,,,,USDT,USDT,0.919624793
2024-03-06 00:30:00+00:00,okx,177173931,ledger,deposit,USDT,,,50000.0,,,0.0,,45981.23965,,account=main;type=deposit;before=0.0;after=50000.0;ref=177173931,2024-03-06,,,,,,,USDT,USDT,0.919624793
2024-03-06 00:27:00+00:00,okx,783196807,ledger,internal_transfer,USDT,,,-16500.0,,,0.0,,-15173.8090845,,account=main;type=transfer_out_trading_account;before=16500.0;after=0.0;ref=783196807,2024-03-06,,,,,,,USDT,USDT,0.919624793
2024-03-06 00:27:00+00:00,okx,177172960,ledger,deposit,USDT,,,16500.0,,,0.0,,15173.8090845,,account=main;type=deposit;before=0.0;after=16500.0;ref=177172960,2024-03-06,,,,,,,USDT,USDT,0.919624793
2024-03-05 13:49:00+00:00,okx,782452511,ledger,internal_transfer,USDT,,,52836.4473,,,0.0,,48701.67510990436,,account=main;type=transfer_in_from_trading_account;before=0.0;after=52836.4473;ref=782452511,2024-03-05,,,,,,,USDT,USDT,0.92174394
2024-03-05 13:49:00+00:00,okx,1623928126,ledger,saving,USDT,,,-52836.447,,,0.0,,-48701.674833381185,,account=main;type=saving_subscribe;before=52836.4473;after=0.0;ref=1623928126,2024-03-05,,,,,,,USDT,USDT,0.92174394
2024-03-05 13:30:00+00:00,okx,176975586,ledger,deposit,USDT,,,52836.4352,,,0.0,,48701.66395680269,,account=main;type=deposit;before=0.0;after=52836.4352;ref=176975586,2024-03-05,,,,,,,USDT,USDT,0.92174394
2024-03-05 13:30:00+00:00,okx,782428617,ledger,internal_transfer,USDT,,,-52836.435,,,0.0,,-48701.6637724539,,account=main;type=transfer_out_trading_account;before=52836.4352;after=0.0;ref=782428617,2024-03-05,,,,,,,USDT,USDT,0.92174394
2024-03-05 04:11:00+00:00,okx,162036786,ledger,withdrawal,ETH,,,-0.0267989,,,0.0,,-89.77374773494162,,account=main;type=withdrawal;before=0.02679894;after=7e-10;ref=162036786,2024-03-05,,,,,,,ETH,ETH,3349.9042025956896
2024-03-05 04:11:00+00:00,okx,781907639,ledger,internal_transfer,ETH,,,0.02679894,,,0.0,,89.77388173110973,,account=main;type=transfer_in_from_trading_account;before=7e-10;after=0.02679894;ref=781907639,2024-03-05,,,,,,,ETH,ETH,3349.9042025956896
2024-03-05 04:08:00+00:00,okx,162035661,ledger,withdrawal,USDT,,,-118503.82,,,0.0,,-109230.17795185081,,account=main;type=withdrawal;before=118503.82;after=0.0;ref=162035661,2024-03-05,,,,,,,USDT,USDT,0.92174394
2024-03-05 04:08:00+00:00,okx,781905421,ledger,internal_transfer,USDT,,,118503.82,,,0.0,,109230.17795185081,,account=main;type=transfer_in_from_trading_account;before=0.0;after=118503.82;ref=781905421,2024-03-05,,,,,,,USDT,USDT,0.92174394
2024-03-05 04:07:00+00:00,okx,781904871,ledger,internal_transfer,USDT,,,-68273.24,,,0.0,,-62930.44523416561,,account=main;type=transfer_out_trading_account;before=68273.24;after=0.0;ref=781904871,2024-03-05,,,,,,,USDT,USDT,0.92174394
2024-03-05 04:06:00+00:00,okx,1623330459,ledger,saving,USDT,,,68273.24,,,0.0,,62930.44523416561,,account=main;type=saving_unsubscribe;before=8.87e-10;after=68273.24;ref=1623330459,2024-03-05,,,,,,,USDT,USDT,0.92174394
2024-03-05 04:05:00+00:00,okx,781903753,ledger,internal_transfer,USDT,,,-50326.769,,,0.0,,-46388.394345529865,,account=main;type=transfer_out_trading_account;before=50326.7688;after=8.87e-10;ref=781903753,2024-03-05,,,,,,,USDT,USDT,0.92174394
2024-03-05 04:05:00+00:00,okx,176885257,ledger,deposit,USDT,,,50326.7688,,,0.0,,46388.39416118107,,account=main;type=deposit;before=8.87e-10;after=50326.7688;ref=176885257,2024-03-05,,,,,,,USDT,USDT,0.92174394
2024-03-04 21:25:00+00:00,okx,1623013781,ledger,saving,USDT,,,-44899.591,,,0.0,,-41397.37324305235,,account=main;type=saving_subscribe;before=44899.5906;after=8.87e-10;ref=1623013781,2024-03-04,,,,,,,USDT,USDT,0.921998894
2024-03-04 21:25:00+00:00,okx,781453976,ledger,internal_transfer,USDT,,,44899.5906,,,0.0,,41397.3728742528,,account=main;type=transfer_in_from_trading_account;before=8.87e-10;after=44899.5906;ref=781453976,2024-03-04,,,,,,,USDT,USDT,0.921998894
2024-03-04 21:20:00+00:00,okx,161845726,ledger,withdrawal,USDT,,,-11001.0,,,0.0,,-10142.909832894,,account=main;type=withdrawal;before=11001.0;after=8.87e-10;ref=161845726,2024-03-04,,,,,,,USDT,USDT,0.921998894
2024-03-04 21:20:00+00:00,okx,781448149,ledger,internal_transfer,USDT,,,11001.0,,,0.0,,10142.909832894,,account=main;type=transfer_in_from_trading_account;before=8.87e-10;after=11001.0;ref=781448149,2024-03-04,,,,,,,USDT,USDT,0.921998894
2024-03-04 21:17:00+00:00,okx,781445388,ledger,internal_transfer,USDT,,,-55899.589,,,0.0,,-51539.359233054565,,account=main;type=transfer_out_trading_account;before=55899.5891;after=8.87e-10;ref=781445388,2024-03-04,,,,,,,USDT,USDT,0.921998894
2024-03-04 21:17:00+00:00,okx,176787776,ledger,deposit,USDT,,,55899.5891,,,0.0,,51539.35932525445,,account=main;type=deposit;before=8.87e-10;after=55899.5891;ref=176787776,2024-03-04,,,,,,,USDT,USDT,0.921998894
2024-03-04 19:24:00+00:00,okx,161782105,ledger,withdrawal,USDT,,,-30382.95,,,0.0,,-28013.0462964573,,account=main;type=withdrawal;before=30382.95;after=8.87e-10;ref=161782105,2024-03-04,,,,,,,USDT,USDT,0.921998894
2024-03-04 19:24:00+00:00,okx,781338876,ledger,internal_transfer,USDT,,,30382.95,,,0.0,,28013.0462964573,,account=main;type=transfer_in_from_trading_account;before=8.87e-10;after=30382.95;ref=781338876,2024-03-04,,,,,,,USDT,USDT,0.921998894
2024-03-04 19:15:00+00:00,okx,176751579,ledger,deposit,USDT,,,30177.44,,,0.0,,27823.56630375136,,account=main;type=deposit;before=8.87e-10;after=30177.44;ref=176751579,2024-03-04,,,,,,,USDT,USDT,0.921998894
2024-03-04 19:15:00+00:00,okx,781331121,ledger,internal_transfer,USDT,,,-30177.44,,,0.0,,-27823.56630375136,,account=main;type=transfer_out_trading_account;before=30177.44;after=8.87e-10;ref=781331121,2024-03-04,,,,,,,USDT,USDT,0.921998894
2024-03-04 17:52:00+00:00,okx,781243794,ledger,internal_transfer,FET,,,3655.49334,,,0.0,,5976.5117393850915,,account=main;type=transfer_in_from_trading_account;before=0.0;after=3655.49334;ref=781243794,2024-03-04,,,,,,,FET,FET,1.6349398517533864
2024-03-04 17:52:00+00:00,okx,781243634,ledger,internal_transfer,AVAX,,,250.186142,,,0.0,,9833.83703948949,,account=main;type=transfer_in_from_trading_account;before=0.0;after=250.186142;ref=781243634,2024-03-04,,,,,,,AVAX,AVAX,39.306082107015705
2024-03-04 13:57:00+00:00,okx,780994315,ledger,internal_transfer,USDT,,,63678.3184,,,0.0,,58711.339136579845,,account=main;type=transfer_in_from_trading_account;before=8.87e-10;after=63678.3184;ref=780994315,2024-03-04,,,,,,,USDT,USDT,0.921998894
2024-03-04 13:57:00+00:00,okx,1622607725,ledger,saving,USDT,,,-63678.318,,,0.0,,-58711.33876778029,,account=main;type=saving_subscribe;before=63678.3184;after=8.87e-10;ref=1622607725,2024-03-04,,,,,,,USDT,USDT,0.921998894
2024-03-04 13:55:00+00:00,okx,176659965,ledger,deposit,USDT,,,63678.3184,,,0.0,,58711.339136579845,,account=main;type=deposit;before=8.87e-10;after=63678.3184;ref=176659965,2024-03-04,,,,,,,USDT,USDT,0.921998894
2024-03-04 13:55:00+00:00,okx,780993035,ledger,internal_transfer,USDT,,,-63678.318,,,0.0,,-58711.33876778029,,account=main;type=transfer_out_trading_account;before=63678.3184;after=8.87e-10;ref=780993035,2024-03-04,,,,,,,USDT,USDT,0.921998894
2024-03-04 04:14:00+00:00,okx,1622135692,ledger,saving,USDT,,,-50001.499,,,0.0,,-46101.32677634211,,account=main;type=saving_subscribe;before=50001.4991;after=8.87e-10;ref=1622135692,2024-03-04,,,,,,,USDT,USDT,0.921998894
2024-03-04 04:14:00+00:00,okx,780618357,ledger,internal_transfer,USDT,,,50001.4991,,,0.0,,46101.326868542,,account=main;type=transfer_in_from_trading_account;before=8.87e-10;after=50001.4991;ref=780618357,2024-03-04,,,,,,,USDT,USDT,0.921998894
2024-03-04 04:00:00+00:00,okx,176575102,ledger,deposit,USDT,,,50001.4991,,,0.0,,46101.326868542,,account=main;type=deposit;before=8.87e-10;after=50001.4991;ref=176575102,2024-03-04,,,,,,,USDT,USDT,0.921998894
2024-03-04 04:00:00+00:00,okx,780611411,ledger,internal_transfer,USDT,,,-50001.499,,,0.0,,-46101.32677634211,,account=main;type=transfer_out_trading_account;before=50001.4991;after=8.87e-10;ref=780611411,2024-03-04,,,,,,,USDT,USDT,0.921998894
2024-03-03 20:34:00+00:00,okx,1621872794,ledger,saving,USDT,,,-70097.376,,,0.0,,-64826.9453139096,,account=main;type=saving_subscribe;before=70097.3757;after=8.87e-10;ref=1621872794,2024-03-03,,,,,,,USDT,USDT,0.924812725
2024-03-03 20:34:00+00:00,okx,780246246,ledger,internal_transfer,USDT,,,70097.3757,,,0.0,,64826.94503646579,,account=main;type=transfer_in_from_trading_account;before=8.87e-10;after=70097.3757;ref=780246246,2024-03-03,,,,,,,USDT,USDT,0.924812725
2024-03-03 20:29:00+00:00,okx,780240242,ledger,internal_transfer,USDT,,,-70097.376,,,0.0,,-64826.9453139096,,account=main;type=transfer_out_trading_account;before=70097.3757;after=8.87e-10;ref=780240242,2024-03-03,,,,,,,USDT,USDT,0.924812725
2024-03-03 20:29:00+00:00,okx,176474046,ledger,deposit,USDT,,,70097.3757,,,0.0,,64826.94503646579,,account=main;type=deposit;before=8.87e-10;after=70097.3757;ref=176474046,2024-03-03,,,,,,,USDT,USDT,0.924812725
2024-03-03 03:30:00+00:00,okx,779501416,ledger,internal_transfer,USDT,,,44745.1045,,,0.0,,41380.84202305476,,account=main;type=transfer_in_from_trading_account;before=8.87e-10;after=44745.1045;ref=779501416,2024-03-03,,,,,,,USDT,USDT,0.924812725
2024-03-03 03:30:00+00:00,okx,1621042371,ledger,saving,USDT,,,-44745.105,,,0.0,,-41380.84248546113,,account=main;type=saving_subscribe;before=44745.1045;after=8.87e-10;ref=1621042371,2024-03-03,,,,,,,USDT,USDT,0.924812725
2024-03-03 03:29:00+00:00,okx,176283445,ledger,deposit,USDT,,,44745.1045,,,0.0,,41380.84202305476,,account=main;type=deposit;before=8.87e-10;after=44745.1045;ref=176283445,2024-03-03,,,,,,,USDT,USDT,0.924812725
2024-03-03 03:29:00+00:00,okx,779500941,ledger,internal_transfer,USDT,,,-44745.105,,,0.0,,-41380.84248546113,,account=main;type=transfer_out_trading_account;before=44745.1045;after=8.87e-10;ref=779500941,2024-03-03,,,,,,,USDT,USDT,0.924812725
2024-03-02 13:13:00+00:00,okx,1620444340,ledger,saving,USDT,,,-54211.259,,,0.0,,-50135.262161470775,,account=main;type=saving_subscribe;before=54211.2592;after=8.87e-10;ref=1620444340,2024-03-02,,,,,,,USDT,USDT,0.924812725
2024-03-02 13:13:00+00:00,okx,778745804,ledger,internal_transfer,USDT,,,54211.2592,,,0.0,,50135.26234643332,,account=main;type=transfer_in_from_trading_account;before=8.87e-10;after=54211.2592;ref=778745804,2024-03-02,,,,,,,USDT,USDT,0.924812725
2024-03-02 13:09:00+00:00,okx,176035255,ledger,deposit,USDT,,,54211.2592,,,0.0,,50135.26234643332,,account=main;type=deposit;before=8.87e-10;after=54211.2592;ref=176035255,2024-03-02,,,,,,,USDT,USDT,0.924812725
2024-03-02 13:09:00+00:00,okx,778742749,ledger,internal_transfer,USDT,,,-54211.259,,,0.0,,-50135.262161470775,,account=main;type=transfer_out_trading_account;before=54211.2592;after=8.87e-10;ref=778742749,2024-03-02,,,,,,,USDT,USDT,0.924812725
2024-03-02 08:04:00+00:00,okx,778511501,ledger,internal_transfer,USDT,,,-15000.0,,,0.0,,-13872.190875,,account=main;type=transfer_out_trading_account;before=15000.0;after=8.87e-10;ref=778511501,2024-03-02,,,,,,,USDT,USDT,0.924812725
2024-03-02 08:04:00+00:00,okx,175984367,ledger,deposit,USDT,,,15000.0,,,0.0,,13872.190875,,account=main;type=deposit;before=8.87e-10;after=15000.0;ref=175984367,2024-03-02,,,,,,,USDT,USDT,0.924812725
2024-03-02 04:40:00+00:00,okx,778408942,ledger,internal_transfer,USDT,,,-15000.0,,,0.0,,-13872.190875,,account=main;type=transfer_out_trading_account;before=15000.0;after=8.87e-10;ref=778408942,2024-03-02,,,,,,,USDT,USDT,0.924812725
2024-03-02 04:40:00+00:00,okx,175961544,ledger,deposit,USDT,,,15000.0,,,0.0,,13872.190875,,account=main;type=deposit;before=8.87e-10;after=15000.0;ref=175961544,2024-03-02,,,,,,,USDT,USDT,0.924812725
2024-03-02 04:09:00+00:00,okx,778394717,ledger,internal_transfer,USDT,,,-10000.0,,,0.0,,-9248.12725,,account=main;type=transfer_out_trading_account;before=10000.0;after=8.87e-10;ref=778394717,2024-03-02,,,,,,,USDT,USDT,0.924812725
2024-03-02 04:09:00+00:00,okx,175957610,ledger,deposit,USDT,,,10000.0,,,0.0,,9248.12725,,account=main;type=deposit;before=8.87e-10;after=10000.0;ref=175957610,2024-03-02,,,,,,,USDT,USDT,0.924812725
2024-03-02 02:55:00+00:00,okx,1619965665,ledger,saving,USDT,,,-54289.518,,,0.0,,-50207.63708051655,,account=main;type=saving_subscribe;before=54289.5179;after=8.87e-10;ref=1619965665,2024-03-02,,,,,,,USDT,USDT,0.924812725
2024-03-02 02:55:00+00:00,okx,778350427,ledger,internal_transfer,USDT,,,54289.5179,,,0.0,,50207.63698803528,,account=main;type=transfer_in_from_trading_account;before=8.87e-10;after=54289.5179;ref=778350427,2024-03-02,,,,,,,USDT,USDT,0.924812725
2024-03-02 02:47:00+00:00,okx,778342872,ledger,internal_transfer,USDT,,,-54289.195,,,0.0,,-50207.33836600638,,account=main;type=transfer_out_trading_account;before=54289.1947;after=8.87e-10;ref=778342872,2024-03-02,,,,,,,USDT,USDT,0.924812725
2024-03-02 02:47:00+00:00,okx,175945694,ledger,deposit,USDT,,,54289.1947,,,0.0,,50207.33808856256,,account=main;type=deposit;before=8.87e-10;after=54289.1947;ref=175945694,2024-03-02,,,,,,,USDT,USDT,0.924812725
2024-03-02 00:09:00+00:00,okx,778184516,ledger,internal_transfer,USDT,,,-40000.0,,,0.0,,-36992.509,,account=main;type=transfer_out_trading_account;before=40000.0;after=8.87e-10;ref=778184516,2024-03-02,,,,,,,USDT,USDT,0.924812725
2024-03-02 00:09:00+00:00,okx,175913709,ledger,deposit,USDT,,,40000.0,,,0.0,,36992.509,,account=main;type=deposit;before=8.87e-10;after=40000.0;ref=175913709,2024-03-02,,,,,,,USDT,USDT,0.924812725
2024-03-01 13:00:00+00:00,okx,1619357328,ledger,saving,USDT,,,-41381.996,,,0.0,,-38270.5964866991,,account=main;type=saving_subscribe;before=41381.9964;after=8.87e-10;ref=1619357328,2024-03-01,,,,,,,USDT,USDT,0.924812725
2024-03-01 13:00:00+00:00,okx,777594873,ledger,internal_transfer,USDT,,,41381.9964,,,0.0,,38270.59685662419,,account=main;type=transfer_in_from_trading_account;before=8.87e-10;after=41381.9964;ref=777594873,2024-03-01,,,,,,,USDT,USDT,0.924812725
2024-03-01 12:57:00+00:00,okx,175723473,ledger,deposit,USDT,,,41381.0279,,,0.0,,38269.70117550003,,account=main;type=deposit;before=8.87e-10;after=41381.0279;ref=175723473,2024-03-01,,,,,,,USDT,USDT,0.924812725
2024-03-01 12:57:00+00:00,okx,777592720,ledger,internal_transfer,USDT,,,-41381.028,,,0.0,,-38269.7012679813,,account=main;type=transfer_out_trading_account;before=41381.0279;after=8.87e-10;ref=777592720,2024-03-01,,,,,,,USDT,USDT,0.924812725
2024-03-01 00:24:00+00:00,okx,159540575,ledger,withdrawal,USDT,,,-58648.48,,,0.0,,-54238.860605908005,,account=main;type=withdrawal;before=58648.48;after=8.87e-10;ref=159540575,2024-03-01,,,,,,,USDT,USDT,0.924812725
2024-03-01 00:24:00+00:00,okx,777018642,ledger,internal_transfer,USDT,,,39543.48,,,0.0,,36570.313494783004,,account=main;type=transfer_in_from_trading_account;before=19105.0;after=58648.48;ref=777018642,2024-03-01,,,,,,,USDT,USDT,0.924812725
2024-03-01 00:20:00+00:00,okx,1618822037,ledger,saving,USDT,,,19105.0,,,0.0,,17668.547111125,,account=main;type=saving_unsubscribe;before=8.87e-10;after=19105.0;ref=1618822037,2024-03-01,,,,,,,USDT,USDT,0.924812725
2024-03-01 00:09:00+00:00,okx,159534281,ledger,withdrawal,USDT,,,-11.0,,,0.0,,-10.172939975,,account=main;type=withdrawal;before=11.0;after=8.87e-10;ref=159534281,2024-03-01,,,,,,,USDT,USDT,0.924812725
2024-03-01 00:07:00+00:00,okx,175580791,ledger,deposit,USDT,,,39546.4485,,,0.0,,36573.05880135716,,account=main;type=deposit;before=11.0;after=39557.4485;ref=175580791,2024-03-01,,,,,,,USDT,USDT,0.924812725
2024-03-01 00:07:00+00:00,okx,776997144,ledger,internal_transfer,USDT,,,-39546.448,,,0.0,,-36573.058338950796,,account=main;type=transfer_out_trading_account;before=39557.4485;after=11.0;ref=776997144,2024-03-01,,,,,,,USDT,USDT,0.924812725
2024-03-01 00:06:00+00:00,okx,1618811288,ledger,saving,USDT,,,11.0,,,0.0,,10.172939975,,account=main;type=saving_unsubscribe;before=8.87e-10;after=11.0;ref=1618811288,2024-03-01,,,,,,,USDT,USDT,0.924812725
2024-02-29 14:34:00+00:00,okx,776369599,ledger,internal_transfer,USDT,,,28522.5322,,,0.0,,26346.325685665775,,account=main;type=transfer_in_from_trading_account;before=8.87e-10;after=28522.5322;ref=776369599,2024-02-29,,,,,,,USDT,USDT,0.923702198
2024-02-29 14:34:00+00:00,okx,1618276129,ledger,saving,USDT,,,-28522.532,,,0.0,,-26346.325500925333,,account=main;type=saving_subscribe;before=28522.5322;after=8.87e-10;ref=1618276129,2024-02-29,,,,,,,USDT,USDT,0.923702198
2024-02-29 13:52:00+00:00,okx,159266913,ledger,withdrawal,ETH,,,-0.0433623,,,0.0,,-135.41422066888805,,account=main;type=withdrawal;before=0.04336231;after=7e-10;ref=159266913,2024-02-29,,,,,,,ETH,ETH,3122.8560447413547
2024-02-29 13:52:00+00:00,okx,776317286,ledger,internal_transfer,ETH,,,0.04336231,,,0.0,,135.4142518974485,,account=main;type=transfer_in_from_trading_account;before=7e-10;after=0.04336231;ref=776317286,2024-02-29,,,,,,,ETH,ETH,3122.8560447413547
2024-02-29 13:49:00+00:00,okx,175377497,ledger,deposit,USDT,,,28672.5314,,,0.0,,26484.880276404016,,account=main;type=deposit;before=8.87e-10;after=28672.5314;ref=175377497,2024-02-29,,,,,,,USDT,USDT,0.923702198
2024-02-29 13:49:00+00:00,okx,776313865,ledger,internal_transfer,USDT,,,-28672.531,,,0.0,,-26484.879906923135,,account=main;type=transfer_out_trading_account;before=28672.5314;after=8.87e-10;ref=776313865,2024-02-29,,,,,,,USDT,USDT,0.923702198
2024-02-29 05:02:00+00:00,okx,1617699175,ledger,saving,USDT,,,-41747.437,,,0.0,,-38562.19931776652,,account=main;type=saving_subscribe;before=41747.4366;after=8.87e-10;ref=1617699175,2024-02-29,,,,,,,USDT,USDT,0.923702198
2024-02-29 05:02:00+00:00,okx,775459273,ledger,internal_transfer,USDT,,,41747.4366,,,0.0,,38562.198948285644,,account=main;type=transfer_in_from_trading_account;before=8.87e-10;after=41747.4366;ref=775459273,2024-02-29,,,,,,,USDT,USDT,0.923702198
2024-02-29 04:30:00+00:00,okx,775374141,ledger,internal_transfer,USDT,,,-41747.436,,,0.0,,-38562.198394064326,,account=main;type=transfer_out_trading_account;before=41747.4361;after=8.87e-10;ref=775374141,2024-02-29,,,,,,,USDT,USDT,0.923702198
2024-02-29 04:30:00+00:00,okx,175267378,ledger,deposit,USDT,,,41747.4361,,,0.0,,38562.19848643454,,account=main;type=deposit;before=8.87e-10;after=41747.4361;ref=175267378,2024-02-29,,,,,,,USDT,USDT,0.923702198
2024-02-29 00:17:00+00:00,okx,159026750,ledger,withdrawal,USDT,,,-1812.0,,,0.0,,-1673.748382776,,account=main;type=withdrawal;before=1812.0;after=8.87e-10;ref=159026750,2024-02-29,,,,,,,USDT,USDT,0.923702198
2024-02-28 19:41:00+00:00,okx,158881421,ledger,withdrawal,BTC,,,-0.3595577,,,0.0,,-18963.783286090187,,account=main;type=withdrawal;before=0.35955771;after=9.4e-09;ref=158881421,2024-02-28,,,,,,,BTC,BTC,52741.97517141251
2024-02-28 19:41:00+00:00,okx,773931156,ledger,internal_transfer,BTC,,,0.3595577,,,0.0,,18963.783286090187,,account=main;type=transfer_in_from_trading_account;before=9.4e-09;after=0.35955771;ref=773931156,2024-02-28,,,,,,,BTC,BTC,52741.97517141251
2024-02-28 19:27:00+00:00,okx,773904128,ledger,internal_transfer,USDT,,,1812.0,,,0.0,,1676.535900156,,account=main;type=transfer_in_from_trading_account;before=8.87e-10;after=1812.0;ref=773904128,2024-02-28,,,,,,,USDT,USDT,0.925240563
2024-02-28 19:25:00+00:00,okx,773900262,ledger,internal_transfer,USDT,,,-21340.0,,,0.0,,-19744.63361442,,account=main;type=transfer_out_trading_account;before=21340.0;after=8.87e-10;ref=773900262,2024-02-28,,,,,,,USDT,USDT,0.925240563
2024-02-28 19:25:00+00:00,okx,175058105,ledger,deposit,USDT,,,21340.0,,,0.0,,19744.63361442,,account=main;type=deposit;before=8.87e-10;after=21340.0;ref=175058105,2024-02-28,,,,,,,USDT,USDT,0.925240563
2024-02-28 13:48:00+00:00,okx,1616398786,ledger,saving,USDT,,,-24248.338,,,0.0,,-22435.545902934293,,account=main;type=saving_subscribe;before=24248.3375;after=8.87e-10;ref=1616398786,2024-02-28,,,,,,,USDT,USDT,0.925240563
2024-02-28 13:48:00+00:00,okx,773171695,ledger,internal_transfer,USDT,,,24248.3375,,,0.0,,22435.545440314014,,account=main;type=transfer_in_from_trading_account;before=8.87e-10;after=24248.3375;ref=773171695,2024-02-28,,,,,,,USDT,USDT,0.925240563
2024-02-28 13:28:00+00:00,okx,773153427,ledger,internal_transfer,USDT,,,-24248.338,,,0.0,,-22435.545902934293,,account=main;type=transfer_out_trading_account;before=24248.3375;after=8.87e-10;ref=773153427,2024-02-28,,,,,,,USDT,USDT,0.925240563
2024-02-28 13:28:00+00:00,okx,174665428,ledger,deposit,USDT,,,24248.3375,,,0.0,,22435.545440314014,,account=main;type=deposit;before=8.87e-10;after=24248.3375;ref=174665428,2024-02-28,,,,,,,USDT,USDT,0.925240563
2024-02-27 15:53:00+00:00,okx,158277768,ledger,withdrawal,BTC,,,-15.15678,,,0.0,,-760606.0771177169,,account=main;type=withdrawal;before=15.1567804;after=9.4e-09;ref=158277768,2024-02-27,,,,,,,BTC,BTC,50182.563652551326
2024-02-27 15:53:00+00:00,okx,771954534,ledger,internal_transfer,BTC,,,15.1567804,,,0.0,,760606.0971907424,,account=main;type=transfer_in_from_trading_account;before=9.4e-09;after=15.1567804;ref=771954534,2024-02-27,,,,,,,BTC,BTC,50182.563652551326
2024-02-27 15:05:00+00:00,okx,158257817,ledger,withdrawal,BTC,,,-0.00109,,,0.0,,-54.69899438128095,,account=main;type=withdrawal;before=0.00109001;after=9.4e-09;ref=158257817,2024-02-27,,,,,,,BTC,BTC,50182.563652551326
2024-02-27 15:05:00+00:00,okx,771917499,ledger,internal_transfer,BTC,,,0.00109,,,0.0,,54.69899438128095,,account=main;type=transfer_in_from_trading_account;before=9.4e-09;after=0.00109001;ref=771917499,2024-02-27,,,,,,,BTC,BTC,50182.563652551326
2024-02-27 14:07:00+00:00,okx,174361571,ledger,deposit,USDT,,,857000.0,,,0.0,,789425.202915,,account=main;type=deposit;before=8.87e-10;after=857000.0;ref=174361571,2024-02-27,,,,,,,USDT,USDT,0.921149595
2024-02-27 14:07:00+00:00,okx,771875204,ledger,internal_transfer,USDT,,,-857000.0,,,0.0,,-789425.202915,,account=main;type=transfer_out_trading_account;before=857000.0;after=8.87e-10;ref=771875204,2024-02-27,,,,,,,USDT,USDT,0.921149595
2024-02-24 01:12:00+00:00,okx,156475173,ledger,withdrawal,USDT,,,-577184.81,,,0.0,,-532753.193742747,,account=main;type=withdrawal;before=577184.81;after=8.87e-10;ref=156475173,2024-02-24,,,,,,,USDT,USDT,0.923020122
2024-02-24 01:12:00+00:00,okx,768708036,ledger,internal_transfer,USDT,,,577184.81,,,0.0,,532753.193742747,,account=main;type=transfer_in_from_trading_account;before=8.87e-10;after=577184.81;ref=768708036,2024-02-24,,,,,,,USDT,USDT,0.923020122
2024-02-24 01:04:00+00:00,okx,768703662,ledger,internal_transfer,USDT,,,-577184.81,,,0.0,,-532753.193742747,,account=main;type=transfer_out_trading_account;before=577184.81;after=8.87e-10;ref=768703662,2024-02-24,,,,,,,USDT,USDT,0.923020122
2024-02-24 01:04:00+00:00,okx,173364231,ledger,deposit,USDT,,,577184.81,,,0.0,,532753.193742747,,account=main;type=deposit;before=8.87e-10;after=577184.81;ref=173364231,2024-02-24,,,,,,,USDT,USDT,0.923020122
2024-02-23 01:58:00+00:00,okx,1611549136,ledger,saving,USDT,,,-2641.3117,,,0.0,,-2437.9838475740275,,account=main;type=saving_subscribe;before=2641.31173;after=8.87e-10;ref=1611549136,2024-02-23,,,,,,,USDT,USDT,0.923020122
2024-02-23 01:58:00+00:00,okx,767830325,ledger,internal_transfer,USDT,,,2641.30891,,,0.0,,2437.981272347887,,account=main;type=transfer_in_from_trading_account;before=0.00281825;after=2641.31173;ref=767830325,2024-02-23,,,,,,,USDT,USDT,0.923020122
2024-02-23 01:58:00+00:00,okx,156047555,ledger,withdrawal,ETH,,,-0.8370283,,,0.0,,-2297.796110348456,,account=main;type=withdrawal;before=0.83702827;after=7e-10;ref=156047555,2024-02-23,,,,,,,ETH,ETH,2745.183299475604
2024-02-23 01:58:00+00:00,okx,767830010,ledger,internal_transfer,ETH,,,0.83702827,,,0.0,,2297.796027992957,,account=main;type=transfer_in_from_trading_account;before=7e-10;after=0.83702827;ref=767830010,2024-02-23,,,,,,,ETH,ETH,2745.183299475604
2024-02-23 01:56:00+00:00,okx,173073035,ledger,deposit,USDT,,,5141.308,,,0.0,,4745.5307373995765,,account=main;type=deposit;before=0.00281825;after=5141.31082;ref=173073035,2024-02-23,,,,,,,USDT,USDT,0.923020122
2024-02-23 01:56:00+00:00,okx,767829385,ledger,internal_transfer,USDT,,,-5141.308,,,0.0,,-4745.5307373995765,,account=main;type=transfer_out_trading_account;before=5141.31082;after=0.00281825;ref=767829385,2024-02-23,,,,,,,USDT,USDT,0.923020122
2024-02-22 23:37:00+00:00,okx,155999085,ledger,withdrawal,BTC,,,-0.4152652,,,0.0,,-19852.907367132615,,account=main;type=withdrawal;before=0.41526521;after=9.4e-09;ref=155999085,2024-02-22,,,,,,,BTC,BTC,47807.780105659265
2024-02-22 23:37:00+00:00,okx,767744323,ledger,internal_transfer,BTC,,,0.4152652,,,0.0,,19852.907367132615,,account=main;type=transfer_in_from_trading_account;before=9.4e-09;after=0.41526521;ref=767744323,2024-02-22,,,,,,,BTC,BTC,47807.780105659265
2024-02-22 23:24:00+00:00,okx,767735199,ledger,internal_transfer,USDT,,,-21600.0,,,0.0,,-19918.8491256,,account=main;type=transfer_out_trading_account;before=21600.0028;after=0.00281825;ref=767735199,2024-02-22,,,,,,,USDT,USDT,0.922168941
2024-02-22 23:24:00+00:00,okx,173043420,ledger,deposit,USDT,,,21600.0,,,0.0,,19918.8491256,,account=main;type=deposit;before=0.00281825;after=21600.0028;ref=173043420,2024-02-22,,,,,,,USDT,USDT,0.922168941
2024-02-22 02:34:00+00:00,okx,155581540,ledger,withdrawal,USDT,,,-743807.21,,,0.0,,-685915.9071538646,,account=main;type=withdrawal;before=743807.213;after=0.00281825;ref=155581540,2024-02-22,,,,,,,USDT,USDT,0.922168941
2024-02-22 02:34:00+00:00,okx,766979812,ledger,internal_transfer,USDT,,,743807.21,,,0.0,,685915.9071538646,,account=main;type=transfer_in_from_trading_account;before=0.00281825;after=743807.213;ref=766979812,2024-02-22,,,,,,,USDT,USDT,0.922168941
2024-02-22 02:24:00+00:00,okx,172781790,ledger,deposit,USDT,,,743807.21,,,0.0,,685915.9071538646,,account=main;type=deposit;before=0.00281825;after=743807.213;ref=172781790,2024-02-22,,,,,,,USDT,USDT,0.922168941
2024-02-22 02:24:00+00:00,okx,766973421,ledger,internal_transfer,USDT,,,-743807.21,,,0.0,,-685915.9071538646,,account=main;type=transfer_out_trading_account;before=743807.213;after=0.00281825;ref=766973421,2024-02-22,,,,,,,USDT,USDT,0.922168941
2024-02-21 22:20:00+00:00,okx,155493857,ledger,withdrawal,USDT,,,-252866.21,,,0.0,,-233940.42915650023,,account=main;type=withdrawal;before=252866.213;after=0.00281825;ref=155493857,2024-02-21,,,,,,,USDT,USDT,0.925154963
2024-02-21 22:20:00+00:00,okx,766804451,ledger,internal_transfer,USDT,,,252866.21,,,0.0,,233940.42915650023,,account=main;type=transfer_in_from_trading_account;before=0.00281825;after=252866.213;ref=766804451,2024-02-21,,,,,,,USDT,USDT,0.925154963
2024-02-21 22:12:00+00:00,okx,766797889,ledger,internal_transfer,USDT,,,-252866.21,,,0.0,,-233940.42915650023,,account=main;type=transfer_out_trading_account;before=252866.213;after=0.00281825;ref=766797889,2024-02-21,,,,,,,USDT,USDT,0.925154963
2024-02-21 22:12:00+00:00,okx,172721284,ledger,deposit,USDT,,,252866.21,,,0.0,,233940.42915650023,,account=main;type=deposit;before=0.00281825;after=252866.213;ref=172721284,2024-02-21,,,,,,,USDT,USDT,0.925154963
2024-02-21 02:02:00+00:00,okx,155163890,ledger,withdrawal,USDT,,,-378824.81,,,0.0,,-350471.653079032,,account=main;type=withdrawal;before=378824.813;after=0.00281825;ref=155163890,2024-02-21,,,,,,,USDT,USDT,0.925154963
2024-02-21 02:00:00+00:00,okx,766035399,ledger,internal_transfer,USDT,,,378824.813,,,0.0,,350471.65585449693,,account=main;type=transfer_in_from_trading_account;before=0.0;after=378824.813;ref=766035399,2024-02-21,,,,,,,USDT,USDT,0.925154963
2024-02-21 01:42:00+00:00,okx,766023636,ledger,internal_transfer,USDT,,,-378824.81,,,0.0,,-350471.653079032,,account=main;type=transfer_out_trading_account;before=378824.81;after=0.0;ref=766023636,2024-02-21,,,,,,,USDT,USDT,0.925154963
2024-02-21 01:42:00+00:00,okx,172315180,ledger,deposit,USDT,,,378824.81,,,0.0,,350471.653079032,,account=main;type=deposit;before=0.0;after=378824.81;ref=172315180,2024-02-21,,,,,,,USDT,USDT,0.925154963
2024-02-21 01:27:00+00:00,okx,155157539,ledger,withdrawal,ETH,,,-0.8618599,,,0.0,,-2404.372201312126,,account=main;type=withdrawal;before=0.86185986;after=7e-10;ref=155157539,2024-02-21,,,,,,,ETH,ETH,2789.748312123729
2024-02-21 01:27:00+00:00,okx,766011164,ledger,internal_transfer,ETH,,,0.86185986,,,0.0,,2404.372089722194,,account=main;type=transfer_in_from_trading_account;before=7e-10;after=0.86185986;ref=766011164,2024-02-21,,,,,,,ETH,ETH,2789.748312123729
2024-02-21 01:26:00+00:00,okx,766010287,ledger,internal_transfer,USDT,,,-2500.0,,,0.0,,-2312.8874075,,account=main;type=transfer_out_trading_account;before=2500.0;after=0.0;ref=766010287,2024-02-21,,,,,,,USDT,USDT,0.925154963
2024-02-21 01:23:00+00:00,okx,1609953806,ledger,saving,USDT,,,2500.0,,,0.0,,2312.8874075,,account=main;type=saving_unsubscribe;before=8.87e-10;after=2500.0;ref=1609953806,2024-02-21,,,,,,,USDT,USDT,0.925154963
2024-02-20 20:50:00+00:00,okx,155070851,ledger,withdrawal,USDT,,,-451226.21,,,0.0,,-417724.6899131829,,account=main;type=withdrawal;before=451226.21;after=8.87e-10;ref=155070851,2024-02-20,,,,,,,USDT,USDT,0.92575449
2024-02-20 20:50:00+00:00,okx,765722794,ledger,internal_transfer,USDT,,,451226.21,,,0.0,,417724.6899131829,,account=main;type=transfer_in_from_trading_account;before=8.87e-10;after=451226.21;ref=765722794,2024-02-20,,,,,,,USDT,USDT,0.92575449
2024-02-20 20:44:00+00:00,okx,172203840,ledger,deposit,USDT,,,451226.21,,,0.0,,417724.6899131829,,account=main;type=deposit;before=8.87e-10;after=451226.21;ref=172203840,2024-02-20,,,,,,,USDT,USDT,0.92575449
2024-02-20 20:44:00+00:00,okx,765718264,ledger,internal_transfer,USDT,,,-451226.21,,,0.0,,-417724.6899131829,,account=main;type=transfer_out_trading_account;before=451226.21;after=8.87e-10;ref=765718264,2024-02-20,,,,,,,USDT,USDT,0.92575449
2024-02-20 02:57:00+00:00,okx,1609142715,ledger,saving,USDT,,,-3059.8863,,,0.0,,-2832.703481114487,,account=main;type=saving_subscribe;before=3059.88634;after=8.87e-10;ref=1609142715,2024-02-20,,,,,,,USDT,USDT,0.92575449
2024-02-20 02:57:00+00:00,okx,765090427,ledger,internal_transfer,USDT,,,3051.72463,,,0.0,,2825.1477784660888,,account=main;type=transfer_in_from_trading_account;before=8.16171323;after=3059.88634;ref=765090427,2024-02-20,,,,,,,USDT,USDT,0.92575449
2024-02-20 02:51:00+00:00,okx,154737854,ledger,withdrawal,ETH,,,-0.0511564,,,0.0,,-139.40962380010873,,account=main;type=withdrawal;before=0.05115641;after=7e-10;ref=154737854,2024-02-20,,,,,,,ETH,ETH,2725.1648630495647
2024-02-20 02:51:00+00:00,okx,765086817,ledger,internal_transfer,ETH,,,0.05115641,,,0.0,,139.40965105175738,,account=main;type=transfer_in_from_trading_account;before=7e-10;after=0.05115641;ref=765086817,2024-02-20,,,,,,,ETH,ETH,2725.1648630495647
2024-02-20 02:46:00+00:00,okx,154736464,ledger,withdrawal,USDT,,,-1503.82,,,0.0,,-1392.1681171517998,,account=main;type=withdrawal;before=1511.98171;after=8.16171323;ref=154736464,2024-02-20,,,,,,,USDT,USDT,0.92575449
2024-02-20 02:46:00+00:00,okx,765084508,ledger,internal_transfer,USDT,,,1503.82,,,0.0,,1392.1681171517998,,account=main;type=transfer_in_from_trading_account;before=8.16171323;after=1511.98171;ref=765084508,2024-02-20,,,,,,,USDT,USDT,0.92575449
2024-02-20 02:43:00+00:00,okx,172027703,ledger,deposit,USDT,,,4705.54321,,,0.0,,4356.177754546513,,account=main;type=deposit;before=8.16171323;after=4713.70492;ref=172027703,2024-02-20,,,,,,,USDT,USDT,0.92575449
2024-02-20 02:43:00+00:00,okx,765083479,ledger,internal_transfer,USDT,,,-4705.5432,,,0.0,,-4356.177745288968,,account=main;type=transfer_out_trading_account;before=4713.70492;after=8.16171323;ref=765083479,2024-02-20,,,,,,,USDT,USDT,0.92575449
2024-02-19 20:37:00+00:00,okx,154613747,ledger,withdrawal,USDT,,,-498832.61,,,0.0,,-462910.7369462584,,account=main;type=withdrawal;before=498840.772;after=8.16171323;ref=154613747,2024-02-19,,,,,,,USDT,USDT,0.927988122
2024-02-19 20:37:00+00:00,okx,764822334,ledger,internal_transfer,USDT,,,498832.61,,,0.0,,462910.7369462584,,account=main;type=transfer_in_from_trading_account;before=8.16171323;after=498840.772;ref=764822334,2024-02-19,,,,,,,USDT,USDT,0.927988122
2024-02-19 20:35:00+00:00,okx,764820952,ledger,internal_transfer,USDT,,,-498832.61,,,0.0,,-462910.7369462584,,account=main;type=transfer_out_trading_account;before=498840.772;after=8.16171323;ref=764820952,2024-02-19,,,,,,,USDT,USDT,0.927988122
2024-02-19 20:35:00+00:00,okx,171949903,ledger,deposit,USDT,,,498832.61,,,0.0,,462910.7369462584,,account=main;type=deposit;before=8.16171323;after=498840.772;ref=171949903,2024-02-19,,,,,,,USDT,USDT,0.927988122
2024-02-19 19:25:00+00:00,okx,764771764,ledger,internal_transfer,USDT,,,0.000393,,,0.0,,0.000364699331946,,account=main;type=transfer_in_from_trading_account;before=8.1613201;after=8.16171323;ref=764771764,2024-02-19,,,,,,,USDT,USDT,0.927988122
2024-02-19 19:23:00+00:00,okx,154588736,ledger,withdrawal,USDT,,,-471062.21,,,0.0,,-437140.1356030697,,account=main;type=withdrawal;before=471070.371;after=8.1613201;ref=154588736,2024-02-19,,,,,,,USDT,USDT,0.927988122
2024-02-19 19:21:00+00:00,okx,764769409,ledger,internal_transfer,USDT,,,471062.21,,,0.0,,437140.1356030697,,account=main;type=transfer_in_from_trading_account;before=8.1613201;after=471070.371;ref=764769409,2024-02-19,,,,,,,USDT,USDT,0.927988122
2024-02-19 19:21:00+00:00,okx,764769019,ledger,internal_transfer,USDT,,,-471062.21,,,0.0,,-437140.1356030697,,account=main;type=transfer_out_trading_account;before=471070.371;after=8.1613201;ref=764769019,2024-02-19,,,,,,,USDT,USDT,0.927988122
2024-02-19 19:21:00+00:00,okx,171931663,ledger,deposit,USDT,,,471062.21,,,0.0,,437140.1356030697,,account=main;type=deposit;before=8.1613201;after=471070.371;ref=171931663,2024-02-19,,,,,,,USDT,USDT,0.927988122
2024-02-17 00:20:00+00:00,okx,153594616,ledger,withdrawal,USDT,,,-545124.87,,,0.0,,-506245.23580229183,,account=main;type=withdrawal;before=545133.031;after=8.1613201;ref=153594616,2024-02-17,,,,,,,USDT,USDT,0.928677563
2024-02-17 00:19:00+00:00,okx,762587883,ledger,internal_transfer,USDT,,,545124.87,,,0.0,,506245.23580229183,,account=main;type=transfer_in_from_trading_account;before=8.1613201;after=545133.031;ref=762587883,2024-02-17,,,,,,,USDT,USDT,0.928677563
2024-02-17 00:15:00+00:00,okx,171281106,ledger,deposit,USDT,,,545124.87,,,0.0,,506245.23580229183,,account=main;type=deposit;before=8.1613201;after=545133.031;ref=171281106,2024-02-17,,,,,,,USDT,USDT,0.928677563
2024-02-17 00:15:00+00:00,okx,762585559,ledger,internal_transfer,USDT,,,-545124.87,,,0.0,,-506245.23580229183,,account=main;type=transfer_out_trading_account;before=545133.031;after=8.1613201;ref=762585559,2024-02-17,,,,,,,USDT,USDT,0.928677563
2024-02-16 23:03:00+00:00,okx,762525213,ledger,internal_transfer,USDT,,,-12500.0,,,0.0,,-11608.469537500001,,account=main;type=transfer_out_trading_account;before=12508.1613;after=8.1613201;ref=762525213,2024-02-16,,,,,,,USDT,USDT,0.928677563
2024-02-16 23:02:00+00:00,okx,1606884526,ledger,saving,USDT,,,12500.0,,,0.0,,11608.469537500001,,account=main;type=saving_unsubscribe;before=8.1613201;after=12508.1613;ref=1606884526,2024-02-16,,,,,,,USDT,USDT,0.928677563
2024-02-15 02:13:00+00:00,okx,760477045,ledger,internal_transfer,ZETA,,,1031.47501,,,0.0,,2300.2712233301195,,account=main;type=transfer_in_from_trading_account;before=0.0;after=1031.47501;ref=760477045,2024-02-15,,,,,,,ZETA,ZETA,2.2300794503301824
2024-02-15 02:12:00+00:00,okx,760476911,ledger,internal_transfer,USDT,,,8.1613201,,,0.0,,7.596872477909388,,account=main;type=transfer_in_from_trading_account;before=0.0;after=8.1613201;ref=760476911,2024-02-15,,,,,,,USDT,USDT,0.930838686
2024-02-15 02:09:00+00:00,okx,153002200,ledger,withdrawal,USDT,,,-5001.0,,,0.0,,-4655.124268686,,account=main;type=withdrawal;before=5001.0;after=0.0;ref=153002200,2024-02-15,,,,,,,USDT,USDT,0.930838686
2024-02-15 02:09:00+00:00,okx,760475120,ledger,internal_transfer,USDT,,,5001.0,,,0.0,,4655.124268686,,account=main;type=transfer_in_from_trading_account;before=0.0;after=5001.0;ref=760475120,2024-02-15,,,,,,,USDT,USDT,0.930838686
2024-02-15 02:04:00+00:00,okx,760473172,ledger,internal_transfer,USDT,,,-6200.0,,,0.0,,-5771.1998532,,account=main;type=transfer_out_trading_account;before=6200.0;after=0.0;ref=760473172,2024-02-15,,,,,,,USDT,USDT,0.930838686
2024-02-15 02:04:00+00:00,okx,1605467191,ledger,saving,USDT,,,6200.0,,,0.0,,5771.1998532,,account=main;type=saving_unsubscribe;before=0.0;after=6200.0;ref=1605467191,2024-02-15,,,,,,,USDT,USDT,0.930838686
2024-02-15 02:03:00+00:00,okx,760472363,ledger,internal_transfer,INJ,,,143.862856,,,0.0,,4735.079843133937,,account=main;type=transfer_in_from_trading_account;before=0.0;after=143.862856;ref=760472363,2024-02-15,,,,,,,INJ,INJ,32.91384569157961
2024-02-15 02:02:00+00:00,okx,760472282,ledger,internal_transfer,WOO,,,6107.91982,,,0.0,,2346.770306012501,,account=main;type=transfer_in_from_trading_account;before=0.0;after=6107.91982;ref=760472282,2024-02-15,,,,,,,WOO,WOO,0.3842176019285893
2024-02-15 01:54:00+00:00,okx,760468739,ledger,internal_transfer,USDT,,,-5000.0,,,0.0,,-4654.19343,,account=main;type=transfer_out_trading_account;before=5000.0;after=0.0;ref=760468739,2024-02-15,,,,,,,USDT,USDT,0.930838686
2024-02-15 01:53:00+00:00,okx,1605464317,ledger,saving,USDT,,,5000.0,,,0.0,,4654.19343,,account=main;type=saving_unsubscribe;before=7.83e-09;after=5000.0;ref=1605464317,2024-02-15,,,,,,,USDT,USDT,0.930838686
2024-02-15 01:53:00+00:00,okx,760467989,ledger,internal_transfer,USDT,,,-3806.4571,,,0.0,,-3543.1975252793704,,account=main;type=transfer_out_trading_account;before=3806.45711;after=7.83e-09;ref=760467989,2024-02-15,,,,,,,USDT,USDT,0.930838686
2024-02-15 01:53:00+00:00,okx,170797427,ledger,deposit,USDT,,,3806.45711,,,0.0,,3543.197534587757,,account=main;type=deposit;before=7.83e-09;after=3806.45711;ref=170797427,2024-02-15,,,,,,,USDT,USDT,0.930838686
2024-02-15 01:29:00+00:00,okx,152994306,ledger,withdrawal,USDT,,,-471062.21,,,0.0,,-438482.92858065607,,account=main;type=withdrawal;before=471062.21;after=7.83e-09;ref=152994306,2024-02-15,,,,,,,USDT,USDT,0.930838686
2024-02-15 01:27:00+00:00,okx,760418206,ledger,internal_transfer,USDT,,,471062.21,,,0.0,,438482.92858065607,,account=main;type=transfer_in_from_trading_account;before=7.83e-09;after=471062.21;ref=760418206,2024-02-15,,,,,,,USDT,USDT,0.930838686
2024-02-15 01:14:00+00:00,okx,170791688,ledger,deposit,USDT,,,471062.21,,,0.0,,438482.92858065607,,account=main;type=deposit;before=7.83e-09;after=471062.21;ref=170791688,2024-02-15,,,,,,,USDT,USDT,0.930838686
2024-02-15 01:14:00+00:00,okx,760385652,ledger,internal_transfer,USDT,,,-471062.21,,,0.0,,-438482.92858065607,,account=main;type=transfer_out_trading_account;before=471062.21;after=7.83e-09;ref=760385652,2024-02-15,,,,,,,USDT,USDT,0.930838686
2024-02-14 18:00:00+00:00,okx,152886973,ledger,withdrawal,BTC,,,-0.4080702,,,0.0,,-18943.532635373573,,account=main;type=withdrawal;before=0.40807021;after=9.4e-09;ref=152886973,2024-02-14,,,,,,,BTC,BTC,46422.23969153732
2024-02-14 18:00:00+00:00,okx,759340004,ledger,internal_transfer,BTC,,,0.4080702,,,0.0,,18943.532635373573,,account=main;type=transfer_in_from_trading_account;before=9.4e-09;after=0.40807021;ref=759340004,2024-02-14,,,,,,,BTC,BTC,46422.23969153732
2024-02-14 17:49:00+00:00,okx,759310878,ledger,internal_transfer,USDT,,,-21048.0,,,0.0,,-19647.157663656002,,account=main;type=transfer_out_trading_account;before=21048.0;after=7.83e-09;ref=759310878,2024-02-14,,,,,,,USDT,USDT,0.933445347
2024-02-14 17:49:00+00:00,okx,170694164,ledger,deposit,USDT,,,21048.0,,,0.0,,19647.157663656002,,account=main;type=deposit;before=7.83e-09;after=21048.0;ref=170694164,2024-02-14,,,,,,,USDT,USDT,0.933445347
2024-02-14 01:05:00+00:00,okx,152730280,ledger,withdrawal,BTC,,,-0.541659,,,0.0,,-25145.023929078412,,account=main;type=withdrawal;before=0.54165901;after=9.4e-09;ref=152730280,2024-02-14,,,,,,,BTC,BTC,46422.23969153732
2024-02-14 01:05:00+00:00,okx,758196843,ledger,internal_transfer,BTC,,,0.541659,,,0.0,,25145.023929078412,,account=main;type=transfer_in_from_trading_account;before=9.4e-09;after=0.54165901;ref=758196843,2024-02-14,,,,,,,BTC,BTC,46422.23969153732
2024-02-14 00:53:00+00:00,okx,152727928,ledger,withdrawal,USDT,,,-300472.61,,,0.0,,-280474.7597054457,,account=main;type=withdrawal;before=300472.61;after=7.83e-09;ref=152727928,2024-02-14,,,,,,,USDT,USDT,0.933445347
2024-02-14 00:52:00+00:00,okx,758189255,ledger,internal_transfer,USDT,,,300472.61,,,0.0,,280474.7597054457,,account=main;type=transfer_in_from_trading_account;before=7.83e-09;after=300472.61;ref=758189255,2024-02-14,,,,,,,USDT,USDT,0.933445347
2024-02-14 00:51:00+00:00,okx,758189117,ledger,internal_transfer,USDT,,,-300472.61,,,0.0,,-280474.7597054457,,account=main;type=transfer_out_trading_account;before=300472.61;after=7.83e-09;ref=758189117,2024-02-14,,,,,,,USDT,USDT,0.933445347
2024-02-14 00:51:00+00:00,okx,170567989,ledger,deposit,USDT,,,300472.61,,,0.0,,280474.7597054457,,account=main;type=deposit;before=7.83e-09;after=300472.61;ref=170567989,2024-02-14,,,,,,,USDT,USDT,0.933445347
2024-02-14 00:43:00+00:00,okx,758184285,ledger,internal_transfer,USDT,,,-26343.0,,,0.0,,-24589.750776021,,account=main;type=transfer_out_trading_account;before=26343.0;after=7.83e-09;ref=758184285,2024-02-14,,,,,,,USDT,USDT,0.933445347
2024-02-14 00:43:00+00:00,okx,170566769,ledger,deposit,USDT,,,26343.0,,,0.0,,24589.750776021,,account=main;type=deposit;before=7.83e-09;after=26343.0;ref=170566769,2024-02-14,,,,,,,USDT,USDT,0.933445347
2024-02-12 20:29:00+00:00,okx,152421655,ledger,withdrawal,BTC,,,-0.4402442,,,0.0,,-19693.043675517198,,account=main;type=withdrawal;before=0.44024421;after=9.4e-09;ref=152421655,2024-02-12,,,,,,,BTC,BTC,44732.09113377802
2024-02-12 20:29:00+00:00,okx,757206988,ledger,internal_transfer,BTC,,,0.4402442,,,0.0,,19693.043675517198,,account=main;type=transfer_in_from_trading_account;before=9.4e-09;after=0.44024421;ref=757206988,2024-02-12,,,,,,,BTC,BTC,44732.09113377802
2024-02-12 20:12:00+00:00,okx,757199545,ledger,internal_transfer,USDT,,,-21106.0,,,0.0,,-19591.571515452,,account=main;type=transfer_out_trading_account;before=21106.0;after=7.83e-09;ref=757199545,2024-02-12,,,,,,,USDT,USDT,0.928246542
2024-02-12 20:12:00+00:00,okx,170322670,ledger,deposit,USDT,,,21106.0,,,0.0,,19591.571515452,,account=main;type=deposit;before=7.83e-09;after=21106.0;ref=170322670,2024-02-12,,,,,,,USDT,USDT,0.928246542
2024-02-12 05:45:00+00:00,okx,756835195,ledger,internal_transfer,PYTH,,,1000.0,,,0.0,,523.6954675963382,,account=main;type=transfer_in_from_trading_account;before=11525.0623;after=12525.0623;ref=756835195,2024-02-12,,,,,,,PYTH,PYTH,0.5236954675963382
2024-02-12 05:42:00+00:00,okx,756834014,ledger,internal_transfer,PYTH,,,-1000.0,,,0.0,,-523.6954675963382,,account=main;type=transfer_out_trading_account;before=12525.0623;after=11525.0623;ref=756834014,2024-02-12,,,,,,,PYTH,PYTH,0.5236954675963382
2024-02-10 14:12:00+00:00,okx,1602538946,ledger,saving,USDT,,,-7533.9437,,,0.0,,-6994.006402144201,,account=main;type=saving_subscribe;before=7533.94371;after=7.83e-09;ref=1602538946,2024-02-10,,,,,,,USDT,USDT,0.928332714
2024-02-10 14:12:00+00:00,okx,755843519,ledger,internal_transfer,USDT,,,7533.94371,,,0.0,,6994.006411427528,,account=main;type=transfer_in_from_trading_account;before=7.83e-09;after=7533.94371;ref=755843519,2024-02-10,,,,,,,USDT,USDT,0.928332714
2024-02-10 14:03:00+00:00,okx,755839522,ledger,internal_transfer,USDT,,,-7533.9437,,,0.0,,-6994.006402144201,,account=main;type=transfer_out_trading_account;before=7533.94365;after=7.83e-09;ref=755839522,2024-02-10,,,,,,,USDT,USDT,0.928332714
2024-02-10 14:03:00+00:00,okx,169974357,ledger,deposit,USDT,,,7533.94365,,,0.0,,6994.006355727566,,account=main;type=deposit;before=7.83e-09;after=7533.94365;ref=169974357,2024-02-10,,,,,,,USDT,USDT,0.928332714
2024-02-09 23:24:00+00:00,okx,151744988,ledger,withdrawal,USDT,,,-396677.21,,,0.0,,-368248.43094124796,,account=main;type=withdrawal;before=396677.21;after=7.83e-09;ref=151744988,2024-02-09,,,,,,,USDT,USDT,0.928332714
2024-02-09 23:24:00+00:00,okx,755470916,ledger,internal_transfer,USDT,,,396677.21,,,0.0,,368248.43094124796,,account=main;type=transfer_in_from_trading_account;before=7.83e-09;after=396677.21;ref=755470916,2024-02-09,,,,,,,USDT,USDT,0.928332714
2024-02-09 23:04:00+00:00,okx,755458836,ledger,internal_transfer,USDT,,,-396677.21,,,0.0,,-368248.43094124796,,account=main;type=transfer_out_trading_account;before=396677.21;after=7.83e-09;ref=755458836,2024-02-09,,,,,,,USDT,USDT,0.928332714
2024-02-09 23:04:00+00:00,okx,169895798,ledger,deposit,USDT,,,396677.21,,,0.0,,368248.43094124796,,account=main;type=deposit;before=7.83e-09;after=396677.21;ref=169895798,2024-02-09,,,,,,,USDT,USDT,0.928332714
2024-02-09 22:08:00+00:00,okx,151729223,ledger,withdrawal,BTC,,,-0.0220915,,,0.0,,-929.8091510483404,,account=main;type=withdrawal;before=0.02209155;after=9.4e-09;ref=151729223,2024-02-09,,,,,,,BTC,BTC,42089.00034168528
2024-02-09 20:20:00+00:00,okx,755347443,ledger,internal_transfer,BTC,,,0.02200861,,,0.0,,926.3203938100181,,account=main;type=transfer_in_from_trading_account;before=8.29e-05;after=0.02209155;ref=755347443,2024-02-09,,,,,,,BTC,BTC,42089.00034168528
2024-02-09 20:16:00+00:00,okx,755344634,ledger,internal_transfer,USDT,,,-1045.1,,,0.0,,-970.2005194013999,,account=main;type=transfer_out_trading_account;before=1045.1;after=7.83e-09;ref=755344634,2024-02-09,,,,,,,USDT,USDT,0.928332714
2024-02-09 20:16:00+00:00,okx,169871399,ledger,deposit,USDT,,,1045.1,,,0.0,,970.2005194013999,,account=main;type=deposit;before=7.83e-09;after=1045.1;ref=169871399,2024-02-09,,,,,,,USDT,USDT,0.928332714
2024-02-08 03:14:00+00:00,okx,753915980,ledger,internal_transfer,PYTH,,,10.0,,,0.0,,4.463669316834132,,account=main;type=transfer_in_from_trading_account;before=12515.0623;after=12525.0623;ref=753915980,2024-02-08,,,,,,,PYTH,PYTH,0.4463669316834132
2024-02-08 03:14:00+00:00,okx,753915832,ledger,internal_transfer,PYTH,,,-10.0,,,0.0,,-4.463669316834132,,account=main;type=transfer_out_trading_account;before=12525.0623;after=12515.0623;ref=753915832,2024-02-08,,,,,,,PYTH,PYTH,0.4463669316834132
2024-02-08 03:07:00+00:00,okx,753913514,ledger,internal_transfer,PYTH,,,10.0,,,0.0,,4.463669316834132,,account=main;type=transfer_in_from_trading_account;before=12515.0623;after=12525.0623;ref=753913514,2024-02-08,,,,,,,PYTH,PYTH,0.4463669316834132
2024-02-08 03:07:00+00:00,okx,753913417,ledger,internal_transfer,PYTH,,,-10.0,,,0.0,,-4.463669316834132,,account=main;type=transfer_out_trading_account;before=12525.0623;after=12515.0623;ref=753913417,2024-02-08,,,,,,,PYTH,PYTH,0.4463669316834132
2024-02-07 19:39:00+00:00,okx,151193044,ledger,withdrawal,BTC,,,-0.1215088,,,0.0,,-4858.523890142434,,account=main;type=withdrawal;before=0.12159174;after=8.29e-05;ref=151193044,2024-02-07,,,,,,,BTC,BTC,39984.954918017735
2024-02-07 19:39:00+00:00,okx,753687687,ledger,internal_transfer,BTC,,,0.1215088,,,0.0,,4858.523890142434,,account=main;type=transfer_in_from_trading_account;before=8.29e-05;after=0.12159174;ref=753687687,2024-02-07,,,,,,,BTC,BTC,39984.954918017735
2024-02-07 19:30:00+00:00,okx,753683458,ledger,internal_transfer,USDT,,,-370.0,,,0.0,,-343.35560514,,account=main;type=transfer_out_trading_account;before=370.0;after=7.83e-09;ref=753683458,2024-02-07,,,,,,,USDT,USDT,0.927988122
2024-02-07 19:30:00+00:00,okx,169408821,ledger,deposit,USDT,,,370.0,,,0.0,,343.35560514,,account=main;type=deposit;before=7.83e-09;after=370.0;ref=169408821,2024-02-07,,,,,,,USDT,USDT,0.927988122
2024-02-07 19:24:00+00:00,okx,753680633,ledger,internal_transfer,USDT,,,-4850.5,,,0.0,,-4501.206385761,,account=main;type=transfer_out_trading_account;before=4850.5;after=7.83e-09;ref=753680633,2024-02-07,,,,,,,USDT,USDT,0.927988122
2024-02-07 19:24:00+00:00,okx,169407514,ledger,deposit,USDT,,,4850.5,,,0.0,,4501.206385761,,account=main;type=deposit;before=7.83e-09;after=4850.5;ref=169407514,2024-02-07,,,,,,,USDT,USDT,0.927988122
2024-02-06 21:22:00+00:00,okx,150902599,ledger,withdrawal,USDT,,,-892577.21,,,0.0,,-830845.397309946,,account=main;type=withdrawal;before=892577.21;after=7.83e-09;ref=150902599,2024-02-06,,,,,,,USDT,USDT,0.930838686
2024-02-06 21:22:00+00:00,okx,753096355,ledger,internal_transfer,USDT,,,892577.21,,,0.0,,830845.397309946,,account=main;type=transfer_in_from_trading_account;before=7.83e-09;after=892577.21;ref=753096355,2024-02-06,,,,,,,USDT,USDT,0.930838686
2024-02-06 21:17:00+00:00,okx,753093755,ledger,internal_transfer,USDT,,,-892577.21,,,0.0,,-830845.397309946,,account=main;type=transfer_out_trading_account;before=892577.21;after=7.83e-09;ref=753093755,2024-02-06,,,,,,,USDT,USDT,0.930838686
2024-02-06 21:17:00+00:00,okx,169198350,ledger,deposit,USDT,,,892577.21,,,0.0,,830845.397309946,,account=main;type=deposit;before=7.83e-09;after=892577.21;ref=169198350,2024-02-06,,,,,,,USDT,USDT,0.930838686
2024-02-05 22:12:00+00:00,okx,150623883,ledger,withdrawal,USDT,,,-349070.81,,,0.0,,-324837.9024662442,,account=main;type=withdrawal;before=349070.81;after=7.83e-09;ref=150623883,2024-02-05,,,,,,,USDT,USDT,0.93057882
2024-02-05 22:12:00+00:00,okx,752465189,ledger,internal_transfer,USDT,,,349070.81,,,0.0,,324837.9024662442,,account=main;type=transfer_in_from_trading_account;before=7.83e-09;after=349070.81;ref=752465189,2024-02-05,,,,,,,USDT,USDT,0.93057882
2024-02-05 21:55:00+00:00,okx,168951333,ledger,deposit,USDT,,,349070.81,,,0.0,,324837.9024662442,,account=main;type=deposit;before=7.83e-09;after=349070.81;ref=168951333,2024-02-05,,,,,,,USDT,USDT,0.93057882
2024-02-05 21:55:00+00:00,okx,752455046,ledger,internal_transfer,USDT,,,-349070.81,,,0.0,,-324837.9024662442,,account=main;type=transfer_out_trading_account;before=349070.81;after=7.83e-09;ref=752455046,2024-02-05,,,,,,,USDT,USDT,0.93057882
2024-02-05 13:31:00+00:00,okx,752203265,ledger,internal_transfer,USDT,,,18610.2641,,,0.0,,17318.317606066365,,account=main;type=transfer_in_from_trading_account;before=7.83e-09;after=18610.2641;ref=752203265,2024-02-05,,,,,,,USDT,USDT,0.93057882
2024-02-05 13:31:00+00:00,okx,1599023128,ledger,saving,USDT,,,-18610.264,,,0.0,,-17318.31751300848,,account=main;type=saving_subscribe;before=18610.2641;after=7.83e-09;ref=1599023128,2024-02-05,,,,,,,USDT,USDT,0.93057882
2024-02-05 13:30:00+00:00,okx,752203033,ledger,internal_transfer,USDT,,,-18610.264,,,0.0,,-17318.31751300848,,account=main;type=transfer_out_trading_account;before=18610.2641;after=7.83e-09;ref=752203033,2024-02-05,,,,,,,USDT,USDT,0.93057882
2024-02-05 13:30:00+00:00,okx,168834887,ledger,deposit,USDT,,,18610.2641,,,0.0,,17318.317606066365,,account=main;type=deposit;before=7.83e-09;after=18610.2641;ref=168834887,2024-02-05,,,,,,,USDT,USDT,0.93057882
2024-02-03 02:03:00+00:00,okx,149807179,ledger,withdrawal,TRX,,,-1720.62,,,0.0,,-183.79431489064964,,account=main;type=withdrawal;before=1720.62239;after=0.00239283;ref=149807179,2024-02-03,,,,,,,TRX,TRX,0.106818655421098
2024-02-03 02:00:00+00:00,okx,750750716,ledger,internal_transfer,TRX,,,1720.62239,,,0.0,,183.7945701872361,,account=main;type=transfer_in_from_trading_account;before=5.14e-09;after=1720.62239;ref=750750716,2024-02-03,,,,,,,TRX,TRX,0.106818655421098
2024-02-03 01:59:00+00:00,okx,149806309,ledger,withdrawal,USDT,,,-10370.01,,,0.0,,-9528.631813722839,,account=main;type=withdrawal;before=10370.01;after=7.83e-09;ref=149806309,2024-02-03,,,,,,,USDT,USDT,0.918864284
2024-02-03 01:59:00+00:00,okx,750750089,ledger,internal_transfer,USDT,,,10370.01,,,0.0,,9528.631813722839,,account=main;type=transfer_in_from_trading_account;before=7.83e-09;after=10370.01;ref=750750089,2024-02-03,,,,,,,USDT,USDT,0.918864284
2024-02-03 01:52:00+00:00,okx,149805035,ledger,withdrawal,USDT,,,-11.0,,,0.0,,-10.107507124,,account=main;type=withdrawal;before=11.0;after=7.83e-09;ref=149805035,2024-02-03,,,,,,,USDT,USDT,0.918864284
2024-02-03 01:51:00+00:00,okx,750746926,ledger,internal_transfer,USDT,,,11.0,,,0.0,,10.107507124,,account=main;type=transfer_in_from_trading_account;before=7.83e-09;after=11.0;ref=750746926,2024-02-03,,,,,,,USDT,USDT,0.918864284
2024-02-03 01:51:00+00:00,okx,168246046,ledger,deposit,USDT,,,10581.01,,,0.0,,9722.51217764684,,account=main;type=deposit;before=7.83e-09;after=10581.01;ref=168246046,2024-02-03,,,,,,,USDT,USDT,0.918864284
2024-02-03 01:51:00+00:00,okx,750746796,ledger,internal_transfer,USDT,,,-10581.01,,,0.0,,-9722.51217764684,,account=main;type=transfer_out_trading_account;before=10581.01;after=7.83e-09;ref=750746796,2024-02-03,,,,,,,USDT,USDT,0.918864284
2024-02-03 01:02:00+00:00,okx,149794096,ledger,withdrawal,USDT,,,-1081182.9,,,0.0,,-993460.3512815435,,account=main;type=withdrawal;before=1081182.88;after=7.83e-09;ref=149794096,2024-02-03,,,,,,,USDT,USDT,0.918864284
2024-02-03 01:02:00+00:00,okx,750725052,ledger,internal_transfer,USDT,,,1081182.88,,,0.0,,993460.3329042578,,account=main;type=transfer_in_from_trading_account;before=7.83e-09;after=1081182.88;ref=750725052,2024-02-03,,,,,,,USDT,USDT,0.918864284
2024-02-03 01:00:00+00:00,okx,750724293,ledger,internal_transfer,USDT,,,-1081182.9,,,0.0,,-993460.3512815435,,account=main;type=transfer_out_trading_account;before=1081182.88;after=7.83e-09;ref=750724293,2024-02-03,,,,,,,USDT,USDT,0.918864284
2024-02-03 01:00:00+00:00,okx,168237386,ledger,deposit,USDT,,,1081182.88,,,0.0,,993460.3329042578,,account=main;type=deposit;before=7.83e-09;after=1081182.88;ref=168237386,2024-02-03,,,,,,,USDT,USDT,0.918864284
2024-02-02 21:50:00+00:00,okx,149739732,ledger,withdrawal,BTC,,,-0.122299,,,0.0,,-4839.9347080742855,,account=main;type=withdrawal;before=0.12238194;after=8.29e-05;ref=149739732,2024-02-02,,,,,,,BTC,BTC,39574.605745543995
2024-02-02 21:10:00+00:00,okx,750585935,ledger,internal_transfer,BTC,,,0.00580829,,,0.0,,229.86078680578572,,account=main;type=transfer_in_from_trading_account;before=0.11657365;after=0.12238194;ref=750585935,2024-02-02,,,,,,,BTC,BTC,39574.605745543995
2024-02-02 21:06:00+00:00,okx,750584141,ledger,internal_transfer,BTC,,,0.11657365,,,0.0,,4613.356239069035,,account=main;type=transfer_in_from_trading_account;before=0.0;after=0.11657365;ref=750584141,2024-02-02,,,,,,,BTC,BTC,39574.605745543995
2024-02-02 20:57:00+00:00,okx,750579253,ledger,internal_transfer,USDT,,,-5272.0,,,0.0,,-4844.252505248,,account=main;type=transfer_out_trading_account;before=5272.0;after=7.83e-09;ref=750579253,2024-02-02,,,,,,,USDT,USDT,0.918864284
2024-02-02 20:57:00+00:00,okx,168178800,ledger,deposit,USDT,,,5272.0,,,0.0,,4844.252505248,,account=main;type=deposit;before=7.83e-09;after=5272.0;ref=168178800,2024-02-02,,,,,,,USDT,USDT,0.918864284
2024-02-02 19:41:00+00:00,okx,149701444,ledger,withdrawal,USDT,,,-515693.21,,,0.0,,-473852.07217031164,,account=main;type=withdrawal;before=515693.21;after=7.83e-09;ref=149701444,2024-02-02,,,,,,,USDT,USDT,0.918864284
2024-02-02 19:40:00+00:00,okx,750537386,ledger,internal_transfer,USDT,,,515693.21,,,0.0,,473852.07217031164,,account=main;type=transfer_in_from_trading_account;before=7.83e-09;after=515693.21;ref=750537386,2024-02-02,,,,,,,USDT,USDT,0.918864284
2024-02-02 19:39:00+00:00,okx,168159916,ledger,deposit,USDT,,,515693.21,,,0.0,,473852.07217031164,,account=main;type=deposit;before=7.83e-09;after=515693.21;ref=168159916,2024-02-02,,,,,,,USDT,USDT,0.918864284
2024-02-02 19:39:00+00:00,okx,750536885,ledger,internal_transfer,USDT,,,-515693.21,,,0.0,,-473852.07217031164,,account=main;type=transfer_out_trading_account;before=515693.21;after=7.83e-09;ref=750536885,2024-02-02,,,,,,,USDT,USDT,0.918864284
2024-02-02 00:48:00+00:00,okx,149432603,ledger,withdrawal,USDT,,,-34942.12,,,0.0,,-32107.06607524208,,account=main;type=withdrawal;before=34942.12;after=7.83e-09;ref=149432603,2024-02-02,,,,,,,USDT,USDT,0.918864284
2024-02-01 23:53:00+00:00,okx,749987342,ledger,internal_transfer,USDT,,,34942.12,,,0.0,,32311.928964374605,,account=main;type=transfer_in_from_trading_account;before=7.83e-09;after=34942.12;ref=749987342,2024-02-01,,,,,,,USDT,USDT,0.924727205
2024-02-01 17:33:00+00:00,okx,167828754,ledger,deposit,USDT,,,34942.12,,,0.0,,32311.928964374605,,account=main;type=deposit;before=7.83e-09;after=34942.12;ref=167828754,2024-02-01,,,,,,,USDT,USDT,0.924727205
2024-02-01 17:33:00+00:00,okx,749763501,ledger,internal_transfer,USDT,,,-34942.12,,,0.0,,-32311.928964374605,,account=main;type=transfer_out_trading_account;before=34942.12;after=7.83e-09;ref=749763501,2024-02-01,,,,,,,USDT,USDT,0.924727205
2024-02-01 01:11:00+00:00,okx,149073072,ledger,withdrawal,USDT,,,-651523.19,,,0.0,,-602481.218481384,,account=main;type=withdrawal;before=651523.19;after=7.83e-09;ref=149073072,2024-02-01,,,,,,,USDT,USDT,0.924727205
2024-02-01 01:09:00+00:00,okx,749171769,ledger,internal_transfer,USDT,,,651523.19,,,0.0,,602481.218481384,,account=main;type=transfer_in_from_trading_account;before=7.83e-09;after=651523.19;ref=749171769,2024-02-01,,,,,,,USDT,USDT,0.924727205
2024-02-01 01:09:00+00:00,okx,167591299,ledger,deposit,USDT,,,651523.19,,,0.0,,602481.218481384,,account=main;type=deposit;before=7.83e-09;after=651523.19;ref=167591299,2024-02-01,,,,,,,USDT,USDT,0.924727205
2024-02-01 01:09:00+00:00,okx,749171547,ledger,internal_transfer,USDT,,,-651523.19,,,0.0,,-602481.218481384,,account=main;type=transfer_out_trading_account;before=651523.19;after=7.83e-09;ref=749171547,2024-02-01,,,,,,,USDT,USDT,0.924727205
2024-01-31 19:40:00+00:00,okx,1595540203,ledger,saving,USDT,,,-329.41119,,,0.0,,-303.96898596410756,,account=main;type=saving_subscribe;before=329.411191;after=7.83e-09;ref=1595540203,2024-01-31,,,,,,,USDT,USDT,0.922764603
2024-01-31 19:40:00+00:00,okx,748968417,ledger,internal_transfer,USDT,,,327.99022,,,0.0,,302.65776514618267,,account=main;type=transfer_in_from_trading_account;before=1.42097051;after=329.411191;ref=748968417,2024-01-31,,,,,,,USDT,USDT,0.922764603
2024-01-31 19:20:00+00:00,okx,748959085,ledger,internal_transfer,USDT,,,-327.99022,,,0.0,,-302.65776514618267,,account=main;type=transfer_out_trading_account;before=329.411191;after=1.42097051;ref=748959085,2024-01-31,,,,,,,USDT,USDT,0.922764603
2024-01-31 19:20:00+00:00,okx,167484700,ledger,deposit,USDT,,,327.99022,,,0.0,,302.65776514618267,,account=main;type=deposit;before=1.42097051;after=329.411191;ref=167484700,2024-01-31,,,,,,,USDT,USDT,0.922764603
2024-01-31 05:58:00+00:00,okx,148815893,ledger,withdrawal,USDT,,,-485939.21,,,0.0,,-448407.5021977836,,account=main;type=withdrawal;before=485940.631;after=1.42097051;ref=148815893,2024-01-31,,,,,,,USDT,USDT,0.922764603
2024-01-31 05:55:00+00:00,okx,748564089,ledger,internal_transfer,USDT,,,485939.21,,,0.0,,448407.5021977836,,account=main;type=transfer_in_from_trading_account;before=1.42097051;after=485940.631;ref=748564089,2024-01-31,,,,,,,USDT,USDT,0.922764603
2024-01-31 05:55:00+00:00,okx,167317865,ledger,deposit,USDT,,,485939.21,,,0.0,,448407.5021977836,,account=main;type=deposit;before=1.42097051;after=485940.631;ref=167317865,2024-01-31,,,,,,,USDT,USDT,0.922764603
2024-01-31 05:55:00+00:00,okx,748563969,ledger,internal_transfer,USDT,,,-485939.21,,,0.0,,-448407.5021977836,,account=main;type=transfer_out_trading_account;before=485940.631;after=1.42097051;ref=748563969,2024-01-31,,,,,,,USDT,USDT,0.922764603
2024-01-31 03:04:00+00:00,okx,748499821,ledger,internal_transfer,USDT,,,1.42097051,,,0.0,,1.3112212885348575,,account=main;type=transfer_in_from_trading_account;before=0.0;after=1.42097051;ref=748499821,2024-01-31,,,,,,,USDT,USDT,0.922764603
2024-01-31 00:29:00+00:00,okx,148764976,ledger,withdrawal,ETH,,,-1.0607154,,,0.0,,-2294.2865952721677,,account=main;type=withdrawal;before=1.06071537;after=7e-10;ref=148764976,2024-01-31,,,,,,,ETH,ETH,2162.96152132058
2024-01-31 00:29:00+00:00,okx,748422204,ledger,internal_transfer,ETH,,,1.06071537,,,0.0,,2294.286530383322,,account=main;type=transfer_in_from_trading_account;before=7e-10;after=1.06071537;ref=748422204,2024-01-31,,,,,,,ETH,ETH,2162.96152132058
2024-01-31 00:26:00+00:00,okx,748421111,ledger,internal_transfer,USDT,,,-2500.0,,,0.0,,-2306.9115075,,account=main;type=transfer_out_trading_account;before=2500.0;after=0.0;ref=748421111,2024-01-31,,,,,,,USDT,USDT,0.922764603
2024-01-31 00:26:00+00:00,okx,1594960427,ledger,saving,USDT,,,2500.0,,,0.0,,2306.9115075,,account=main;type=saving_unsubscribe;before=7.83e-09;after=2500.0;ref=1594960427,2024-01-31,,,,,,,USDT,USDT,0.922764603
2024-01-30 21:49:00+00:00,okx,748314407,ledger,internal_transfer,PYTH,,,12525.0623,,,0.0,,4624.809749105685,,account=main;type=transfer_in_from_trading_account;before=0.0;after=12525.0623;ref=748314407,2024-01-30,,,,,,,PYTH,PYTH,0.3692444507126871
2024-01-30 21:40:00+00:00,okx,148720272,ledger,withdrawal,ETH,,,-1.0840557,,,0.0,,-2313.4331630590477,,account=main;type=withdrawal;before=1.08405571;after=7e-10;ref=148720272,2024-01-30,,,,,,,ETH,ETH,2134.0537788409283
2024-01-30 21:40:00+00:00,okx,748308512,ledger,internal_transfer,ETH,,,1.08405571,,,0.0,,2313.433184399585,,account=main;type=transfer_in_from_trading_account;before=7e-10;after=1.08405571;ref=748308512,2024-01-30,,,,,,,ETH,ETH,2134.0537788409283
2024-01-30 21:37:00+00:00,okx,748306861,ledger,internal_transfer,USDT,,,-2500.0,,,0.0,,-2304.997235,,account=main;type=transfer_out_trading_account;before=2500.0;after=7.83e-09;ref=748306861,2024-01-30,,,,,,,USDT,USDT,0.921998894
2024-01-30 21:36:00+00:00,okx,1594871561,ledger,saving,USDT,,,2500.0,,,0.0,,2304.997235,,account=main;type=saving_unsubscribe;before=7.83e-09;after=2500.0;ref=1594871561,2024-01-30,,,,,,,USDT,USDT,0.921998894
2024-01-30 21:15:00+00:00,okx,748290518,ledger,internal_transfer,USDT,,,2147.0419,,,0.0,,1979.5702571716588,,account=main;type=transfer_in_from_trading_account;before=7.38e-07;after=2147.0419;ref=748290518,2024-01-30,,,,,,,USDT,USDT,0.921998894
2024-01-30 21:15:00+00:00,okx,1594859376,ledger,saving,USDT,,,-2147.0419,,,0.0,,-1979.5702571716588,,account=main;type=saving_subscribe;before=2147.0419;after=7.83e-09;ref=1594859376,2024-01-30,,,,,,,USDT,USDT,0.921998894
2024-01-30 21:14:00+00:00,okx,148712421,ledger,withdrawal,BTC,,,-0.576179,,,0.0,,-22985.329020873553,,account=main;type=withdrawal;before=0.576179;after=0.0;ref=148712421,2024-01-30,,,,,,,BTC,BTC,39892.687898853575
2024-01-30 21:14:00+00:00,okx,748289345,ledger,internal_transfer,BTC,,,0.576179,,,0.0,,22985.329020873553,,account=main;type=transfer_in_from_trading_account;before=0.0;after=0.576179;ref=748289345,2024-01-30,,,,,,,BTC,BTC,39892.687898853575
2024-01-30 21:08:00+00:00,okx,748285277,ledger,internal_transfer,USDT,,,-7143.692,,,0.0,,-6586.476123076648,,account=main;type=transfer_out_trading_account;before=7143.69197;after=7.38e-07;ref=748285277,2024-01-30,,,,,,,USDT,USDT,0.921998894
2024-01-30 21:08:00+00:00,okx,167203715,ledger,deposit,USDT,,,7143.69197,,,0.0,,6586.476095416681,,account=main;type=deposit;before=7.38e-07;after=7143.69197;ref=167203715,2024-01-30,,,,,,,USDT,USDT,0.921998894
2024-01-30 20:56:00+00:00,okx,167199965,ledger,deposit,USDT,,,25010.0,,,0.0,,23059.19233894,,account=main;type=deposit;before=7.38e-07;after=25010.0;ref=167199965,2024-01-30,,,,,,,USDT,USDT,0.921998894
2024-01-30 20:56:00+00:00,okx,748276814,ledger,internal_transfer,USDT,,,-25010.0,,,0.0,,-23059.19233894,,account=main;type=transfer_out_trading_account;before=25010.0;after=7.38e-07;ref=748276814,2024-01-30,,,,,,,USDT,USDT,0.921998894
2024-01-30 01:51:00+00:00,okx,148469399,ledger,withdrawal,USDT,,,-3501.0004,,,0.0,,-3227.9184966935577,,account=main;type=withdrawal;before=3501.00041;after=7.38e-07;ref=148469399,2024-01-30,,,,,,,USDT,USDT,0.921998894
2024-01-30 01:49:00+00:00,okx,1594036764,ledger,saving,USDT,,,3501.0,,,0.0,,3227.918127894,,account=main;type=saving_unsubscribe;before=0.000415;after=3501.00041;ref=1594036764,2024-01-30,,,,,,,USDT,USDT,0.921998894
2024-01-30 01:26:00+00:00,okx,148464676,ledger,withdrawal,USDT,,,-322292.21,,,0.0,,-297153.06116481574,,account=main;type=withdrawal;before=322292.21;after=0.000415;ref=148464676,2024-01-30,,,,,,,USDT,USDT,0.921998894
2024-01-30 01:24:00+00:00,okx,747670591,ledger,internal_transfer,USDT,,,322292.21,,,0.0,,297153.06116481574,,account=main;type=transfer_in_from_trading_account;before=0.000415;after=322292.21;ref=747670591,2024-01-30,,,,,,,USDT,USDT,0.921998894
2024-01-30 01:24:00+00:00,okx,166955430,ledger,deposit,USDT,,,322292.21,,,0.0,,297153.06116481574,,account=main;type=deposit;before=0.000415;after=322292.21;ref=166955430,2024-01-30,,,,,,,USDT,USDT,0.921998894
2024-01-30 01:24:00+00:00,okx,747670365,ledger,internal_transfer,USDT,,,-322292.21,,,0.0,,-297153.06116481574,,account=main;type=transfer_out_trading_account;before=322292.21;after=0.000415;ref=747670365,2024-01-30,,,,,,,USDT,USDT,0.921998894
2024-01-29 21:00:00+00:00,okx,148395138,ledger,withdrawal,USDT,,,-727938.41,,,0.0,,-672584.6899481833,,account=main;type=withdrawal;before=727938.41;after=0.000415;ref=148395138,2024-01-29,,,,,,,USDT,USDT,0.923958237
2024-01-29 20:58:00+00:00,okx,747510624,ledger,internal_transfer,USDT,,,727938.41,,,0.0,,672584.6899481833,,account=main;type=transfer_in_from_trading_account;before=0.0;after=727938.41;ref=747510624,2024-01-29,,,,,,,USDT,USDT,0.923958237
2024-01-29 20:58:00+00:00,okx,747510484,ledger,internal_transfer,USDT,,,-727938.41,,,0.0,,-672584.6899481833,,account=main;type=transfer_out_trading_account;before=727938.41;after=0.0;ref=747510484,2024-01-29,,,,,,,USDT,USDT,0.923958237
2024-01-29 20:58:00+00:00,okx,166888303,ledger,deposit,USDT,,,727938.41,,,0.0,,672584.6899481833,,account=main;type=deposit;before=0.0;after=727938.41;ref=166888303,2024-01-29,,,,,,,USDT,USDT,0.923958237
2024-01-29 19:06:00+00:00,okx,148362780,ledger,withdrawal,BTC,,,-1.0054444,,,0.0,,-39042.21386180922,,account=main;type=withdrawal;before=1.0054444;after=0.0;ref=148362780,2024-01-29,,,,,,,BTC,BTC,38830.80343558452
2024-01-29 19:06:00+00:00,okx,747453563,ledger,internal_transfer,BTC,,,1.0054444,,,0.0,,39042.21386180922,,account=main;type=transfer_in_from_trading_account;before=0.0;after=1.0054444;ref=747453563,2024-01-29,,,,,,,BTC,BTC,38830.80343558452
2024-01-29 18:45:00+00:00,okx,747443623,ledger,internal_transfer,USDT,,,-42600.0,,,0.0,,-39360.6208962,,account=main;type=transfer_out_trading_account;before=42600.0;after=0.0;ref=747443623,2024-01-29,,,,,,,USDT,USDT,0.923958237
2024-01-29 18:45:00+00:00,okx,166854790,ledger,deposit,USDT,,,42600.0,,,0.0,,39360.6208962,,account=main;type=deposit;before=0.0;after=42600.0;ref=166854790,2024-01-29,,,,,,,USDT,USDT,0.923958237
2024-01-27 02:12:00+00:00,okx,147522493,ledger,withdrawal,ETH,,,-1.0979058,,,0.0,,-2291.423360773224,,account=main;type=withdrawal;before=1.09790577;after=7e-10;ref=147522493,2024-01-27,,,,,,,ETH,ETH,2087.0855776271737
2024-01-27 02:12:00+00:00,okx,745757718,ledger,internal_transfer,ETH,,,1.09790577,,,0.0,,2291.423298160657,,account=main;type=transfer_in_from_trading_account;before=7e-10;after=1.09790577;ref=745757718,2024-01-27,,,,,,,ETH,ETH,2087.0855776271737
2024-01-27 02:10:00+00:00,okx,745756744,ledger,internal_transfer,USDT,,,-2500.0,,,0.0,,-2299.69644,,account=main;type=transfer_out_trading_account;before=2500.0;after=0.0;ref=745756744,2024-01-27,,,,,,,USDT,USDT,0.919878576
2024-01-27 02:09:00+00:00,okx,1591995342,ledger,saving,USDT,,,2500.0,,,0.0,,2299.69644,,account=main;type=saving_unsubscribe;before=0.0;after=2500.0;ref=1591995342,2024-01-27,,,,,,,USDT,USDT,0.919878576
2024-01-27 02:08:00+00:00,okx,147521499,ledger,withdrawal,USDT,,,-3276.4046,,,0.0,,-3013.8943978478496,,account=main;type=withdrawal;before=3276.40456;after=0.0;ref=147521499,2024-01-27,,,,,,,USDT,USDT,0.919878576
2024-01-27 02:08:00+00:00,okx,745755228,ledger,internal_transfer,USDT,,,3276.40456,,,0.0,,3013.8943610527067,,account=main;type=transfer_in_from_trading_account;before=0.0;after=3276.40456;ref=745755228,2024-01-27,,,,,,,USDT,USDT,0.919878576
2024-01-27 02:03:00+00:00,okx,147520384,ledger,withdrawal,TRX,,,-4679.6165,,,0.0,,-492.5993931550355,,account=main;type=withdrawal;before=4679.61646;after=5.14e-09;ref=147520384,2024-01-27,,,,,,,TRX,TRX,0.1052649064629624
2024-01-27 02:03:00+00:00,okx,745753142,ledger,internal_transfer,TRX,,,4679.61646,,,0.0,,492.5993889444392,,account=main;type=transfer_in_from_trading_account;before=8.55e-07;after=4679.61646;ref=745753142,2024-01-27,,,,,,,TRX,TRX,0.1052649064629624
2024-01-27 01:56:00+00:00,okx,147518744,ledger,withdrawal,ETH,,,-4.4030834,,,0.0,,-9189.61186122962,,account=main;type=withdrawal;before=4.40308335;after=7e-10;ref=147518744,2024-01-27,,,,,,,ETH,ETH,2087.0855776271737
2024-01-27 01:56:00+00:00,okx,745749694,ledger,internal_transfer,ETH,,,4.40308335,,,0.0,,9189.611756875342,,account=main;type=transfer_in_from_trading_account;before=7e-10;after=4.40308335;ref=745749694,2024-01-27,,,,,,,ETH,ETH,2087.0855776271737
2024-01-27 01:53:00+00:00,okx,745748428,ledger,internal_transfer,USDT,,,-10000.0,,,0.0,,-9198.78576,,account=main;type=transfer_out_trading_account;before=10000.0;after=0.0;ref=745748428,2024-01-27,,,,,,,USDT,USDT,0.919878576
2024-01-27 01:52:00+00:00,okx,1591990775,ledger,saving,USDT,,,10000.0,,,0.0,,9198.78576,,account=main;type=saving_unsubscribe;before=0.0;after=10000.0;ref=1591990775,2024-01-27,,,,,,,USDT,USDT,0.919878576
2024-01-27 01:52:00+00:00,okx,745748060,ledger,internal_transfer,USDT,,,-3271.521,,,0.0,,-3009.4020788340963,,account=main;type=transfer_out_trading_account;before=3271.521;after=0.0;ref=745748060,2024-01-27,,,,,,,USDT,USDT,0.919878576
2024-01-27 01:51:00+00:00,okx,745747892,ledger,internal_transfer,USDT,,,3271.46246,,,0.0,,3009.348229142257,,account=main;type=transfer_in_from_trading_account;before=0.0585374;after=3271.521;ref=745747892,2024-01-27,,,,,,,USDT,USDT,0.919878576
2024-01-26 23:27:00+00:00,okx,147479163,ledger,withdrawal,BTC,,,-0.915895,,,0.0,,-33648.49310944667,,account=main;type=withdrawal;before=0.915895;after=0.0;ref=147479163,2024-01-26,,,,,,,BTC,BTC,36738.3740597412
2024-01-26 23:27:00+00:00,okx,745660314,ledger,internal_transfer,BTC,,,0.915895,,,0.0,,33648.49310944667,,account=main;type=transfer_in_from_trading_account;before=0.0;after=0.915895;ref=745660314,2024-01-26,,,,,,,BTC,BTC,36738.3740597412
2024-01-26 23:26:00+00:00,okx,147478721,ledger,withdrawal,BTC,,,-0.0913842,,,0.0,,-3357.306922750202,,account=main;type=withdrawal;before=0.0913842;after=0.0;ref=147478721,2024-01-26,,,,,,,BTC,BTC,36738.3740597412
2024-01-26 23:26:00+00:00,okx,745659286,ledger,internal_transfer,BTC,,,0.0913842,,,0.0,,3357.306922750202,,account=main;type=transfer_in_from_trading_account;before=0.0;after=0.0913842;ref=745659286,2024-01-26,,,,,,,BTC,BTC,36738.3740597412
2024-01-26 22:30:00+00:00,okx,166204479,ledger,deposit,USDT,,,45400.0,,,0.0,,41762.4873504,,account=main;type=deposit;before=0.0585374;after=45400.0585;ref=166204479,2024-01-26,,,,,,,USDT,USDT,0.919878576
2024-01-26 22:30:00+00:00,okx,745623539,ledger,internal_transfer,USDT,,,-45400.0,,,0.0,,-41762.4873504,,account=main;type=transfer_out_trading_account;before=45400.0585;after=0.0585374;ref=745623539,2024-01-26,,,,,,,USDT,USDT,0.919878576
2024-01-26 21:31:00+00:00,okx,147443783,ledger,withdrawal,USDT,,,-592533.06,,,0.0,,-545058.4674657226,,account=main;type=withdrawal;before=592533.119;after=0.0585374;ref=147443783,2024-01-26,,,,,,,USDT,USDT,0.919878576
2024-01-26 21:30:00+00:00,okx,745586515,ledger,internal_transfer,USDT,,,592533.06,,,0.0,,545058.4674657226,,account=main;type=transfer_in_from_trading_account;before=0.0585374;after=592533.119;ref=745586515,2024-01-26,,,,,,,USDT,USDT,0.919878576
2024-01-26 21:29:00+00:00,okx,745586411,ledger,internal_transfer,USDT,,,-592533.06,,,0.0,,-545058.4674657226,,account=main;type=transfer_out_trading_account;before=592533.119;after=0.0585374;ref=745586411,2024-01-26,,,,,,,USDT,USDT,0.919878576
2024-01-26 21:29:00+00:00,okx,166190149,ledger,deposit,USDT,,,592533.06,,,0.0,,545058.4674657226,,account=main;type=deposit;before=0.0585374;after=592533.119;ref=166190149,2024-01-26,,,,,,,USDT,USDT,0.919878576
2024-01-26 18:53:00+00:00,okx,147400395,ledger,withdrawal,USDT,,,-391718.21,,,0.0,,-360333.189208069,,account=main;type=withdrawal;before=391718.269;after=0.0585374;ref=147400395,2024-01-26,,,,,,,USDT,USDT,0.919878576
2024-01-26 18:51:00+00:00,okx,745470145,ledger,internal_transfer,USDT,,,391718.269,,,0.0,,360333.2434809049,,account=main;type=transfer_in_from_trading_account;before=6.24e-09;after=391718.269;ref=745470145,2024-01-26,,,,,,,USDT,USDT,0.919878576
2024-01-26 18:49:00+00:00,okx,166156142,ledger,deposit,USDT,,,391718.21,,,0.0,,360333.189208069,,account=main;type=deposit;before=6.24e-09;after=391718.21;ref=166156142,2024-01-26,,,,,,,USDT,USDT,0.919878576
2024-01-26 18:49:00+00:00,okx,745468710,ledger,internal_transfer,USDT,,,-391718.21,,,0.0,,-360333.189208069,,account=main;type=transfer_out_trading_account;before=391718.21;after=6.24e-09;ref=745468710,2024-01-26,,,,,,,USDT,USDT,0.919878576
2024-01-25 19:25:00+00:00,okx,147127543,ledger,withdrawal,BTC,,,-1.034204,,,0.0,,-38094.245011659994,,account=main;type=withdrawal;before=1.034204;after=0.0;ref=147127543,2024-01-25,,,,,,,BTC,BTC,36834.36247748026
2024-01-25 19:25:00+00:00,okx,744774142,ledger,internal_transfer,BTC,,,1.034204,,,0.0,,38094.245011659994,,account=main;type=transfer_in_from_trading_account;before=0.0;after=1.034204;ref=744774142,2024-01-25,,,,,,,BTC,BTC,36834.36247748026
2024-01-25 19:01:00+00:00,okx,744760915,ledger,internal_transfer,USDT,,,-41507.0,,,0.0,,-38104.287145729,,account=main;type=transfer_out_trading_account;before=41507.0;after=6.24e-09;ref=744760915,2024-01-25,,,,,,,USDT,USDT,0.918020747
2024-01-25 19:01:00+00:00,okx,165926569,ledger,deposit,USDT,,,41507.0,,,0.0,,38104.287145729,,account=main;type=deposit;before=6.24e-09;after=41507.0;ref=165926569,2024-01-25,,,,,,,USDT,USDT,0.918020747
2024-01-25 02:11:00+00:00,okx,146952916,ledger,withdrawal,USDT,,,-1973.0,,,0.0,,-1811.254933831,,account=main;type=withdrawal;before=1973.0;after=6.24e-09;ref=146952916,2024-01-25,,,,,,,USDT,USDT,0.918020747
2024-01-25 02:10:00+00:00,okx,1590434658,ledger,saving,USDT,,,1973.0,,,0.0,,1811.254933831,,account=main;type=saving_unsubscribe;before=6.24e-09;after=1973.0;ref=1590434658,2024-01-25,,,,,,,USDT,USDT,0.918020747
2024-01-25 02:07:00+00:00,okx,1590433969,ledger,saving,USDT,,,-5994.2243,,,0.0,,-5502.822269571552,,account=main;type=saving_subscribe;before=5994.22431;after=6.24e-09;ref=1590433969,2024-01-25,,,,,,,USDT,USDT,0.918020747
2024-01-25 02:07:00+00:00,okx,744322929,ledger,internal_transfer,USDT,,,5994.04869,,,0.0,,5502.661055948171,,account=main;type=transfer_in_from_trading_account;before=0.17561945;after=5994.22431;ref=744322929,2024-01-25,,,,,,,USDT,USDT,0.918020747
2024-01-25 02:07:00+00:00,okx,146952120,ledger,withdrawal,USDT,,,-5451.0,,,0.0,,-5004.131091897,,account=main;type=withdrawal;before=5451.17562;after=0.17561945;ref=146952120,2024-01-25,,,,,,,USDT,USDT,0.918020747
2024-01-25 02:07:00+00:00,okx,744322715,ledger,internal_transfer,USDT,,,5451.0,,,0.0,,5004.131091897,,account=main;type=transfer_in_from_trading_account;before=0.17561945;after=5451.17562;ref=744322715,2024-01-25,,,,,,,USDT,USDT,0.918020747
2024-01-25 02:04:00+00:00,okx,744321758,ledger,internal_transfer,USDT,,,-11445.049,,,0.0,,-10506.792432431605,,account=main;type=transfer_out_trading_account;before=11445.2243;after=0.17561945;ref=744321758,2024-01-25,,,,,,,USDT,USDT,0.918020747
2024-01-25 02:04:00+00:00,okx,165788297,ledger,deposit,USDT,,,11445.0487,,,0.0,,10506.792157025378,,account=main;type=deposit;before=0.17561945;after=11445.2243;ref=165788297,2024-01-25,,,,,,,USDT,USDT,0.918020747
2024-01-24 20:34:00+00:00,okx,146868752,ledger,withdrawal,USDT,,,-339152.81,,,0.0,,-311006.7034755343,,account=main;type=withdrawal;before=339152.986;after=0.17561945;ref=146868752,2024-01-24,,,,,,,USDT,USDT,0.917010546
2024-01-24 20:34:00+00:00,okx,744134263,ledger,internal_transfer,USDT,,,339152.81,,,0.0,,311006.7034755343,,account=main;type=transfer_in_from_trading_account;before=0.17561945;after=339152.986;ref=744134263,2024-01-24,,,,,,,USDT,USDT,0.917010546
2024-01-24 20:33:00+00:00,okx,744133990,ledger,internal_transfer,USDT,,,-339152.81,,,0.0,,-311006.7034755343,,account=main;type=transfer_out_trading_account;before=339152.986;after=0.17561945;ref=744133990,2024-01-24,,,,,,,USDT,USDT,0.917010546
2024-01-24 20:33:00+00:00,okx,165721293,ledger,deposit,USDT,,,339152.81,,,0.0,,311006.7034755343,,account=main;type=deposit;before=0.17561945;after=339152.986;ref=165721293,2024-01-24,,,,,,,USDT,USDT,0.917010546
2024-01-24 03:41:00+00:00,okx,146634367,ledger,withdrawal,USDT,,,-1128579.0,,,0.0,,-1034918.844994134,,account=main;type=withdrawal;before=1128579.17;after=0.17561945;ref=146634367,2024-01-24,,,,,,,USDT,USDT,0.917010546
2024-01-24 03:39:00+00:00,okx,743644733,ledger,internal_transfer,USDT,,,1128578.99,,,0.0,,1034918.8358240285,,account=main;type=transfer_in_from_trading_account;before=0.17561945;after=1128579.17;ref=743644733,2024-01-24,,,,,,,USDT,USDT,0.917010546
2024-01-24 03:37:00+00:00,okx,165579389,ledger,deposit,USDT,,,1128578.99,,,0.0,,1034918.8358240285,,account=main;type=deposit;before=0.17561945;after=1128579.17;ref=165579389,2024-01-24,,,,,,,USDT,USDT,0.917010546
2024-01-24 03:37:00+00:00,okx,743644159,ledger,internal_transfer,USDT,,,-1128579.0,,,0.0,,-1034918.844994134,,account=main;type=transfer_out_trading_account;before=1128579.17;after=0.17561945;ref=743644159,2024-01-24,,,,,,,USDT,USDT,0.917010546
2024-01-23 20:35:00+00:00,okx,146536661,ledger,withdrawal,USDT,,,-213194.21,,,0.0,,-196094.74794413685,,account=main;type=withdrawal;before=213194.386;after=0.17561945;ref=146536661,2024-01-23,,,,,,,USDT,USDT,0.919793966
2024-01-23 20:30:00+00:00,okx,743351348,ledger,internal_transfer,USDT,,,213194.213,,,0.0,,196094.75070351874,,account=main;type=transfer_in_from_trading_account;before=0.17284729;after=213194.386;ref=743351348,2024-01-23,,,,,,,USDT,USDT,0.919793966
2024-01-23 20:29:00+00:00,okx,743350728,ledger,internal_transfer,USDT,,,-213076.82,,,0.0,,-195986.77333046813,,account=main;type=transfer_out_trading_account;before=213076.993;after=0.17284729;ref=743350728,2024-01-23,,,,,,,USDT,USDT,0.919793966
2024-01-23 20:29:00+00:00,okx,165501483,ledger,deposit,USDT,,,213076.82,,,0.0,,195986.77333046813,,account=main;type=deposit;before=0.17284729;after=213076.993;ref=165501483,2024-01-23,,,,,,,USDT,USDT,0.919793966
2024-01-23 18:46:00+00:00,okx,743263708,ledger,internal_transfer,BTC,,,-6.19e-05,,,0.0,,-2.249211543562804,,account=main;type=transfer_out_trading_account;before=6.19e-05;after=0.0;ref=743263708,2024-01-23,,,,,,,BTC,BTC,36336.21233542494
2024-01-23 18:46:00+00:00,okx,146504842,ledger,withdrawal,BTC,,,-0.0326507,,,0.0,,-1186.402768100259,,account=main;type=withdrawal;before=0.03271262;after=6.19e-05;ref=146504842,2024-01-23,,,,,,,BTC,BTC,36336.21233542494
2024-01-23 18:45:00+00:00,okx,743262788,ledger,internal_transfer,BTC,,,0.0326507,,,0.0,,1186.402768100259,,account=main;type=transfer_in_from_trading_account;before=6.19e-05;after=0.03271262;ref=743262788,2024-01-23,,,,,,,BTC,BTC,36336.21233542494
2024-01-23 18:35:00+00:00,okx,146501728,ledger,withdrawal,BTC,,,-1.381759,,,0.0,,-50207.88842038443,,account=main;type=withdrawal;before=1.38182092;after=6.19e-05;ref=146501728,2024-01-23,,,,,,,BTC,BTC,36336.21233542494
2024-01-23 18:35:00+00:00,okx,743253750,ledger,internal_transfer,BTC,,,1.381759,,,0.0,,50207.88842038443,,account=main;type=transfer_in_from_trading_account;before=6.19e-05;after=1.38182092;ref=743253750,2024-01-23,,,,,,,BTC,BTC,36336.21233542494
2024-01-23 18:14:00+00:00,okx,165470191,ledger,deposit,USDT,,,55374.1253,,,0.0,,50932.78632346794,,account=main;type=deposit;before=0.17284729;after=55374.2982;ref=165470191,2024-01-23,,,,,,,USDT,USDT,0.919793966
2024-01-23 18:14:00+00:00,okx,743233499,ledger,internal_transfer,USDT,,,-55374.125,,,0.0,,-50932.78604752975,,account=main;type=transfer_out_trading_account;before=55374.2982;after=0.17284729;ref=743233499,2024-01-23,,,,,,,USDT,USDT,0.919793966
2024-01-23 04:35:00+00:00,okx,146345666,ledger,withdrawal,USDT,,,-470070.41,,,0.0,,-432367.92671314604,,account=main;type=withdrawal;before=470070.583;after=0.17284729;ref=146345666,2024-01-23,,,,,,,USDT,USDT,0.919793966
2024-01-23 04:33:00+00:00,okx,742741925,ledger,internal_transfer,USDT,,,3.0,,,0.0,,2.759381898,,account=main;type=transfer_in_from_trading_account;before=470067.583;after=470070.583;ref=742741925,2024-01-23,,,,,,,USDT,USDT,0.919793966
2024-01-23 04:32:00+00:00,okx,742741305,ledger,internal_transfer,USDT,,,-3.0,,,0.0,,-2.759381898,,account=main;type=transfer_out_trading_account;before=470070.583;after=470067.583;ref=742741305,2024-01-23,,,,,,,USDT,USDT,0.919793966
2024-01-23 04:32:00+00:00,okx,165357097,ledger,deposit,USDT,,,3.0,,,0.0,,2.759381898,,account=main;type=deposit;before=470067.583;after=470070.583;ref=165357097,2024-01-23,,,,,,,USDT,USDT,0.919793966
2024-01-23 04:29:00+00:00,okx,742739858,ledger,internal_transfer,USDT,,,469934.41,,,0.0,,432242.83473377,,account=main;type=transfer_in_from_trading_account;before=133.172847;after=470067.583;ref=742739858,2024-01-23,,,,,,,USDT,USDT,0.919793966
2024-01-23 04:29:00+00:00,okx,742739709,ledger,internal_transfer,USDT,,,-469934.41,,,0.0,,-432242.83473377,,account=main;type=transfer_out_trading_account;before=470067.583;after=133.172847;ref=742739709,2024-01-23,,,,,,,USDT,USDT,0.919793966
2024-01-23 04:29:00+00:00,okx,165356795,ledger,deposit,USDT,,,469934.41,,,0.0,,432242.83473377,,account=main;type=deposit;before=133.172847;after=470067.583;ref=165356795,2024-01-23,,,,,,,USDT,USDT,0.919793966
2024-01-23 04:26:00+00:00,okx,742738391,ledger,internal_transfer,USDT,,,133.172847,,,0.0,,122.49158110564119,,account=main;type=transfer_in_from_trading_account;before=0.0;after=133.172847;ref=742738391,2024-01-23,,,,,,,USDT,USDT,0.919793966
2024-01-22 23:28:00+00:00,okx,146275255,ledger,withdrawal,BTC,,,-0.927207,,,0.0,,-35370.00917255511,,account=main;type=withdrawal;before=0.92726892;after=6.19e-05;ref=146275255,2024-01-22,,,,,,,BTC,BTC,38146.83147620231
2024-01-22 23:24:00+00:00,okx,742556110,ledger,internal_transfer,BTC,,,0.92726892,,,0.0,,35372.37122436012,,account=main;type=transfer_in_from_trading_account;before=0.0;after=0.92726892;ref=742556110,2024-01-22,,,,,,,BTC,BTC,38146.83147620231
2024-01-22 23:08:00+00:00,okx,742542401,ledger,internal_transfer,USDT,,,-37681.07,,,0.0,,-34601.53353408122,,account=main;type=transfer_out_trading_account;before=37681.07;after=0.0;ref=742542401,2024-01-22,,,,,,,USDT,USDT,0.918273646
2024-01-22 23:08:00+00:00,okx,165301328,ledger,deposit,USDT,,,37681.07,,,0.0,,34601.53353408122,,account=main;type=deposit;before=0.0;after=37681.07;ref=165301328,2024-01-22,,,,,,,USDT,USDT,0.918273646
2024-01-22 13:52:00+00:00,okx,742196247,ledger,internal_transfer,USDT,,,8780.81251,,,0.0,,8063.188718400112,,account=main;type=transfer_in_from_trading_account;before=0.0;after=8780.81251;ref=742196247,2024-01-22,,,,,,,USDT,USDT,0.918273646
2024-01-22 13:52:00+00:00,okx,1588316650,ledger,saving,USDT,,,-8780.8125,,,0.0,,-8063.188709217376,,account=main;type=saving_subscribe;before=8780.81251;after=0.0;ref=1588316650,2024-01-22,,,,,,,USDT,USDT,0.918273646
2024-01-22 13:42:00+00:00,okx,146116409,ledger,withdrawal,DAI,,,-2483.9351,,,0.0,,-2280.387573364372,,account=main;type=withdrawal;before=2483.93509;after=0.0;ref=146116409,2024-01-22,,,,,,,DAI,DAI,0.9180544102639284
2024-01-22 13:41:00+00:00,okx,742191003,ledger,internal_transfer,DAI,,,2483.93509,,,0.0,,2280.387564183828,,account=main;type=transfer_in_from_trading_account;before=0.0;after=2483.93509;ref=742191003,2024-01-22,,,,,,,DAI,DAI,0.9180544102639284
2024-01-22 13:39:00+00:00,okx,146115804,ledger,withdrawal,DAI,,,-11.82,,,0.0,,-10.851403129319634,,account=main;type=withdrawal;before=11.82;after=0.0;ref=146115804,2024-01-22,,,,,,,DAI,DAI,0.9180544102639284
2024-01-22 13:39:00+00:00,okx,742189539,ledger,internal_transfer,DAI,,,11.82,,,0.0,,10.851403129319634,,account=main;type=transfer_in_from_trading_account;before=0.0;after=11.82;ref=742189539,2024-01-22,,,,,,,DAI,DAI,0.9180544102639284
2024-01-22 13:33:00+00:00,okx,742186684,ledger,internal_transfer,USDT,,,-11280.81,,,0.0,,-10358.87052853326,,account=main;type=transfer_out_trading_account;before=11280.8103;after=0.0;ref=742186684,2024-01-22,,,,,,,USDT,USDT,0.918273646
2024-01-22 13:33:00+00:00,okx,165182895,ledger,deposit,USDT,,,11280.8103,,,0.0,,10358.870804015354,,account=main;type=deposit;before=0.0;after=11280.8103;ref=165182895,2024-01-22,,,,,,,USDT,USDT,0.918273646
2024-01-21 21:07:00+00:00,okx,145920053,ledger,withdrawal,ETH,,,-75.60647,,,0.0,,-171551.3106151658,,account=main;type=withdrawal;before=75.6064699;after=7e-10;ref=145920053,2024-01-21,,,,,,,ETH,ETH,2269.0030445167695
2024-01-21 20:56:00+00:00,okx,145916941,ledger,withdrawal,ETH,,,-0.1,,,0.0,,-226.90030445167696,,account=main;type=withdrawal;before=75.7064699;after=75.6064699;ref=145916941,2024-01-21,,,,,,,ETH,ETH,2269.0030445167695
2024-01-21 20:52:00+00:00,okx,741712834,ledger,internal_transfer,ETH,,,75.7064699,,,0.0,,171778.21069271717,,account=main;type=transfer_in_from_trading_account;before=7e-09;after=75.7064699;ref=741712834,2024-01-21,,,,,,,ETH,ETH,2269.0030445167695
2024-01-21 20:44:00+00:00,okx,741708776,ledger,internal_transfer,USDT,,,-187397.0,,,0.0,,-172129.144814151,,account=main;type=transfer_out_trading_account;before=187397.003;after=0.0;ref=741708776,2024-01-21,,,,,,,USDT,USDT,0.918526683
2024-01-21 20:44:00+00:00,okx,741708725,ledger,internal_transfer,USDT,,,187397.0,,,0.0,,172129.144814151,,account=main;type=transfer_in_from_trading_account;before=0.00281734;after=187397.003;ref=741708725,2024-01-21,,,,,,,USDT,USDT,0.918526683
2024-01-21 20:44:00+00:00,okx,165037597,ledger,deposit,USDT,,,187397.0,,,0.0,,172129.144814151,,account=main;type=deposit;before=0.00281734;after=187397.003;ref=165037597,2024-01-21,,,,,,,USDT,USDT,0.918526683
2024-01-21 20:44:00+00:00,okx,741708568,ledger,internal_transfer,USDT,,,-187397.0,,,0.0,,-172129.144814151,,account=main;type=transfer_out_trading_account;before=187397.003;after=0.00281734;ref=741708568,2024-01-21,,,,,,,USDT,USDT,0.918526683
2024-01-20 19:54:00+00:00,okx,145607259,ledger,withdrawal,USDT,,,-18401.0,,,0.0,,-16901.809493883,,account=main;type=withdrawal;before=18401.0028;after=0.00281734;ref=145607259,2024-01-20,,,,,,,USDT,USDT,0.918526683
2024-01-20 08:07:00+00:00,okx,739454315,ledger,internal_transfer,DYDX,,,5.8e-07,,,0.0,,1.5530803481086653e-06,,account=main;type=Crypto_dust_auto-transfer_in;before=0.0;after=5.8e-07;ref=739454315,2024-01-20,,,,,,,DYDX,DYDX,2.6777247381183886
2024-01-20 07:56:00+00:00,okx,739425595,ledger,internal_transfer,ETH,,,2e-09,,,0.0,,4.573561245725896e-06,,account=main;type=Crypto_dust_auto-transfer_in;before=5e-09;after=7e-09;ref=739425595,2024-01-20,,,,,,,ETH,ETH,2286.780622862948
2024-01-20 02:29:00+00:00,okx,145412796,ledger,withdrawal,USDT,,,-101.0,,,0.0,,-92.771194983,,account=main;type=withdrawal;before=18502.0028;after=18401.0028;ref=145412796,2024-01-20,,,,,,,USDT,USDT,0.918526683
2024-01-20 02:28:00+00:00,okx,738511319,ledger,internal_transfer,USDT,,,18502.0028,,,0.0,,16994.58326074071,,account=main;type=transfer_in_from_trading_account;before=0.0;after=18502.0028;ref=738511319,2024-01-20,,,,,,,USDT,USDT,0.918526683
2024-01-20 02:28:00+00:00,okx,164660879,ledger,deposit,USDT,,,18502.0,,,0.0,,16994.580688866,,account=main;type=deposit;before=0.0;after=18502.0;ref=164660879,2024-01-20,,,,,,,USDT,USDT,0.918526683
2024-01-20 02:28:00+00:00,okx,738509485,ledger,internal_transfer,USDT,,,-18502.0,,,0.0,,-16994.580688866,,account=main;type=transfer_out_trading_account;before=18502.0;after=0.0;ref=738509485,2024-01-20,,,,,,,USDT,USDT,0.918526683
2024-01-20 01:18:00+00:00,okx,145399505,ledger,withdrawal,ETH,,,-0.0410055,,,0.0,,-93.77058283080662,,account=main;type=withdrawal;before=0.0410055;after=5e-09;ref=145399505,2024-01-20,,,,,,,ETH,ETH,2286.780622862948
2024-01-20 01:18:00+00:00,okx,738297799,ledger,internal_transfer,ETH,,,0.04100549,,,0.0,,93.77055996300038,,account=main;type=transfer_in_from_trading_account;before=5e-09;after=0.0410055;ref=738297799,2024-01-20,,,,,,,ETH,ETH,2286.780622862948
2024-01-20 01:16:00+00:00,okx,738291912,ledger,internal_transfer,USDT,,,-100.0,,,0.0,,-91.85266829999999,,account=main;type=transfer_out_trading_account;before=100.0;after=0.0;ref=738291912,2024-01-20,,,,,,,USDT,USDT,0.918526683
2024-01-20 01:15:00+00:00,okx,1586465206,ledger,saving,USDT,,,100.0,,,0.0,,91.85266829999999,,account=main;type=saving_unsubscribe;before=1.44e-09;after=100.0;ref=1586465206,2024-01-20,,,,,,,USDT,USDT,0.918526683
2024-01-20 01:09:00+00:00,okx,145397634,ledger,withdrawal,ETH,,,-1.0299828,,,0.0,,-2355.344708922123,,account=main;type=withdrawal;before=1.02998276;after=5e-09;ref=145397634,2024-01-20,,,,,,,ETH,ETH,2286.780622862948
2024-01-20 01:09:00+00:00,okx,738269899,ledger,internal_transfer,ETH,,,1.02998275,,,0.0,,2355.344594583092,,account=main;type=transfer_in_from_trading_account;before=5e-09;after=1.02998276;ref=738269899,2024-01-20,,,,,,,ETH,ETH,2286.780622862948
2024-01-20 01:05:00+00:00,okx,738258038,ledger,internal_transfer,USDT,,,195.002939,,,0.0,,179.11540273492133,,account=main;type=transfer_in_from_trading_account;before=9.01e-07;after=195.00294;ref=738258038,2024-01-20,,,,,,,USDT,USDT,0.918526683
2024-01-20 01:05:00+00:00,okx,1586459019,ledger,saving,USDT,,,-195.00294,,,0.0,,-179.115403653448,,account=main;type=saving_subscribe;before=195.00294;after=1.44e-09;ref=1586459019,2024-01-20,,,,,,,USDT,USDT,0.918526683
2024-01-20 01:03:00+00:00,okx,164648262,ledger,deposit,USDT,,,1170.76603,,,0.0,,1075.3798381049785,,account=main;type=deposit;before=9.01e-07;after=1170.76603;ref=164648262,2024-01-20,,,,,,,USDT,USDT,0.918526683
2024-01-20 01:03:00+00:00,okx,738251141,ledger,internal_transfer,USDT,,,-1170.766,,,0.0,,-1075.379810549178,,account=main;type=transfer_out_trading_account;before=1170.76603;after=9.01e-07;ref=738251141,2024-01-20,,,,,,,USDT,USDT,0.918526683
2024-01-20 01:00:00+00:00,okx,738241420,ledger,internal_transfer,USDT,,,-1524.2354,,,0.0,,-1400.0508860731782,,account=main;type=transfer_out_trading_account;before=1524.23537;after=9.01e-07;ref=738241420,2024-01-20,,,,,,,USDT,USDT,0.918526683
2024-01-20 01:00:00+00:00,okx,164647631,ledger,deposit,USDT,,,1524.23537,,,0.0,,1400.0508585173777,,account=main;type=deposit;before=9.01e-07;after=1524.23537;ref=164647631,2024-01-20,,,,,,,USDT,USDT,0.918526683
2024-01-19 03:56:00+00:00,okx,145096544,ledger,withdrawal,USDT,,,-1132546.2,,,0.0,,-1040273.9044302545,,account=main;type=withdrawal;before=1132546.19;after=9.01e-07;ref=145096544,2024-01-19,,,,,,,USDT,USDT,0.918526683
2024-01-19 03:54:00+00:00,okx,735212553,ledger,internal_transfer,USDT,,,1132544.19,,,0.0,,1040272.0581916217,,account=main;type=transfer_in_from_trading_account;before=2.0000009;after=1132546.19;ref=735212553,2024-01-19,,,,,,,USDT,USDT,0.918526683
2024-01-19 03:53:00+00:00,okx,164386888,ledger,deposit,USDT,,,1132544.19,,,0.0,,1040272.0581916217,,account=main;type=deposit;before=2.0000009;after=1132546.19;ref=164386888,2024-01-19,,,,,,,USDT,USDT,0.918526683
2024-01-19 03:53:00+00:00,okx,735212409,ledger,internal_transfer,USDT,,,-1132544.2,,,0.0,,-1040272.0673768885,,account=main;type=transfer_out_trading_account;before=1132546.19;after=2.0000009;ref=735212409,2024-01-19,,,,,,,USDT,USDT,0.918526683
2024-01-19 03:21:00+00:00,okx,145091302,ledger,withdrawal,USDT,,,-30223.8,,,0.0,,-27761.366761655398,,account=main;type=withdrawal;before=30225.8;after=2.0000009;ref=145091302,2024-01-19,,,,,,,USDT,USDT,0.918526683
2024-01-19 03:19:00+00:00,okx,735195658,ledger,internal_transfer,USDT,,,3.0,,,0.0,,2.7555800489999998,,account=main;type=transfer_in_from_trading_account;before=30222.8;after=30225.8;ref=735195658,2024-01-19,,,,,,,USDT,USDT,0.918526683
2024-01-19 03:19:00+00:00,okx,735195489,ledger,internal_transfer,USDT,,,-3.0,,,0.0,,-2.7555800489999998,,account=main;type=transfer_out_trading_account;before=30225.8;after=30222.8;ref=735195489,2024-01-19,,,,,,,USDT,USDT,0.918526683
2024-01-19 03:19:00+00:00,okx,164382720,ledger,deposit,USDT,,,3.0,,,0.0,,2.7555800489999998,,account=main;type=deposit;before=30222.8;after=30225.8;ref=164382720,2024-01-19,,,,,,,USDT,USDT,0.918526683
2024-01-19 01:16:00+00:00,okx,145070133,ledger,withdrawal,USDT,,,-11.0,,,0.0,,-10.103793513,,account=main;type=withdrawal;before=30233.8;after=30222.8;ref=145070133,2024-01-19,,,,,,,USDT,USDT,0.918526683
2024-01-19 01:13:00+00:00,okx,145069594,ledger,withdrawal,USDT,,,-30236.62,,,0.0,,-27773.142273731457,,account=main;type=withdrawal;before=60470.42;after=30233.8;ref=145069594,2024-01-19,,,,,,,USDT,USDT,0.918526683
2024-01-19 01:08:00+00:00,okx,735118115,ledger,internal_transfer,USDT,,,60470.42,,,0.0,,55543.694302216856,,account=main;type=transfer_in_from_trading_account;before=9.01e-07;after=60470.42;ref=735118115,2024-01-19,,,,,,,USDT,USDT,0.918526683
2024-01-19 01:01:00+00:00,okx,735112268,ledger,internal_transfer,USDT,,,-60470.42,,,0.0,,-55543.694302216856,,account=main;type=transfer_out_trading_account;before=60470.42;after=9.01e-07;ref=735112268,2024-01-19,,,,,,,USDT,USDT,0.918526683
2024-01-19 01:01:00+00:00,okx,164362281,ledger,deposit,USDT,,,60470.42,,,0.0,,55543.694302216856,,account=main;type=deposit;before=9.01e-07;after=60470.42;ref=164362281,2024-01-19,,,,,,,USDT,USDT,0.918526683
2024-01-18 06:08:00+00:00,okx,144748243,ledger,withdrawal,USDT,,,-10018.684,,,0.0,,-9212.58298965732,,account=main;type=withdrawal;before=10018.6835;after=9.01e-07;ref=144748243,2024-01-18,,,,,,,USDT,USDT,0.91954023
2024-01-18 06:03:00+00:00,okx,734380028,ledger,internal_transfer,USDT,,,10018.6771,,,0.0,,9212.576644829733,,account=main;type=transfer_in_from_trading_account;before=0.0064267;after=10018.6835;ref=734380028,2024-01-18,,,,,,,USDT,USDT,0.91954023
2024-01-18 03:05:00+00:00,okx,734322671,ledger,internal_transfer,USDT,,,-10000.0,,,0.0,,-9195.4023,,account=main;type=transfer_out_trading_account;before=10000.0064;after=0.0064267;ref=734322671,2024-01-18,,,,,,,USDT,USDT,0.91954023
2024-01-18 03:05:00+00:00,okx,163951829,ledger,deposit,USDT,,,10000.0,,,0.0,,9195.4023,,account=main;type=deposit;before=0.0064267;after=10000.0064;ref=163951829,2024-01-18,,,,,,,USDT,USDT,0.91954023
2024-01-17 03:21:00+00:00,okx,144356307,ledger,withdrawal,USDT,,,-1090937.2,,,0.0,,-1002976.18814178,,account=main;type=withdrawal;before=1090937.22;after=0.0064267;ref=144356307,2024-01-17,,,,,,,USDT,USDT,0.91937115
2024-01-17 03:18:00+00:00,okx,733645411,ledger,internal_transfer,USDT,,,1090937.21,,,0.0,,1002976.1973354915,,account=main;type=transfer_in_from_trading_account;before=0.0064267;after=1090937.22;ref=733645411,2024-01-17,,,,,,,USDT,USDT,0.91937115
2024-01-17 03:18:00+00:00,okx,733645311,ledger,internal_transfer,USDT,,,-1090937.2,,,0.0,,-1002976.18814178,,account=main;type=transfer_out_trading_account;before=1090937.22;after=0.0064267;ref=733645311,2024-01-17,,,,,,,USDT,USDT,0.91937115
2024-01-17 03:18:00+00:00,okx,163727019,ledger,deposit,USDT,,,1090937.21,,,0.0,,1002976.1973354915,,account=main;type=deposit;before=0.0064267;after=1090937.22;ref=163727019,2024-01-17,,,,,,,USDT,USDT,0.91937115
2024-01-16 23:39:00+00:00,okx,144307747,ledger,withdrawal,USDT,,,-416513.21,,,0.0,,-382754.28244213085,,account=main;type=withdrawal;before=416513.216;after=0.0064267;ref=144307747,2024-01-16,,,,,,,USDT,USDT,0.918948723
2024-01-16 23:36:00+00:00,okx,733533129,ledger,internal_transfer,USDT,,,406306.15,,,0.0,,373374.51768954645,,account=main;type=transfer_in_from_trading_account;before=10207.0664;after=416513.216;ref=733533129,2024-01-16,,,,,,,USDT,USDT,0.918948723
2024-01-16 23:30:00+00:00,okx,163692048,ledger,deposit,USDT,,,406306.15,,,0.0,,373374.51768954645,,account=main;type=deposit;before=10207.0664;after=416513.216;ref=163692048,2024-01-16,,,,,,,USDT,USDT,0.918948723
2024-01-16 23:30:00+00:00,okx,733528389,ledger,internal_transfer,USDT,,,-406306.15,,,0.0,,-373374.51768954645,,account=main;type=transfer_out_trading_account;before=416513.216;after=10207.0664;ref=733528389,2024-01-16,,,,,,,USDT,USDT,0.918948723
2024-01-16 23:26:00+00:00,okx,733525202,ledger,internal_transfer,USDT,,,10207.0664,,,0.0,,9379.770633856207,,account=main;type=transfer_in_from_trading_account;before=9.46e-09;after=10207.0664;ref=733525202,2024-01-16,,,,,,,USDT,USDT,0.918948723
2024-01-16 19:52:00+00:00,okx,733388595,ledger,internal_transfer,USDT,,,-10000.0,,,0.0,,-9189.487229999999,,account=main;type=transfer_out_trading_account;before=10000.0;after=9.46e-09;ref=733388595,2024-01-16,,,,,,,USDT,USDT,0.918948723
2024-01-16 19:52:00+00:00,okx,163639662,ledger,deposit,USDT,,,10000.0,,,0.0,,9189.487229999999,,account=main;type=deposit;before=9.46e-09;after=10000.0;ref=163639662,2024-01-16,,,,,,,USDT,USDT,0.918948723
2024-01-16 13:59:00+00:00,okx,733195010,ledger,internal_transfer,USDT,,,5164.46559,,,0.0,,4745.879058907941,,account=main;type=transfer_in_from_trading_account;before=9.46e-09;after=5164.46559;ref=733195010,2024-01-16,,,,,,,USDT,USDT,0.918948723
2024-01-16 13:59:00+00:00,okx,1583661014,ledger,saving,USDT,,,-5164.4656,,,0.0,,-4745.879068097429,,account=main;type=saving_subscribe;before=5164.46559;after=9.46e-09;ref=1583661014,2024-01-16,,,,,,,USDT,USDT,0.918948723
2024-01-16 13:58:00+00:00,okx,163567355,ledger,deposit,USDT,,,2907.42706,,,0.0,,2671.776384002644,,account=main;type=deposit;before=9.46e-09;after=2907.42706;ref=163567355,2024-01-16,,,,,,,USDT,USDT,0.918948723
2024-01-16 13:58:00+00:00,okx,733194665,ledger,internal_transfer,USDT,,,-2907.4271,,,0.0,,-2671.7764207605933,,account=main;type=transfer_out_trading_account;before=2907.42706;after=9.46e-09;ref=733194665,2024-01-16,,,,,,,USDT,USDT,0.918948723
2024-01-16 13:48:00+00:00,okx,163565604,ledger,deposit,USDT,,,2257.03853,,,0.0,,2074.102674905297,,account=main;type=deposit;before=9.46e-09;after=2257.03853;ref=163565604,2024-01-16,,,,,,,USDT,USDT,0.918948723
2024-01-16 13:48:00+00:00,okx,733188848,ledger,internal_transfer,USDT,,,-2257.0385,,,0.0,,-2074.1026473368356,,account=main;type=transfer_out_trading_account;before=2257.03853;after=9.46e-09;ref=733188848,2024-01-16,,,,,,,USDT,USDT,0.918948723
2024-01-16 02:26:00+00:00,okx,732901903,ledger,internal_transfer,USDT,,,294.0,,,0.0,,270.170924562,,account=main;type=transfer_in_from_trading_account;before=0.01000001;after=294.01;ref=732901903,2024-01-16,,,,,,,USDT,USDT,0.918948723
2024-01-16 02:26:00+00:00,okx,1583221615,ledger,saving,USDT,,,-294.01,,,0.0,,-270.18011404923,,account=main;type=saving_subscribe;before=294.01;after=9.46e-09;ref=1583221615,2024-01-16,,,,,,,USDT,USDT,0.918948723
2024-01-16 02:19:00+00:00,okx,163482497,ledger,deposit,USDT,,,294.0,,,0.0,,270.170924562,,account=main;type=deposit;before=0.01000001;after=294.01;ref=163482497,2024-01-16,,,,,,,USDT,USDT,0.918948723
2024-01-16 02:19:00+00:00,okx,732898995,ledger,internal_transfer,USDT,,,-294.0,,,0.0,,-270.170924562,,account=main;type=transfer_out_trading_account;before=294.01;after=0.01000001;ref=732898995,2024-01-16,,,,,,,USDT,USDT,0.918948723
2024-01-16 01:00:00+00:00,okx,143949813,ledger,withdrawal,USDT,,,-542229.47,,,0.0,,-498281.0790294668,,account=main;type=withdrawal;before=542229.48;after=0.01000001;ref=143949813,2024-01-16,,,,,,,USDT,USDT,0.918948723
2024-01-16 00:58:00+00:00,okx,732863627,ledger,internal_transfer,USDT,,,542229.47,,,0.0,,498281.0790294668,,account=main;type=transfer_in_from_trading_account;before=0.01000001;after=542229.48;ref=732863627,2024-01-16,,,,,,,USDT,USDT,0.918948723
2024-01-16 00:50:00+00:00,okx,732860046,ledger,internal_transfer,USDT,,,-542229.47,,,0.0,,-498281.0790294668,,account=main;type=transfer_out_trading_account;before=542229.48;after=0.01000001;ref=732860046,2024-01-16,,,,,,,USDT,USDT,0.918948723
2024-01-16 00:50:00+00:00,okx,163468616,ledger,deposit,USDT,,,542229.47,,,0.0,,498281.0790294668,,account=main;type=deposit;before=0.01000001;after=542229.48;ref=163468616,2024-01-16,,,,,,,USDT,USDT,0.918948723
2024-01-15 22:38:00+00:00,okx,143906285,ledger,withdrawal,USDT,,,-293.82,,,0.0,,-268.4513476131,,account=main;type=withdrawal;before=293.83;after=0.01000001;ref=143906285,2024-01-15,,,,,,,USDT,USDT,0.913659205
2024-01-15 22:36:00+00:00,okx,1583119695,ledger,saving,USDT,,,0.03,,,0.0,,0.02740977615,,account=main;type=saving_unsubscribe;before=293.8;after=293.83;ref=1583119695,2024-01-15,,,,,,,USDT,USDT,0.913659205
2024-01-15 22:24:00+00:00,okx,1583112511,ledger,saving,USDT,,,293.8,,,0.0,,268.433074429,,account=main;type=saving_unsubscribe;before=9.46e-09;after=293.8;ref=1583112511,2024-01-15,,,,,,,USDT,USDT,0.913659205
2024-01-13 01:09:00+00:00,okx,142997051,ledger,withdrawal,USDT,,,-401636.21,,,0.0,,-367059.23060005426,,account=main;type=withdrawal;before=401636.21;after=9.46e-09;ref=142997051,2024-01-13,,,,,,,USDT,USDT,0.913909706
2024-01-13 01:08:00+00:00,okx,730548206,ledger,internal_transfer,USDT,,,401636.21,,,0.0,,367059.23060005426,,account=main;type=transfer_in_from_trading_account;before=9.46e-09;after=401636.21;ref=730548206,2024-01-13,,,,,,,USDT,USDT,0.913909706
2024-01-13 01:08:00+00:00,okx,730547918,ledger,internal_transfer,USDT,,,-401636.21,,,0.0,,-367059.23060005426,,account=main;type=transfer_out_trading_account;before=401636.21;after=9.46e-09;ref=730547918,2024-01-13,,,,,,,USDT,USDT,0.913909706
2024-01-13 01:08:00+00:00,okx,162808496,ledger,deposit,USDT,,,401636.21,,,0.0,,367059.23060005426,,account=main;type=deposit;before=9.46e-09;after=401636.21;ref=162808496,2024-01-13,,,,,,,USDT,USDT,0.913909706
2024-01-12 23:26:00+00:00,okx,142969659,ledger,withdrawal,USDT,,,-877700.21,,,0.0,,-802138.7408772382,,account=main;type=withdrawal;before=877700.21;after=9.46e-09;ref=142969659,2024-01-12,,,,,,,USDT,USDT,0.913909706
2024-01-12 23:23:00+00:00,okx,730449673,ledger,internal_transfer,USDT,,,877700.21,,,0.0,,802138.7408772382,,account=main;type=transfer_in_from_trading_account;before=9.46e-09;after=877700.21;ref=730449673,2024-01-12,,,,,,,USDT,USDT,0.913909706
2024-01-12 23:21:00+00:00,okx,730447169,ledger,internal_transfer,USDT,,,-877700.21,,,0.0,,-802138.7408772382,,account=main;type=transfer_out_trading_account;before=877700.21;after=9.46e-09;ref=730447169,2024-01-12,,,,,,,USDT,USDT,0.913909706
2024-01-12 23:21:00+00:00,okx,162784963,ledger,deposit,USDT,,,877700.21,,,0.0,,802138.7408772382,,account=main;type=deposit;before=9.46e-09;after=877700.21;ref=162784963,2024-01-12,,,,,,,USDT,USDT,0.913909706
2024-01-12 03:08:00+00:00,okx,142712948,ledger,withdrawal,USDT,,,-837981.59,,,0.0,,-765839.5085503125,,account=main;type=withdrawal;before=837981.59;after=9.46e-09;ref=142712948,2024-01-12,,,,,,,USDT,USDT,0.913909706
2024-01-12 02:37:00+00:00,okx,729808218,ledger,internal_transfer,USDT,,,837981.59,,,0.0,,765839.5085503125,,account=main;type=transfer_in_from_trading_account;before=9.46e-09;after=837981.59;ref=729808218,2024-01-12,,,,,,,USDT,USDT,0.913909706
2024-01-12 02:36:00+00:00,okx,162583353,ledger,deposit,USDT,,,837981.59,,,0.0,,765839.5085503125,,account=main;type=deposit;before=9.46e-09;after=837981.59;ref=162583353,2024-01-12,,,,,,,USDT,USDT,0.913909706
2024-01-12 02:36:00+00:00,okx,729807688,ledger,internal_transfer,USDT,,,-837981.59,,,0.0,,-765839.5085503125,,account=main;type=transfer_out_trading_account;before=837981.59;after=9.46e-09;ref=729807688,2024-01-12,,,,,,,USDT,USDT,0.913909706
2024-01-11 05:04:00+00:00,okx,1579196293,ledger,saving,USDT,,,-4066.8848,,,0.0,,-3701.542548332288,,account=main;type=saving_subscribe;before=4066.88478;after=9.46e-09;ref=1579196293,2024-01-11,,,,,,,USDT,USDT,0.91016656
2024-01-11 05:04:00+00:00,okx,728863631,ledger,internal_transfer,USDT,,,4066.88478,,,0.0,,3701.5425301289565,,account=main;type=transfer_in_from_trading_account;before=9.46e-09;after=4066.88478;ref=728863631,2024-01-11,,,,,,,USDT,USDT,0.91016656
2024-01-11 04:59:00+00:00,okx,728860399,ledger,internal_transfer,USDT,,,-4066.8848,,,0.0,,-3701.542548332288,,account=main;type=transfer_out_trading_account;before=4066.88478;after=9.46e-09;ref=728860399,2024-01-11,,,,,,,USDT,USDT,0.91016656
2024-01-11 04:59:00+00:00,okx,162338664,ledger,deposit,USDT,,,4066.88478,,,0.0,,3701.5425301289565,,account=main;type=deposit;before=9.46e-09;after=4066.88478;ref=162338664,2024-01-11,,,,,,,USDT,USDT,0.91016656
2024-01-11 04:57:00+00:00,okx,1579194393,ledger,saving,USDT,,,-13507.003,,,0.0,,-12293.62245641968,,account=main;type=saving_subscribe;before=13507.0034;after=9.46e-09;ref=1579194393,2024-01-11,,,,,,,USDT,USDT,0.91016656
2024-01-11 04:57:00+00:00,okx,728858933,ledger,internal_transfer,USDT,,,13507.0034,,,0.0,,12293.622820486304,,account=main;type=transfer_in_from_trading_account;before=9.46e-09;after=13507.0034;ref=728858933,2024-01-11,,,,,,,USDT,USDT,0.91016656
2024-01-11 04:03:00+00:00,okx,162333542,ledger,deposit,USDT,,,13507.0034,,,0.0,,12293.622820486304,,account=main;type=deposit;before=9.46e-09;after=13507.0034;ref=162333542,2024-01-11,,,,,,,USDT,USDT,0.91016656
2024-01-11 04:03:00+00:00,okx,728830751,ledger,internal_transfer,USDT,,,-13507.003,,,0.0,,-12293.62245641968,,account=main;type=transfer_out_trading_account;before=13507.0034;after=9.46e-09;ref=728830751,2024-01-11,,,,,,,USDT,USDT,0.91016656
2024-01-11 01:37:00+00:00,okx,142338964,ledger,withdrawal,USDT,,,-208235.21,,,0.0,,-189528.72475657758,,account=main;type=withdrawal;before=208235.21;after=9.46e-09;ref=142338964,2024-01-11,,,,,,,USDT,USDT,0.91016656
2024-01-11 01:35:00+00:00,okx,728756632,ledger,internal_transfer,USDT,,,208235.21,,,0.0,,189528.72475657758,,account=main;type=transfer_in_from_trading_account;before=9.46e-09;after=208235.21;ref=728756632,2024-01-11,,,,,,,USDT,USDT,0.91016656
2024-01-11 01:29:00+00:00,okx,728753674,ledger,internal_transfer,USDT,,,-208235.21,,,0.0,,-189528.72475657758,,account=main;type=transfer_out_trading_account;before=208235.21;after=9.46e-09;ref=728753674,2024-01-11,,,,,,,USDT,USDT,0.91016656
2024-01-11 01:29:00+00:00,okx,162316125,ledger,deposit,USDT,,,208235.21,,,0.0,,189528.72475657758,,account=main;type=deposit;before=9.46e-09;after=208235.21;ref=162316125,2024-01-11,,,,,,,USDT,USDT,0.91016656
2024-01-11 00:03:00+00:00,okx,142309772,ledger,withdrawal,USDT,,,-200300.81,,,0.0,,-182307.09920291358,,account=main;type=withdrawal;before=200300.81;after=9.46e-09;ref=142309772,2024-01-11,,,,,,,USDT,USDT,0.91016656
2024-01-10 23:58:00+00:00,okx,728697597,ledger,internal_transfer,USDT,,,200300.81,,,0.0,,182989.95971684536,,account=main;type=transfer_in_from_trading_account;before=9.46e-09;after=200300.81;ref=728697597,2024-01-10,,,,,,,USDT,USDT,0.913575735
2024-01-10 23:58:00+00:00,okx,162300161,ledger,deposit,USDT,,,200298.81,,,0.0,,182988.13256537536,,account=main;type=deposit;before=9.46e-09;after=200298.81;ref=162300161,2024-01-10,,,,,,,USDT,USDT,0.913575735
2024-01-10 23:58:00+00:00,okx,728697239,ledger,internal_transfer,USDT,,,-200298.81,,,0.0,,-182988.13256537536,,account=main;type=transfer_out_trading_account;before=200298.81;after=9.46e-09;ref=728697239,2024-01-10,,,,,,,USDT,USDT,0.913575735
2024-01-10 23:24:00+00:00,okx,142296468,ledger,withdrawal,USDT,,,-872741.21,,,0.0,,-797315.1923905393,,account=main;type=withdrawal;before=872741.21;after=9.46e-09;ref=142296468,2024-01-10,,,,,,,USDT,USDT,0.913575735
2024-01-10 23:23:00+00:00,okx,728673093,ledger,internal_transfer,USDT,,,872739.21,,,0.0,,797313.3652390693,,account=main;type=transfer_in_from_trading_account;before=2.00000001;after=872741.21;ref=728673093,2024-01-10,,,,,,,USDT,USDT,0.913575735
2024-01-10 23:20:00+00:00,okx,162291979,ledger,deposit,USDT,,,872741.21,,,0.0,,797315.1923905393,,account=main;type=deposit;before=2.00000001;after=872743.21;ref=162291979,2024-01-10,,,,,,,USDT,USDT,0.913575735
2024-01-10 23:20:00+00:00,okx,728670454,ledger,internal_transfer,USDT,,,-872741.21,,,0.0,,-797315.1923905393,,account=main;type=transfer_out_trading_account;before=872743.21;after=2.00000001;ref=728670454,2024-01-10,,,,,,,USDT,USDT,0.913575735
2024-01-10 18:23:00+00:00,okx,142180040,ledger,withdrawal,USDT,,,-50684.66,,,0.0,,-46304.2755127251,,account=main;type=withdrawal;before=50686.66;after=2.00000001;ref=142180040,2024-01-10,,,,,,,USDT,USDT,0.913575735
2024-01-10 18:21:00+00:00,okx,728468229,ledger,internal_transfer,USDT,,,3.0,,,0.0,,2.7407272049999998,,account=main;type=transfer_in_from_trading_account;before=50683.66;after=50686.66;ref=728468229,2024-01-10,,,,,,,USDT,USDT,0.913575735
2024-01-10 18:20:00+00:00,okx,162219542,ledger,deposit,USDT,,,3.0,,,0.0,,2.7407272049999998,,account=main;type=deposit;before=50683.66;after=50686.66;ref=162219542,2024-01-10,,,,,,,USDT,USDT,0.913575735
2024-01-10 18:20:00+00:00,okx,728467173,ledger,internal_transfer,USDT,,,-3.0,,,0.0,,-2.7407272049999998,,account=main;type=transfer_out_trading_account;before=50686.66;after=50683.66;ref=728467173,2024-01-10,,,,,,,USDT,USDT,0.913575735
2024-01-10 17:49:00+00:00,okx,142167915,ledger,withdrawal,USDT,,,-11.0,,,0.0,,-10.049333085,,account=main;type=withdrawal;before=50694.66;after=50683.66;ref=142167915,2024-01-10,,,,,,,USDT,USDT,0.913575735
2024-01-10 17:45:00+00:00,okx,728444817,ledger,internal_transfer,USDT,,,50694.66,,,0.0,,46313.41127007511,,account=main;type=transfer_in_from_trading_account;before=9.46e-09;after=50694.66;ref=728444817,2024-01-10,,,,,,,USDT,USDT,0.913575735
2024-01-10 17:45:00+00:00,okx,728444651,ledger,internal_transfer,USDT,,,-50694.66,,,0.0,,-46313.41127007511,,account=main;type=transfer_out_trading_account;before=50694.66;after=9.46e-09;ref=728444651,2024-01-10,,,,,,,USDT,USDT,0.913575735
2024-01-10 17:45:00+00:00,okx,162211384,ledger,deposit,USDT,,,50694.66,,,0.0,,46313.41127007511,,account=main;type=deposit;before=9.46e-09;after=50694.66;ref=162211384,2024-01-10,,,,,,,USDT,USDT,0.913575735
2024-01-10 00:25:00+00:00,okx,141864451,ledger,withdrawal,USDT,,,-682315.61,,,0.0,,-623346.9849077234,,account=main;type=withdrawal;before=682315.61;after=9.46e-09;ref=141864451,2024-01-10,,,,,,,USDT,USDT,0.913575735
2024-01-10 00:24:00+00:00,okx,727947506,ledger,internal_transfer,USDT,,,682315.61,,,0.0,,623346.9849077234,,account=main;type=transfer_in_from_trading_account;before=9.46e-09;after=682315.61;ref=727947506,2024-01-10,,,,,,,USDT,USDT,0.913575735
2024-01-10 00:23:00+00:00,okx,727947400,ledger,internal_transfer,USDT,,,-682315.61,,,0.0,,-623346.9849077234,,account=main;type=transfer_out_trading_account;before=682315.61;after=9.46e-09;ref=727947400,2024-01-10,,,,,,,USDT,USDT,0.913575735
2024-01-10 00:23:00+00:00,okx,162066713,ledger,deposit,USDT,,,682315.61,,,0.0,,623346.9849077234,,account=main;type=deposit;before=9.46e-09;after=682315.61;ref=162066713,2024-01-10,,,,,,,USDT,USDT,0.913575735
2024-01-09 23:12:00+00:00,okx,141838199,ledger,withdrawal,USDT,,,-446267.21,,,0.0,,-407922.4952289182,,account=main;type=withdrawal;before=446267.21;after=9.46e-09;ref=141838199,2024-01-09,,,,,,,USDT,USDT,0.914076782
2024-01-09 23:12:00+00:00,okx,727903016,ledger,internal_transfer,USDT,,,446267.21,,,0.0,,407922.4952289182,,account=main;type=transfer_in_from_trading_account;before=9.46e-09;after=446267.21;ref=727903016,2024-01-09,,,,,,,USDT,USDT,0.914076782
2024-01-09 23:11:00+00:00,okx,727902760,ledger,internal_transfer,USDT,,,-446267.21,,,0.0,,-407922.4952289182,,account=main;type=transfer_out_trading_account;before=446267.21;after=9.46e-09;ref=727902760,2024-01-09,,,,,,,USDT,USDT,0.914076782
2024-01-09 23:11:00+00:00,okx,162051384,ledger,deposit,USDT,,,446267.21,,,0.0,,407922.4952289182,,account=main;type=deposit;before=9.46e-09;after=446267.21;ref=162051384,2024-01-09,,,,,,,USDT,USDT,0.914076782
2024-01-09 01:44:00+00:00,okx,141444781,ledger,withdrawal,USDT,,,-256833.41,,,0.0,,-234765.45692288663,,account=main;type=withdrawal;before=256833.41;after=9.46e-09;ref=141444781,2024-01-09,,,,,,,USDT,USDT,0.914076782
2024-01-09 01:43:00+00:00,okx,727215864,ledger,internal_transfer,USDT,,,3.82,,,0.0,,3.49177330724,,account=main;type=transfer_in_from_trading_account;before=256829.59;after=256833.41;ref=727215864,2024-01-09,,,,,,,USDT,USDT,0.914076782
2024-01-09 01:42:00+00:00,okx,161838799,ledger,deposit,USDT,,,3.82,,,0.0,,3.49177330724,,account=main;type=deposit;before=256829.59;after=256833.41;ref=161838799,2024-01-09,,,,,,,USDT,USDT,0.914076782
2024-01-09 01:42:00+00:00,okx,727215755,ledger,internal_transfer,USDT,,,-3.82,,,0.0,,-3.49177330724,,account=main;type=transfer_out_trading_account;before=256833.41;after=256829.59;ref=727215755,2024-01-09,,,,,,,USDT,USDT,0.914076782
2024-01-09 01:39:00+00:00,okx,727214007,ledger,internal_transfer,USDT,,,256829.59,,,0.0,,234761.96514957937,,account=main;type=transfer_in_from_trading_account;before=9.46e-09;after=256829.59;ref=727214007,2024-01-09,,,,,,,USDT,USDT,0.914076782
2024-01-09 01:37:00+00:00,okx,727213123,ledger,internal_transfer,USDT,,,-256829.59,,,0.0,,-234761.96514957937,,account=main;type=transfer_out_trading_account;before=256829.59;after=9.46e-09;ref=727213123,2024-01-09,,,,,,,USDT,USDT,0.914076782
2024-01-09 01:37:00+00:00,okx,161838063,ledger,deposit,USDT,,,256829.59,,,0.0,,234761.96514957937,,account=main;type=deposit;before=9.46e-09;after=256829.59;ref=161838063,2024-01-09,,,,,,,USDT,USDT,0.914076782
2024-01-08 14:21:00+00:00,okx,1577142043,ledger,saving,USDT,,,-12337.609,,,0.0,,-11271.340210317616,,account=main;type=saving_subscribe;before=12337.6091;after=9.46e-09;ref=1577142043,2024-01-08,,,,,,,USDT,USDT,0.913575735
2024-01-08 14:21:00+00:00,okx,726774887,ledger,internal_transfer,USDT,,,12337.6091,,,0.0,,11271.340301675189,,account=main;type=transfer_in_from_trading_account;before=9.46e-09;after=12337.6091;ref=726774887,2024-01-08,,,,,,,USDT,USDT,0.913575735
2024-01-08 14:20:00+00:00,okx,161694421,ledger,deposit,USDT,,,12337.6091,,,0.0,,11271.340301675189,,account=main;type=deposit;before=9.46e-09;after=12337.6091;ref=161694421,2024-01-08,,,,,,,USDT,USDT,0.913575735
2024-01-08 14:20:00+00:00,okx,726774126,ledger,internal_transfer,USDT,,,-12337.609,,,0.0,,-11271.340210317616,,account=main;type=transfer_out_trading_account;before=12337.6091;after=9.46e-09;ref=726774126,2024-01-08,,,,,,,USDT,USDT,0.913575735
2024-01-06 23:47:00+00:00,okx,140833447,ledger,withdrawal,USDT,,,-43358.0,,,0.0,,-39701.492517554,,account=main;type=withdrawal;before=43358.0;after=9.46e-09;ref=140833447,2024-01-06,,,,,,,USDT,USDT,0.915667063
2024-01-06 23:45:00+00:00,okx,725637706,ledger,internal_transfer,USDT,,,43358.0,,,0.0,,39701.492517554,,account=main;type=transfer_in_from_trading_account;before=9.46e-09;after=43358.0;ref=725637706,2024-01-06,,,,,,,USDT,USDT,0.915667063
2024-01-06 23:44:00+00:00,okx,161393858,ledger,deposit,USDT,,,43358.0,,,0.0,,39701.492517554,,account=main;type=deposit;before=9.46e-09;after=43358.0;ref=161393858,2024-01-06,,,,,,,USDT,USDT,0.915667063
2024-01-06 23:44:00+00:00,okx,725637290,ledger,internal_transfer,USDT,,,-43358.0,,,0.0,,-39701.492517554,,account=main;type=transfer_out_trading_account;before=43358.0;after=9.46e-09;ref=725637290,2024-01-06,,,,,,,USDT,USDT,0.915667063
2024-01-06 01:27:00+00:00,okx,140536255,ledger,withdrawal,USDT,,,-208235.21,,,0.0,,-190674.1231538882,,account=main;type=withdrawal;before=208235.21;after=9.46e-09;ref=140536255,2024-01-06,,,,,,,USDT,USDT,0.915667063
2024-01-06 01:23:00+00:00,okx,724996950,ledger,internal_transfer,USDT,,,208235.21,,,0.0,,190674.1231538882,,account=main;type=transfer_in_from_trading_account;before=9.46e-09;after=208235.21;ref=724996950,2024-01-06,,,,,,,USDT,USDT,0.915667063
2024-01-06 01:22:00+00:00,okx,724996743,ledger,internal_transfer,USDT,,,-208235.21,,,0.0,,-190674.1231538882,,account=main;type=transfer_out_trading_account;before=208235.21;after=9.46e-09;ref=724996743,2024-01-06,,,,,,,USDT,USDT,0.915667063
2024-01-06 01:22:00+00:00,okx,161194899,ledger,deposit,USDT,,,208235.21,,,0.0,,190674.1231538882,,account=main;type=deposit;before=9.46e-09;after=208235.21;ref=161194899,2024-01-06,,,,,,,USDT,USDT,0.915667063
2024-01-05 18:24:00+00:00,okx,140411383,ledger,withdrawal,USDT,,,-475974.59,,,0.0,,-435834.2548879292,,account=main;type=withdrawal;before=475974.59;after=9.46e-09;ref=140411383,2024-01-05,,,,,,,USDT,USDT,0.915667063
2024-01-05 18:24:00+00:00,okx,724709264,ledger,internal_transfer,USDT,,,475974.59,,,0.0,,435834.2548879292,,account=main;type=transfer_in_from_trading_account;before=9.46e-09;after=475974.59;ref=724709264,2024-01-05,,,,,,,USDT,USDT,0.915667063
2024-01-05 18:23:00+00:00,okx,724708738,ledger,internal_transfer,USDT,,,-475974.59,,,0.0,,-435834.2548879292,,account=main;type=transfer_out_trading_account;before=475974.59;after=9.46e-09;ref=724708738,2024-01-05,,,,,,,USDT,USDT,0.915667063
2024-01-05 18:23:00+00:00,okx,161101478,ledger,deposit,USDT,,,475974.59,,,0.0,,435834.2548879292,,account=main;type=deposit;before=9.46e-09;after=475974.59;ref=161101478,2024-01-05,,,,,,,USDT,USDT,0.915667063
2024-01-04 17:26:00+00:00,okx,140057244,ledger,withdrawal,USDT,,,-100001.0,,,0.0,,-91300.100391874,,account=main;type=withdrawal;before=100001.0;after=9.46e-09;ref=140057244,2024-01-04,,,,,,,USDT,USDT,0.912991874
2024-01-04 17:24:00+00:00,okx,723927015,ledger,internal_transfer,USDT,,,100001.0,,,0.0,,91300.100391874,,account=main;type=transfer_in_from_trading_account;before=9.46e-09;after=100001.0;ref=723927015,2024-01-04,,,,,,,USDT,USDT,0.912991874
2024-01-04 17:07:00+00:00,okx,160853529,ledger,deposit,USDT,,,100001.0,,,0.0,,91300.100391874,,account=main;type=deposit;before=9.46e-09;after=100001.0;ref=160853529,2024-01-04,,,,,,,USDT,USDT,0.912991874
2024-01-04 17:07:00+00:00,okx,723917626,ledger,internal_transfer,USDT,,,-100001.0,,,0.0,,-91300.100391874,,account=main;type=transfer_out_trading_account;before=100001.0;after=9.46e-09;ref=723917626,2024-01-04,,,,,,,USDT,USDT,0.912991874
2024-01-04 16:04:00+00:00,okx,1574130254,ledger,saving,USDT,,,-13485.005,,,0.0,,-12311.69998584937,,account=main;type=saving_subscribe;before=13485.0053;after=9.46e-09;ref=1574130254,2024-01-04,,,,,,,USDT,USDT,0.912991874
2024-01-04 16:04:00+00:00,okx,723877603,ledger,internal_transfer,USDT,,,13485.0053,,,0.0,,12311.700259746933,,account=main;type=transfer_in_from_trading_account;before=9.46e-09;after=13485.0053;ref=723877603,2024-01-04,,,,,,,USDT,USDT,0.912991874
2024-01-04 16:00:00+00:00,okx,723875184,ledger,internal_transfer,USDT,,,-4265.3791,,,0.0,,-3894.2564578294337,,account=main;type=transfer_out_trading_account;before=4265.3791;after=9.46e-09;ref=723875184,2024-01-04,,,,,,,USDT,USDT,0.912991874
2024-01-04 16:00:00+00:00,okx,160839856,ledger,deposit,USDT,,,4265.3791,,,0.0,,3894.2564578294337,,account=main;type=deposit;before=9.46e-09;after=4265.3791;ref=160839856,2024-01-04,,,,,,,USDT,USDT,0.912991874
2024-01-04 15:58:00+00:00,okx,723874055,ledger,internal_transfer,USDT,,,-9219.6262,,,0.0,,-8417.4438019175,,account=main;type=transfer_out_trading_account;before=9219.62617;after=9.46e-09;ref=723874055,2024-01-04,,,,,,,USDT,USDT,0.912991874
2024-01-04 15:58:00+00:00,okx,160839385,ledger,deposit,USDT,,,9219.62617,,,0.0,,8417.443774527743,,account=main;type=deposit;before=9.46e-09;after=9219.62617;ref=160839385,2024-01-04,,,,,,,USDT,USDT,0.912991874
2024-01-04 02:40:00+00:00,okx,139888475,ledger,withdrawal,USDT,,,-872741.21,,,0.0,,-796805.6328349275,,account=main;type=withdrawal;before=872741.21;after=9.46e-09;ref=139888475,2024-01-04,,,,,,,USDT,USDT,0.912991874
2024-01-04 02:39:00+00:00,okx,723493480,ledger,internal_transfer,USDT,,,872741.21,,,0.0,,796805.6328349275,,account=main;type=transfer_in_from_trading_account;before=9.46e-09;after=872741.21;ref=723493480,2024-01-04,,,,,,,USDT,USDT,0.912991874
2024-01-04 02:38:00+00:00,okx,723492940,ledger,internal_transfer,USDT,,,-872741.21,,,0.0,,-796805.6328349275,,account=main;type=transfer_out_trading_account;before=872741.21;after=9.46e-09;ref=723492940,2024-01-04,,,,,,,USDT,USDT,0.912991874
2024-01-04 02:38:00+00:00,okx,160741487,ledger,deposit,USDT,,,872741.21,,,0.0,,796805.6328349275,,account=main;type=deposit;before=9.46e-09;after=872741.21;ref=160741487,2024-01-04,,,,,,,USDT,USDT,0.912991874
2024-01-03 03:33:00+00:00,okx,139564745,ledger,withdrawal,USDT,,,-821120.99,,,0.0,,-752011.1636933951,,account=main;type=withdrawal;before=821120.99;after=9.46e-09;ref=139564745,2024-01-03,,,,,,,USDT,USDT,0.915834783
2024-01-03 03:31:00+00:00,okx,722542616,ledger,internal_transfer,USDT,,,821120.99,,,0.0,,752011.1636933951,,account=main;type=transfer_in_from_trading_account;before=9.46e-09;after=821120.99;ref=722542616,2024-01-03,,,,,,,USDT,USDT,0.915834783
2024-01-03 03:25:00+00:00,okx,722540119,ledger,internal_transfer,USDT,,,-821120.99,,,0.0,,-752011.1636933951,,account=main;type=transfer_out_trading_account;before=821120.99;after=9.46e-09;ref=722540119,2024-01-03,,,,,,,USDT,USDT,0.915834783
2024-01-03 03:25:00+00:00,okx,160499642,ledger,deposit,USDT,,,821120.99,,,0.0,,752011.1636933951,,account=main;type=deposit;before=9.46e-09;after=821120.99;ref=160499642,2024-01-03,,,,,,,USDT,USDT,0.915834783
2023-12-30 19:12:00+00:00,okx,138282336,ledger,withdrawal,USDT,,,-24692.51,,,0.0,,-22346.162906653757,,account=main;type=withdrawal;before=24692.51;after=9.46e-09;ref=138282336,2023-12-30,,,,,,,USDT,USDT,0.904977376
2023-12-30 19:08:00+00:00,okx,138281311,ledger,withdrawal,USDT,,,-24692.51,,,0.0,,-22346.162906653757,,account=main;type=withdrawal;before=49385.02;after=24692.51;ref=138281311,2023-12-30,,,,,,,USDT,USDT,0.904977376
2023-12-30 18:36:00+00:00,okx,720063833,ledger,internal_transfer,USDT,,,49385.02,,,0.0,,44692.325813307514,,account=main;type=transfer_in_from_trading_account;before=9.46e-09;after=49385.02;ref=720063833,2023-12-30,,,,,,,USDT,USDT,0.904977376
2023-12-30 18:35:00+00:00,okx,720063135,ledger,internal_transfer,USDT,,,-49385.02,,,0.0,,-44692.325813307514,,account=main;type=transfer_out_trading_account;before=49385.02;after=9.46e-09;ref=720063135,2023-12-30,,,,,,,USDT,USDT,0.904977376
2023-12-30 18:35:00+00:00,okx,159742316,ledger,deposit,USDT,,,49385.02,,,0.0,,44692.325813307514,,account=main;type=deposit;before=9.46e-09;after=49385.02;ref=159742316,2023-12-30,,,,,,,USDT,USDT,0.904977376
2023-12-29 23:55:00+00:00,okx,137943417,ledger,withdrawal,USDT,,,-458168.81,,,0.0,,-414632.4074388425,,account=main;type=withdrawal;before=458168.81;after=9.46e-09;ref=137943417,2023-12-29,,,,,,,USDT,USDT,0.904977376
2023-12-29 23:53:00+00:00,okx,719519277,ledger,internal_transfer,USDT,,,458168.81,,,0.0,,414632.4074388425,,account=main;type=transfer_in_from_trading_account;before=9.46e-09;after=458168.81;ref=719519277,2023-12-29,,,,,,,USDT,USDT,0.904977376
2023-12-29 23:49:00+00:00,okx,719515087,ledger,internal_transfer,USDT,,,-458168.81,,,0.0,,-414632.4074388425,,account=main;type=transfer_out_trading_account;before=458168.81;after=9.46e-09;ref=719515087,2023-12-29,,,,,,,USDT,USDT,0.904977376
2023-12-29 23:49:00+00:00,okx,159589236,ledger,deposit,USDT,,,458168.81,,,0.0,,414632.4074388425,,account=main;type=deposit;before=9.46e-09;after=458168.81;ref=159589236,2023-12-29,,,,,,,USDT,USDT,0.904977376
2023-12-28 23:48:00+00:00,okx,137568255,ledger,withdrawal,USDT,,,-1565916.2,,,0.0,,-1408958.2511300882,,account=main;type=withdrawal;before=1565916.18;after=9.46e-09;ref=137568255,2023-12-28,,,,,,,USDT,USDT,0.899766061
2023-12-28 23:46:00+00:00,okx,718743055,ledger,internal_transfer,USDT,,,1565916.18,,,0.0,,1408958.233134767,,account=main;type=transfer_in_from_trading_account;before=9.46e-09;after=1565916.18;ref=718743055,2023-12-28,,,,,,,USDT,USDT,0.899766061
2023-12-28 23:45:00+00:00,okx,718742703,ledger,internal_transfer,USDT,,,-1565916.2,,,0.0,,-1408958.2511300882,,account=main;type=transfer_out_trading_account;before=1565916.18;after=9.46e-09;ref=718742703,2023-12-28,,,,,,,USDT,USDT,0.899766061
2023-12-28 23:45:00+00:00,okx,159350119,ledger,deposit,USDT,,,1565916.18,,,0.0,,1408958.233134767,,account=main;type=deposit;before=9.46e-09;after=1565916.18;ref=159350119,2023-12-28,,,,,,,USDT,USDT,0.899766061
2023-12-27 20:35:00+00:00,okx,137143419,ledger,withdrawal,USDT,,,-426431.21,,,0.0,,-385387.44697113364,,account=main;type=withdrawal;before=426431.21;after=9.46e-09;ref=137143419,2023-12-27,,,,,,,USDT,USDT,0.903750565
2023-12-27 20:33:00+00:00,okx,717736440,ledger,internal_transfer,USDT,,,426431.21,,,0.0,,385387.44697113364,,account=main;type=transfer_in_from_trading_account;before=9.46e-09;after=426431.21;ref=717736440,2023-12-27,,,,,,,USDT,USDT,0.903750565
2023-12-27 20:31:00+00:00,okx,159051302,ledger,deposit,USDT,,,426431.21,,,0.0,,385387.44697113364,,account=main;type=deposit;before=9.46e-09;after=426431.21;ref=159051302,2023-12-27,,,,,,,USDT,USDT,0.903750565
2023-12-27 20:31:00+00:00,okx,717735688,ledger,internal_transfer,USDT,,,-426431.21,,,0.0,,-385387.44697113364,,account=main;type=transfer_out_trading_account;before=426431.21;after=9.46e-09;ref=717735688,2023-12-27,,,,,,,USDT,USDT,0.903750565
2023-12-27 14:04:00+00:00,okx,717494979,ledger,internal_transfer,USDT,,,10081.1085,,,0.0,,9110.807502701302,,account=main;type=transfer_in_from_trading_account;before=9.46e-09;after=10081.1085;ref=717494979,2023-12-27,,,,,,,USDT,USDT,0.903750565
2023-12-27 14:04:00+00:00,okx,1567729692,ledger,saving,USDT,,,-10081.108,,,0.0,,-9110.807050826019,,account=main;type=saving_subscribe;before=10081.1085;after=9.46e-09;ref=1567729692,2023-12-27,,,,,,,USDT,USDT,0.903750565
2023-12-27 14:01:00+00:00,okx,717493047,ledger,internal_transfer,USDT,,,-5047.0,,,0.0,,-4561.229101555,,account=main;type=transfer_out_trading_account;before=5047.0;after=9.46e-09;ref=717493047,2023-12-27,,,,,,,USDT,USDT,0.903750565
2023-12-27 14:01:00+00:00,okx,158964491,ledger,deposit,USDT,,,5047.0,,,0.0,,4561.229101555,,account=main;type=deposit;before=9.46e-09;after=5047.0;ref=158964491,2023-12-27,,,,,,,USDT,USDT,0.903750565
2023-12-27 13:56:00+00:00,okx,717490400,ledger,internal_transfer,USDT,,,-5034.1085,,,0.0,,-4549.578401146303,,account=main;type=transfer_out_trading_account;before=5034.10845;after=9.46e-09;ref=717490400,2023-12-27,,,,,,,USDT,USDT,0.903750565
2023-12-27 13:56:00+00:00,okx,158963589,ledger,deposit,USDT,,,5034.10845,,,0.0,,4549.5783559587735,,account=main;type=deposit;before=9.46e-09;after=5034.10845;ref=158963589,2023-12-27,,,,,,,USDT,USDT,0.903750565
2023-12-22 23:14:00+00:00,okx,135536603,ledger,withdrawal,USDT,,,-347087.21,,,0.0,,-314875.4513960133,,account=main;type=withdrawal;before=347087.21;after=9.46e-09;ref=135536603,2023-12-22,,,,,,,USDT,USDT,0.907194049
2023-12-22 23:07:00+00:00,okx,713690067,ledger,internal_transfer,USDT,,,347087.21,,,0.0,,314875.4513960133,,account=main;type=transfer_in_from_trading_account;before=9.46e-09;after=347087.21;ref=713690067,2023-12-22,,,,,,,USDT,USDT,0.907194049
2023-12-22 23:07:00+00:00,okx,157835065,ledger,deposit,USDT,,,347087.21,,,0.0,,314875.4513960133,,account=main;type=deposit;before=9.46e-09;after=347087.21;ref=157835065,2023-12-22,,,,,,,USDT,USDT,0.907194049
2023-12-22 23:07:00+00:00,okx,713689924,ledger,internal_transfer,USDT,,,-347087.21,,,0.0,,-314875.4513960133,,account=main;type=transfer_out_trading_account;before=347087.21;after=9.46e-09;ref=713689924,2023-12-22,,,,,,,USDT,USDT,0.907194049
2023-12-22 01:53:00+00:00,okx,135272338,ledger,withdrawal,USDT,,,-297497.21,,,0.0,,-269887.6985061033,,account=main;type=withdrawal;before=297497.21;after=9.46e-09;ref=135272338,2023-12-22,,,,,,,USDT,USDT,0.907194049
2023-12-22 01:52:00+00:00,okx,712964112,ledger,internal_transfer,USDT,,,297497.21,,,0.0,,269887.6985061033,,account=main;type=transfer_in_from_trading_account;before=9.46e-09;after=297497.21;ref=712964112,2023-12-22,,,,,,,USDT,USDT,0.907194049
2023-12-22 01:51:00+00:00,okx,712963452,ledger,internal_transfer,USDT,,,-297497.21,,,0.0,,-269887.6985061033,,account=main;type=transfer_out_trading_account;before=297497.21;after=9.46e-09;ref=712963452,2023-12-22,,,,,,,USDT,USDT,0.907194049
2023-12-22 01:51:00+00:00,okx,157608897,ledger,deposit,USDT,,,297497.21,,,0.0,,269887.6985061033,,account=main;type=deposit;before=9.46e-09;after=297497.21;ref=157608897,2023-12-22,,,,,,,USDT,USDT,0.907194049
2023-12-22 00:47:00+00:00,okx,712931570,ledger,internal_transfer,USDT,,,7950.36311,,,0.0,,7212.522100781132,,account=main;type=transfer_in_from_trading_account;before=9.46e-09;after=7950.36311;ref=712931570,2023-12-22,,,,,,,USDT,USDT,0.907194049
2023-12-22 00:47:00+00:00,okx,1563510425,ledger,saving,USDT,,,-7950.3631,,,0.0,,-7212.522091709192,,account=main;type=saving_subscribe;before=7950.36311;after=9.46e-09;ref=1563510425,2023-12-22,,,,,,,USDT,USDT,0.907194049
2023-12-22 00:46:00+00:00,okx,157599021,ledger,deposit,USDT,,,7950.36311,,,0.0,,7212.522100781132,,account=main;type=deposit;before=9.46e-09;after=7950.36311;ref=157599021,2023-12-22,,,,,,,USDT,USDT,0.907194049
2023-12-22 00:46:00+00:00,okx,712930678,ledger,internal_transfer,USDT,,,-7950.3631,,,0.0,,-7212.522091709192,,account=main;type=transfer_out_trading_account;before=7950.36311;after=9.46e-09;ref=712930678,2023-12-22,,,,,,,USDT,USDT,0.907194049
2023-12-22 00:20:00+00:00,okx,135254706,ledger,withdrawal,USDT,,,-451179.59,,,0.0,,-409307.4390782599,,account=main;type=withdrawal;before=451179.59;after=9.46e-09;ref=135254706,2023-12-22,,,,,,,USDT,USDT,0.907194049
2023-12-22 00:18:00+00:00,okx,712912438,ledger,internal_transfer,USDT,,,451179.59,,,0.0,,409307.4390782599,,account=main;type=transfer_in_from_trading_account;before=9.46e-09;after=451179.59;ref=712912438,2023-12-22,,,,,,,USDT,USDT,0.907194049
2023-12-22 00:16:00+00:00,okx,712911563,ledger,internal_transfer,USDT,,,-451179.59,,,0.0,,-409307.4390782599,,account=main;type=transfer_out_trading_account;before=451179.59;after=9.46e-09;ref=712911563,2023-12-22,,,,,,,USDT,USDT,0.907194049
2023-12-22 00:16:00+00:00,okx,157593428,ledger,deposit,USDT,,,451179.59,,,0.0,,409307.4390782599,,account=main;type=deposit;before=9.46e-09;after=451179.59;ref=157593428,2023-12-22,,,,,,,USDT,USDT,0.907194049
2023-12-21 22:34:00+00:00,okx,135226377,ledger,withdrawal,USDT,,,-168563.21,,,0.0,,-153476.4726582348,,account=main;type=withdrawal;before=168563.21;after=9.46e-09;ref=135226377,2023-12-21,,,,,,,USDT,USDT,0.910498042
2023-12-21 22:33:00+00:00,okx,712838657,ledger,internal_transfer,USDT,,,168563.21,,,0.0,,153476.4726582348,,account=main;type=transfer_in_from_trading_account;before=9.46e-09;after=168563.21;ref=712838657,2023-12-21,,,,,,,USDT,USDT,0.910498042
2023-12-21 22:29:00+00:00,okx,712834994,ledger,internal_transfer,USDT,,,-168563.21,,,0.0,,-153476.4726582348,,account=main;type=transfer_out_trading_account;before=168563.21;after=9.46e-09;ref=712834994,2023-12-21,,,,,,,USDT,USDT,0.910498042
2023-12-21 22:29:00+00:00,okx,157567147,ledger,deposit,USDT,,,168563.21,,,0.0,,153476.4726582348,,account=main;type=deposit;before=9.46e-09;after=168563.21;ref=157567147,2023-12-21,,,,,,,USDT,USDT,0.910498042
2023-12-21 01:45:00+00:00,okx,134966332,ledger,withdrawal,USDT,,,-361964.21,,,0.0,,-329567.70447907684,,account=main;type=withdrawal;before=361964.21;after=9.46e-09;ref=134966332,2023-12-21,,,,,,,USDT,USDT,0.910498042
2023-12-21 01:43:00+00:00,okx,712141619,ledger,internal_transfer,USDT,,,361964.21,,,0.0,,329567.70447907684,,account=main;type=transfer_in_from_trading_account;before=0.0;after=361964.21;ref=712141619,2023-12-21,,,,,,,USDT,USDT,0.910498042
2023-12-21 01:43:00+00:00,okx,712141511,ledger,internal_transfer,USDT,,,-3.82,,,0.0,,-3.47810252044,,account=main;type=transfer_out_trading_account;before=3.82;after=0.0;ref=712141511,2023-12-21,,,,,,,USDT,USDT,0.910498042
2023-12-21 01:43:00+00:00,okx,157350910,ledger,deposit,USDT,,,3.82,,,0.0,,3.47810252044,,account=main;type=deposit;before=0.0;after=3.82;ref=157350910,2023-12-21,,,,,,,USDT,USDT,0.910498042
2023-12-21 01:40:00+00:00,okx,712140236,ledger,internal_transfer,USDT,,,-361960.39,,,0.0,,-329564.2263765564,,account=main;type=transfer_out_trading_account;before=361960.39;after=0.0;ref=712140236,2023-12-21,,,,,,,USDT,USDT,0.910498042
2023-12-21 01:39:00+00:00,okx,712139766,ledger,internal_transfer,USDT,,,361960.39,,,0.0,,329564.2263765564,,account=main;type=transfer_in_from_trading_account;before=9.46e-09;after=361960.39;ref=712139766,2023-12-21,,,,,,,USDT,USDT,0.910498042
2023-12-21 01:39:00+00:00,okx,157350350,ledger,deposit,USDT,,,361960.39,,,0.0,,329564.2263765564,,account=main;type=deposit;before=9.46e-09;after=361960.39;ref=157350350,2023-12-21,,,,,,,USDT,USDT,0.910498042
2023-12-21 01:39:00+00:00,okx,712139509,ledger,internal_transfer,USDT,,,-361960.39,,,0.0,,-329564.2263765564,,account=main;type=transfer_out_trading_account;before=361960.39;after=9.46e-09;ref=712139509,2023-12-21,,,,,,,USDT,USDT,0.910498042
2023-12-20 02:02:00+00:00,okx,134624971,ledger,withdrawal,USDT,,,-1190117.2,,,0.0,,-1087460.891743268,,account=main;type=withdrawal;before=1190117.21;after=9.46e-09;ref=134624971,2023-12-20,,,,,,,USDT,USDT,0.91374269
2023-12-20 02:01:00+00:00,okx,711323850,ledger,internal_transfer,USDT,,,1190117.21,,,0.0,,1087460.9008806949,,account=main;type=transfer_in_from_trading_account;before=9.46e-09;after=1190117.21;ref=711323850,2023-12-20,,,,,,,USDT,USDT,0.91374269
2023-12-20 02:01:00+00:00,okx,711323638,ledger,internal_transfer,USDT,,,-1190117.2,,,0.0,,-1087460.891743268,,account=main;type=transfer_out_trading_account;before=1190117.21;after=9.46e-09;ref=711323638,2023-12-20,,,,,,,USDT,USDT,0.91374269
2023-12-20 02:01:00+00:00,okx,157099066,ledger,deposit,USDT,,,1190117.21,,,0.0,,1087460.9008806949,,account=main;type=deposit;before=9.46e-09;after=1190117.21;ref=157099066,2023-12-20,,,,,,,USDT,USDT,0.91374269
2023-12-19 01:27:00+00:00,okx,134279828,ledger,withdrawal,USDT,,,-580160.21,,,0.0,,-529246.6796976012,,account=main;type=withdrawal;before=580160.21;after=9.46e-09;ref=134279828,2023-12-19,,,,,,,USDT,USDT,0.912242292
2023-12-19 01:25:00+00:00,okx,710295408,ledger,internal_transfer,USDT,,,580160.21,,,0.0,,529246.6796976012,,account=main;type=transfer_in_from_trading_account;before=9.46e-09;after=580160.21;ref=710295408,2023-12-19,,,,,,,USDT,USDT,0.912242292
2023-12-19 01:23:00+00:00,okx,710294467,ledger,internal_transfer,USDT,,,-580160.21,,,0.0,,-529246.6796976012,,account=main;type=transfer_out_trading_account;before=580160.21;after=9.46e-09;ref=710294467,2023-12-19,,,,,,,USDT,USDT,0.912242292
2023-12-19 01:23:00+00:00,okx,156792923,ledger,deposit,USDT,,,580160.21,,,0.0,,529246.6796976012,,account=main;type=deposit;before=9.46e-09;after=580160.21;ref=156792923,2023-12-19,,,,,,,USDT,USDT,0.912242292
2023-12-17 13:20:00+00:00,okx,1559964707,ledger,saving,USDT,,,-1771.2019,,,0.0,,-1618.1270776258966,,account=main;type=saving_subscribe;before=1771.20191;after=9.46e-09;ref=1559964707,2023-12-17,,,,,,,USDT,USDT,0.913575735
2023-12-17 13:20:00+00:00,okx,708927768,ledger,internal_transfer,USDT,,,1771.20191,,,0.0,,1618.1270867616538,,account=main;type=transfer_in_from_trading_account;before=9.46e-09;after=1771.20191;ref=708927768,2023-12-17,,,,,,,USDT,USDT,0.913575735
2023-12-17 12:41:00+00:00,okx,133745303,ledger,withdrawal,USDT,,,-3053.82,,,0.0,,-2789.8958510577,,account=main;type=withdrawal;before=3053.82;after=9.46e-09;ref=133745303,2023-12-17,,,,,,,USDT,USDT,0.913575735
2023-12-17 12:41:00+00:00,okx,708908885,ledger,internal_transfer,USDT,,,3053.82,,,0.0,,2789.8958510577,,account=main;type=transfer_in_from_trading_account;before=9.46e-09;after=3053.82;ref=708908885,2023-12-17,,,,,,,USDT,USDT,0.913575735
2023-12-17 12:39:00+00:00,okx,133744865,ledger,withdrawal,ETH,,,-0.0225017,,,0.0,,-45.79970539831561,,account=main;type=withdrawal;before=0.02250175;after=5e-09;ref=133744865,2023-12-17,,,,,,,ETH,ETH,2035.3886772250812
2023-12-17 12:39:00+00:00,okx,708907752,ledger,internal_transfer,ETH,,,0.02250174,,,0.0,,45.799786813862696,,account=main;type=transfer_in_from_trading_account;before=5e-09;after=0.02250175;ref=708907752,2023-12-17,,,,,,,ETH,ETH,2035.3886772250812
2023-12-17 12:38:00+00:00,okx,156349355,ledger,deposit,USDT,,,2492.0,,,0.0,,2276.63073162,,account=main;type=deposit;before=9.46e-09;after=2492.0;ref=156349355,2023-12-17,,,,,,,USDT,USDT,0.913575735
2023-12-17 12:38:00+00:00,okx,708907448,ledger,internal_transfer,USDT,,,-2492.0,,,0.0,,-2276.63073162,,account=main;type=transfer_out_trading_account;before=2492.0;after=9.46e-09;ref=708907448,2023-12-17,,,,,,,USDT,USDT,0.913575735
2023-12-17 12:36:00+00:00,okx,708906400,ledger,internal_transfer,USDT,,,-2383.0208,,,0.0,,-2177.0699788802876,,account=main;type=transfer_out_trading_account;before=2383.02081;after=9.46e-09;ref=708906400,2023-12-17,,,,,,,USDT,USDT,0.913575735
2023-12-17 12:36:00+00:00,okx,156348956,ledger,deposit,USDT,,,2383.02081,,,0.0,,2177.0699880160455,,account=main;type=deposit;before=9.46e-09;after=2383.02081;ref=156348956,2023-12-17,,,,,,,USDT,USDT,0.913575735
2023-12-15 20:16:00+00:00,okx,133293238,ledger,withdrawal,USDT,,,-739005.9,,,0.0,,-675137.8582618366,,account=main;type=withdrawal;before=739005.9;after=9.46e-09;ref=133293238,2023-12-15,,,,,,,USDT,USDT,0.913575735
2023-12-15 20:16:00+00:00,okx,707576112,ledger,internal_transfer,USDT,,,739005.9,,,0.0,,675137.8582618366,,account=main;type=transfer_in_from_trading_account;before=9.46e-09;after=739005.9;ref=707576112,2023-12-15,,,,,,,USDT,USDT,0.913575735
2023-12-15 20:15:00+00:00,okx,707575867,ledger,internal_transfer,USDT,,,-739005.9,,,0.0,,-675137.8582618366,,account=main;type=transfer_out_trading_account;before=739005.9;after=9.46e-09;ref=707575867,2023-12-15,,,,,,,USDT,USDT,0.913575735
2023-12-15 20:15:00+00:00,okx,155989409,ledger,deposit,USDT,,,739005.9,,,0.0,,675137.8582618366,,account=main;type=deposit;before=9.46e-09;after=739005.9;ref=155989409,2023-12-15,,,,,,,USDT,USDT,0.913575735
2023-12-14 23:59:00+00:00,okx,133071482,ledger,withdrawal,USDT,,,-595037.21,,,0.0,,-544955.7740972753,,account=main;type=withdrawal;before=595037.21;after=9.46e-09;ref=133071482,2023-12-14,,,,,,,USDT,USDT,0.915834783
2023-12-14 23:58:00+00:00,okx,706921851,ledger,internal_transfer,USDT,,,595037.21,,,0.0,,544955.7740972753,,account=main;type=transfer_in_from_trading_account;before=9.46e-09;after=595037.21;ref=706921851,2023-12-14,,,,,,,USDT,USDT,0.915834783
2023-12-14 23:56:00+00:00,okx,706920882,ledger,internal_transfer,USDT,,,-595037.21,,,0.0,,-544955.7740972753,,account=main;type=transfer_out_trading_account;before=595037.21;after=9.46e-09;ref=706920882,2023-12-14,,,,,,,USDT,USDT,0.915834783
2023-12-14 23:56:00+00:00,okx,155808852,ledger,deposit,USDT,,,595037.21,,,0.0,,544955.7740972753,,account=main;type=deposit;before=9.46e-09;after=595037.21;ref=155808852,2023-12-14,,,,,,,USDT,USDT,0.915834783
2023-12-14 01:05:00+00:00,okx,132806962,ledger,withdrawal,USDT,,,-674381.21,,,0.0,,-617621.7691196274,,account=main;type=withdrawal;before=674381.21;after=9.46e-09;ref=132806962,2023-12-14,,,,,,,USDT,USDT,0.915834783
2023-12-14 01:04:00+00:00,okx,706133574,ledger,internal_transfer,USDT,,,674381.21,,,0.0,,617621.7691196274,,account=main;type=transfer_in_from_trading_account;before=9.46e-09;after=674381.21;ref=706133574,2023-12-14,,,,,,,USDT,USDT,0.915834783
2023-12-14 01:03:00+00:00,okx,155585161,ledger,deposit,USDT,,,674381.21,,,0.0,,617621.7691196274,,account=main;type=deposit;before=9.46e-09;after=674381.21;ref=155585161,2023-12-14,,,,,,,USDT,USDT,0.915834783
2023-12-14 01:03:00+00:00,okx,706133236,ledger,internal_transfer,USDT,,,-674381.21,,,0.0,,-617621.7691196274,,account=main;type=transfer_out_trading_account;before=674381.21;after=9.46e-09;ref=706133236,2023-12-14,,,,,,,USDT,USDT,0.915834783
2023-12-14 00:21:00+00:00,okx,132797916,ledger,withdrawal,USDT,,,-123932.21,,,0.0,,-113501.42865206044,,account=main;type=withdrawal;before=123932.21;after=9.46e-09;ref=132797916,2023-12-14,,,,,,,USDT,USDT,0.915834783
2023-12-14 00:20:00+00:00,okx,706107103,ledger,internal_transfer,USDT,,,123932.21,,,0.0,,113501.42865206044,,account=main;type=transfer_in_from_trading_account;before=9.46e-09;after=123932.21;ref=706107103,2023-12-14,,,,,,,USDT,USDT,0.915834783
2023-12-14 00:18:00+00:00,okx,706106372,ledger,internal_transfer,USDT,,,-123932.21,,,0.0,,-113501.42865206044,,account=main;type=transfer_out_trading_account;before=123932.21;after=9.46e-09;ref=706106372,2023-12-14,,,,,,,USDT,USDT,0.915834783
2023-12-14 00:18:00+00:00,okx,155576936,ledger,deposit,USDT,,,123932.21,,,0.0,,113501.42865206044,,account=main;type=deposit;before=9.46e-09;after=123932.21;ref=155576936,2023-12-14,,,,,,,USDT,USDT,0.915834783
2023-12-13 21:27:00+00:00,okx,132751970,ledger,withdrawal,USDT,,,-282620.21,,,0.0,,-262000.7510209801,,account=main;type=withdrawal;before=282620.21;after=9.46e-09;ref=132751970,2023-12-13,,,,,,,USDT,USDT,0.92704181
2023-12-13 21:27:00+00:00,okx,705977003,ledger,internal_transfer,USDT,,,282620.21,,,0.0,,262000.7510209801,,account=main;type=transfer_in_from_trading_account;before=9.46e-09;after=282620.21;ref=705977003,2023-12-13,,,,,,,USDT,USDT,0.92704181
2023-12-13 21:26:00+00:00,okx,155536425,ledger,deposit,USDT,,,282620.21,,,0.0,,262000.7510209801,,account=main;type=deposit;before=9.46e-09;after=282620.21;ref=155536425,2023-12-13,,,,,,,USDT,USDT,0.92704181
2023-12-13 21:26:00+00:00,okx,705976846,ledger,internal_transfer,USDT,,,-282620.21,,,0.0,,-262000.7510209801,,account=main;type=transfer_out_trading_account;before=282620.21;after=9.46e-09;ref=705976846,2023-12-13,,,,,,,USDT,USDT,0.92704181
2023-12-12 22:17:00+00:00,okx,132483404,ledger,withdrawal,USDT,,,-609914.21,,,0.0,,-564526.2955943925,,account=main;type=withdrawal;before=609914.21;after=9.46e-09;ref=132483404,2023-12-12,,,,,,,USDT,USDT,0.925583117
2023-12-12 22:16:00+00:00,okx,705201202,ledger,internal_transfer,USDT,,,609914.21,,,0.0,,564526.2955943925,,account=main;type=transfer_in_from_trading_account;before=0.0;after=609914.21;ref=705201202,2023-12-12,,,,,,,USDT,USDT,0.925583117
2023-12-12 22:15:00+00:00,okx,155292952,ledger,deposit,USDT,,,609914.21,,,0.0,,564526.2955943925,,account=main;type=deposit;before=0.0;after=609914.21;ref=155292952,2023-12-12,,,,,,,USDT,USDT,0.925583117
2023-12-12 22:15:00+00:00,okx,705201065,ledger,internal_transfer,USDT,,,-609914.21,,,0.0,,-564526.2955943925,,account=main;type=transfer_out_trading_account;before=609914.21;after=0.0;ref=705201065,2023-12-12,,,,,,,USDT,USDT,0.925583117
2023-12-12 12:50:00+00:00,okx,1556075356,ledger,saving,USDT,,,-7007.3415,,,0.0,,-6485.8769874534555,,account=main;type=saving_subscribe;before=7007.34153;after=0.0;ref=1556075356,2023-12-12,,,,,,,USDT,USDT,0.925583117
2023-12-12 12:50:00+00:00,okx,704851720,ledger,internal_transfer,USDT,,,7007.34153,,,0.0,,6485.877015220948,,account=main;type=transfer_in_from_trading_account;before=0.0;after=7007.34153;ref=704851720,2023-12-12,,,,,,,USDT,USDT,0.925583117
2023-12-12 12:45:00+00:00,okx,704848831,ledger,internal_transfer,USDT,,,-2067.5366,,,0.0,,-1913.676970739582,,account=main;type=transfer_out_trading_account;before=2067.5366;after=0.0;ref=704848831,2023-12-12,,,,,,,USDT,USDT,0.925583117
2023-12-12 12:45:00+00:00,okx,155160310,ledger,deposit,USDT,,,2067.5366,,,0.0,,1913.676970739582,,account=main;type=deposit;before=0.0;after=2067.5366;ref=155160310,2023-12-12,,,,,,,USDT,USDT,0.925583117
2023-12-12 12:42:00+00:00,okx,704847067,ledger,internal_transfer,USDT,,,-4939.8049,,,0.0,,-4572.200016713873,,account=main;type=transfer_out_trading_account;before=4939.80493;after=0.0;ref=704847067,2023-12-12,,,,,,,USDT,USDT,0.925583117
2023-12-12 12:42:00+00:00,okx,155159815,ledger,deposit,USDT,,,4939.80493,,,0.0,,4572.200044481367,,account=main;type=deposit;before=0.0;after=4939.80493;ref=155159815,2023-12-12,,,,,,,USDT,USDT,0.925583117
2023-12-12 00:28:00+00:00,okx,132228168,ledger,withdrawal,USDT,,,-347087.21,,,0.0,,-321258.06170263357,,account=main;type=withdrawal;before=347087.21;after=0.0;ref=132228168,2023-12-12,,,,,,,USDT,USDT,0.925583117
2023-12-12 00:19:00+00:00,okx,704487352,ledger,internal_transfer,USDT,,,347087.21,,,0.0,,321258.06170263357,,account=main;type=transfer_in_from_trading_account;before=0.0;after=347087.21;ref=704487352,2023-12-12,,,,,,,USDT,USDT,0.925583117
2023-12-12 00:18:00+00:00,okx,704486154,ledger,internal_transfer,USDT,,,-347087.21,,,0.0,,-321258.06170263357,,account=main;type=transfer_out_trading_account;before=347087.21;after=0.0;ref=704486154,2023-12-12,,,,,,,USDT,USDT,0.925583117
2023-12-12 00:18:00+00:00,okx,155065715,ledger,deposit,USDT,,,347087.21,,,0.0,,321258.06170263357,,account=main;type=deposit;before=0.0;after=347087.21;ref=155065715,2023-12-12,,,,,,,USDT,USDT,0.925583117
2023-12-11 21:11:00+00:00,okx,132172555,ledger,withdrawal,USDT,,,-620590.7,,,0.0,,-576918.0065782632,,account=main;type=withdrawal;before=620590.7;after=0.0;ref=132172555,2023-12-11,,,,,,,USDT,USDT,0.929627219
2023-12-11 21:09:00+00:00,okx,704349122,ledger,internal_transfer,USDT,,,620590.7,,,0.0,,576918.0065782632,,account=main;type=transfer_in_from_trading_account;before=0.0;after=620590.7;ref=704349122,2023-12-11,,,,,,,USDT,USDT,0.929627219
2023-12-11 21:08:00+00:00,okx,155017692,ledger,deposit,USDT,,,620590.7,,,0.0,,576918.0065782632,,account=main;type=deposit;before=0.0;after=620590.7;ref=155017692,2023-12-11,,,,,,,USDT,USDT,0.929627219
2023-12-11 21:08:00+00:00,okx,704348634,ledger,internal_transfer,USDT,,,-620590.7,,,0.0,,-576918.0065782632,,account=main;type=transfer_out_trading_account;before=620590.7;after=0.0;ref=704348634,2023-12-11,,,,,,,USDT,USDT,0.929627219
2023-12-09 16:00:00+00:00,okx,1553898956,ledger,saving,USDT,,,-141806.32,,,0.0,,-131582.3699259285,,account=main;type=saving_subscribe;before=141806.32;after=0.0;ref=1553898956,2023-12-09,,,,,,,USDT,USDT,0.927902014
2023-12-09 16:00:00+00:00,okx,702547919,ledger,internal_transfer,USDT,,,141806.32,,,0.0,,131582.3699259285,,account=main;type=transfer_in_from_trading_account;before=0.0;after=141806.32;ref=702547919,2023-12-09,,,,,,,USDT,USDT,0.927902014
2023-12-09 15:59:00+00:00,okx,154457630,ledger,deposit,USDT,,,140646.584,,,0.0,,130506.24855582019,,account=main;type=deposit;before=0.0;after=140646.584;ref=154457630,2023-12-09,,,,,,,USDT,USDT,0.927902014
2023-12-09 15:59:00+00:00,okx,702547200,ledger,internal_transfer,USDT,,,-140646.58,,,0.0,,-130506.24484421211,,account=main;type=transfer_out_trading_account;before=140646.584;after=0.0;ref=702547200,2023-12-09,,,,,,,USDT,USDT,0.927902014
2023-12-09 14:00:00+00:00,okx,702476833,ledger,internal_transfer,USDT,,,-1159.7358,,,0.0,,-1076.1211845279013,,account=main;type=transfer_out_trading_account;before=1159.73582;after=0.0;ref=702476833,2023-12-09,,,,,,,USDT,USDT,0.927902014
2023-12-09 14:00:00+00:00,okx,154435552,ledger,deposit,USDT,,,1159.73582,,,0.0,,1076.1212030859417,,account=main;type=deposit;before=0.0;after=1159.73582;ref=154435552,2023-12-09,,,,,,,USDT,USDT,0.927902014
2023-12-09 13:42:00+00:00,okx,1553834325,ledger,saving,USDT,,,-6122.148,,,0.0,,-5680.753459206073,,account=main;type=saving_subscribe;before=6122.14803;after=0.0;ref=1553834325,2023-12-09,,,,,,,USDT,USDT,0.927902014
2023-12-09 13:42:00+00:00,okx,702467713,ledger,internal_transfer,USDT,,,6119.32803,,,0.0,,5678.136803363653,,account=main;type=transfer_in_from_trading_account;before=2.82;after=6122.14803;ref=702467713,2023-12-09,,,,,,,USDT,USDT,0.927902014
2023-12-09 13:36:00+00:00,okx,154431389,ledger,deposit,USDT,,,2354.8586,,,0.0,,2185.0780376252205,,account=main;type=deposit;before=2.82;after=2357.6786;ref=154431389,2023-12-09,,,,,,,USDT,USDT,0.927902014
2023-12-09 13:36:00+00:00,okx,702464642,ledger,internal_transfer,USDT,,,-2354.8586,,,0.0,,-2185.0780376252205,,account=main;type=transfer_out_trading_account;before=2357.6786;after=2.82;ref=702464642,2023-12-09,,,,,,,USDT,USDT,0.927902014
2023-12-09 13:33:00+00:00,okx,154430942,ledger,deposit,USDT,,,3358.70849,,,0.0,,3116.552372309899,,account=main;type=deposit;before=2.82;after=3361.52849;ref=154430942,2023-12-09,,,,,,,USDT,USDT,0.927902014
2023-12-09 13:33:00+00:00,okx,702463374,ledger,internal_transfer,USDT,,,-3358.7085,,,0.0,,-3116.552381588919,,account=main;type=transfer_out_trading_account;before=3361.52849;after=2.82;ref=702463374,2023-12-09,,,,,,,USDT,USDT,0.927902014
2023-12-08 23:01:00+00:00,okx,131339529,ledger,withdrawal,USDT,,,-5398.89,,,0.0,,-5009.640904364461,,account=main;type=withdrawal;before=5401.71;after=2.82;ref=131339529,2023-12-08,,,,,,,USDT,USDT,0.927902014
2023-12-08 22:58:00+00:00,okx,702008825,ledger,internal_transfer,USDT,,,5401.71,,,0.0,,5012.25758804394,,account=main;type=transfer_in_from_trading_account;before=0.0;after=5401.71;ref=702008825,2023-12-08,,,,,,,USDT,USDT,0.927902014
2023-12-08 22:56:00+00:00,okx,154319849,ledger,deposit,USDT,,,5401.71,,,0.0,,5012.25758804394,,account=main;type=deposit;before=0.0;after=5401.71;ref=154319849,2023-12-08,,,,,,,USDT,USDT,0.927902014
2023-12-08 22:56:00+00:00,okx,702007327,ledger,internal_transfer,USDT,,,-5401.71,,,0.0,,-5012.25758804394,,account=main;type=transfer_out_trading_account;before=5401.71;after=0.0;ref=702007327,2023-12-08,,,,,,,USDT,USDT,0.927902014
2023-12-08 21:45:00+00:00,okx,131318951,ledger,withdrawal,TRX,,,-64.289257,,,0.0,,-6.212829109531371,,account=main;type=withdrawal;before=64.2892579;after=8.55e-07;ref=131318951,2023-12-08,,,,,,,TRX,TRX,0.0966386827200596
2023-12-08 21:41:00+00:00,okx,701955739,ledger,internal_transfer,TRX,,,64.2892573,,,0.0,,6.2128291385229755,,account=main;type=transfer_in_from_trading_account;before=5.64e-07;after=64.2892579;ref=701955739,2023-12-08,,,,,,,TRX,TRX,0.0966386827200596
2023-12-08 21:40:00+00:00,okx,701955599,ledger,internal_transfer,USDT,,,-6.82,,,0.0,,-6.328291735480001,,account=main;type=transfer_out_trading_account;before=6.82;after=0.0;ref=701955599,2023-12-08,,,,,,,USDT,USDT,0.927902014
2023-12-08 21:37:00+00:00,okx,131316796,ledger,withdrawal,USDT,,,-247907.21,,,0.0,,-230033.59944412095,,account=main;type=withdrawal;before=247914.03;after=6.82;ref=131316796,2023-12-08,,,,,,,USDT,USDT,0.927902014
2023-12-08 21:34:00+00:00,okx,701951059,ledger,internal_transfer,USDT,,,247914.03,,,0.0,,230039.92773585644,,account=main;type=transfer_in_from_trading_account;before=0.0;after=247914.03;ref=701951059,2023-12-08,,,,,,,USDT,USDT,0.927902014
2023-12-08 21:31:00+00:00,okx,154300192,ledger,deposit,USDT,,,247910.21,,,0.0,,230036.38315016293,,account=main;type=deposit;before=0.0;after=247910.21;ref=154300192,2023-12-08,,,,,,,USDT,USDT,0.927902014
2023-12-08 21:31:00+00:00,okx,701948860,ledger,internal_transfer,USDT,,,-247910.21,,,0.0,,-230036.38315016293,,account=main;type=transfer_out_trading_account;before=247910.21;after=0.0;ref=701948860,2023-12-08,,,,,,,USDT,USDT,0.927902014
2023-12-08 00:21:00+00:00,okx,131094280,ledger,withdrawal,USDT,,,-669422.21,,,0.0,,-621158.2168753309,,account=main;type=withdrawal;before=669422.21;after=0.0;ref=131094280,2023-12-08,,,,,,,USDT,USDT,0.927902014
2023-12-08 00:19:00+00:00,okx,701301238,ledger,internal_transfer,USDT,,,669422.21,,,0.0,,621158.2168753309,,account=main;type=transfer_in_from_trading_account;before=0.0;after=669422.21;ref=701301238,2023-12-08,,,,,,,USDT,USDT,0.927902014
2023-12-08 00:19:00+00:00,okx,701300851,ledger,internal_transfer,USDT,,,-669422.21,,,0.0,,-621158.2168753309,,account=main;type=transfer_out_trading_account;before=669422.21;after=0.0;ref=701300851,2023-12-08,,,,,,,USDT,USDT,0.927902014
2023-12-08 00:19:00+00:00,okx,154098925,ledger,deposit,USDT,,,669422.21,,,0.0,,621158.2168753309,,account=main;type=deposit;before=0.0;after=669422.21;ref=154098925,2023-12-08,,,,,,,USDT,USDT,0.927902014
2023-12-07 01:54:00+00:00,okx,130856678,ledger,withdrawal,USDT,,,-912366.59,,,0.0,,-847058.3886216508,,account=main;type=withdrawal;before=912366.59;after=0.0;ref=130856678,2023-12-07,,,,,,,USDT,USDT,0.928418903
2023-12-07 01:52:00+00:00,okx,700591651,ledger,internal_transfer,USDT,,,912366.59,,,0.0,,847058.3886216508,,account=main;type=transfer_in_from_trading_account;before=0.0;after=912366.59;ref=700591651,2023-12-07,,,,,,,USDT,USDT,0.928418903
2023-12-07 01:51:00+00:00,okx,700591265,ledger,internal_transfer,USDT,,,-912366.59,,,0.0,,-847058.3886216508,,account=main;type=transfer_out_trading_account;before=912366.59;after=0.0;ref=700591265,2023-12-07,,,,,,,USDT,USDT,0.928418903
2023-12-07 01:51:00+00:00,okx,153889220,ledger,deposit,USDT,,,912366.59,,,0.0,,847058.3886216508,,account=main;type=deposit;before=0.0;after=912366.59;ref=153889220,2023-12-07,,,,,,,USDT,USDT,0.928418903
2023-12-06 21:48:00+00:00,okx,130807249,ledger,withdrawal,USDT,,,-277661.21,,,0.0,,-257618.49128212442,,account=main;type=withdrawal;before=277661.21;after=0.0;ref=130807249,2023-12-06,,,,,,,USDT,USDT,0.927815921
2023-12-06 21:46:00+00:00,okx,700425814,ledger,internal_transfer,USDT,,,277661.21,,,0.0,,257618.49128212442,,account=main;type=transfer_in_from_trading_account;before=0.0;after=277661.21;ref=700425814,2023-12-06,,,,,,,USDT,USDT,0.927815921
2023-12-06 21:38:00+00:00,okx,700420301,ledger,internal_transfer,USDT,,,-277661.21,,,0.0,,-257618.49128212442,,account=main;type=transfer_out_trading_account;before=277661.21;after=0.0;ref=700420301,2023-12-06,,,,,,,USDT,USDT,0.927815921
2023-12-06 21:38:00+00:00,okx,153839613,ledger,deposit,USDT,,,277661.21,,,0.0,,257618.49128212442,,account=main;type=deposit;before=0.0;after=277661.21;ref=153839613,2023-12-06,,,,,,,USDT,USDT,0.927815921
2023-12-06 20:31:00+00:00,okx,130788042,ledger,withdrawal,USDT,,,-18376.0,,,0.0,,-17049.545364296,,account=main;type=withdrawal;before=18376.0;after=0.0;ref=130788042,2023-12-06,,,,,,,USDT,USDT,0.927815921
2023-12-06 20:31:00+00:00,okx,700374248,ledger,internal_transfer,USDT,,,18376.0,,,0.0,,17049.545364296,,account=main;type=transfer_in_from_trading_account;before=0.0;after=18376.0;ref=700374248,2023-12-06,,,,,,,USDT,USDT,0.927815921
2023-12-06 20:29:00+00:00,okx,700372425,ledger,internal_transfer,USDT,,,-1743.5064,,,0.0,,-1617.6529962853945,,account=main;type=transfer_out_trading_account;before=1743.50639;after=0.0;ref=700372425,2023-12-06,,,,,,,USDT,USDT,0.927815921
2023-12-06 20:29:00+00:00,okx,153824340,ledger,deposit,USDT,,,1743.50639,,,0.0,,1617.6529870072352,,account=main;type=deposit;before=0.0;after=1743.50639;ref=153824340,2023-12-06,,,,,,,USDT,USDT,0.927815921
2023-12-06 20:21:00+00:00,okx,130785505,ledger,withdrawal,USDT,,,-399997.64,,,0.0,,-371124.1787544264,,account=main;type=withdrawal;before=399997.64;after=0.0;ref=130785505,2023-12-06,,,,,,,USDT,USDT,0.927815921
2023-12-06 20:21:00+00:00,okx,700366501,ledger,internal_transfer,USDT,,,399997.64,,,0.0,,371124.1787544264,,account=main;type=transfer_in_from_trading_account;before=0.0;after=399997.64;ref=700366501,2023-12-06,,,,,,,USDT,USDT,0.927815921
2023-12-06 20:18:00+00:00,okx,700364584,ledger,internal_transfer,USDT,,,-400000.0,,,0.0,,-371126.3684,,account=main;type=transfer_out_trading_account;before=400000.0;after=0.0;ref=700364584,2023-12-06,,,,,,,USDT,USDT,0.927815921
2023-12-06 20:15:00+00:00,okx,1551493156,ledger,saving,USDT,,,400000.0,,,0.0,,371126.3684,,account=main;type=saving_unsubscribe;before=0.0;after=400000.0;ref=1551493156,2023-12-06,,,,,,,USDT,USDT,0.927815921
2023-12-06 03:32:00+00:00,okx,699735108,ledger,internal_transfer,USDT,,,-9772.6126,,,0.0,,-9067.185560045205,,account=main;type=transfer_out_trading_account;before=9772.61264;after=0.0;ref=699735108,2023-12-06,,,,,,,USDT,USDT,0.927815921
2023-12-06 03:29:00+00:00,okx,153665842,ledger,deposit,USDT,,,2688.139,,,0.0,,2494.098162061019,,account=main;type=deposit;before=9772.61264;after=12460.7516;ref=153665842,2023-12-06,,,,,,,USDT,USDT,0.927815921
2023-12-06 03:29:00+00:00,okx,699733777,ledger,internal_transfer,USDT,,,-2688.139,,,0.0,,-2494.098162061019,,account=main;type=transfer_out_trading_account;before=12460.7516;after=9772.61264;ref=699733777,2023-12-06,,,,,,,USDT,USDT,0.927815921
2023-12-06 03:27:00+00:00,okx,153665600,ledger,deposit,USDT,,,9772.61264,,,0.0,,9067.18559715784,,account=main;type=deposit;before=0.0;after=9772.61264;ref=153665600,2023-12-06,,,,,,,USDT,USDT,0.927815921
2023-12-06 01:47:00+00:00,okx,130611764,ledger,withdrawal,USDT,,,-1041347.2,,,0.0,,-966178.5114487711,,account=main;type=withdrawal;before=1041347.21;after=0.0;ref=130611764,2023-12-06,,,,,,,USDT,USDT,0.927815921
2023-12-06 01:46:00+00:00,okx,699665335,ledger,internal_transfer,USDT,,,1041347.21,,,0.0,,966178.5207269304,,account=main;type=transfer_in_from_trading_account;before=0.0;after=1041347.21;ref=699665335,2023-12-06,,,,,,,USDT,USDT,0.927815921
2023-12-06 01:45:00+00:00,okx,699664294,ledger,internal_transfer,USDT,,,-1041347.2,,,0.0,,-966178.5114487711,,account=main;type=transfer_out_trading_account;before=1041347.21;after=0.0;ref=699664294,2023-12-06,,,,,,,USDT,USDT,0.927815921
2023-12-06 01:45:00+00:00,okx,153653000,ledger,deposit,USDT,,,1041347.21,,,0.0,,966178.5207269304,,account=main;type=deposit;before=0.0;after=1041347.21;ref=153653000,2023-12-06,,,,,,,USDT,USDT,0.927815921
2023-12-05 16:48:00+00:00,okx,699301297,ledger,internal_transfer,USDT,,,-4578.9629,,,0.0,,-4233.117225174509,,account=main;type=transfer_out_trading_account;before=4578.96291;after=0.0;ref=699301297,2023-12-05,,,,,,,USDT,USDT,0.924470741
2023-12-05 16:48:00+00:00,okx,153536005,ledger,deposit,USDT,,,4578.96291,,,0.0,,4233.117234419216,,account=main;type=deposit;before=0.0;after=4578.96291;ref=153536005,2023-12-05,,,,,,,USDT,USDT,0.924470741
2023-12-05 01:02:00+00:00,okx,1549879607,ledger,saving,USDT,,,-1003.0,,,0.0,,-927.244153223,,account=main;type=saving_subscribe;before=1003.0;after=0.0;ref=1549879607,2023-12-05,,,,,,,USDT,USDT,0.924470741
2023-12-05 01:02:00+00:00,okx,698826025,ledger,internal_transfer,USDT,,,1003.0,,,0.0,,927.244153223,,account=main;type=transfer_in_from_trading_account;before=0.0;after=1003.0;ref=698826025,2023-12-05,,,,,,,USDT,USDT,0.924470741
2023-12-05 01:01:00+00:00,okx,153411542,ledger,deposit,USDT,,,1003.0,,,0.0,,927.244153223,,account=main;type=deposit;before=0.0;after=1003.0;ref=153411542,2023-12-05,,,,,,,USDT,USDT,0.924470741
2023-12-05 01:01:00+00:00,okx,698825420,ledger,internal_transfer,USDT,,,-1003.0,,,0.0,,-927.244153223,,account=main;type=transfer_out_trading_account;before=1003.0;after=0.0;ref=698825420,2023-12-05,,,,,,,USDT,USDT,0.924470741
2023-12-05 00:38:00+00:00,okx,130341029,ledger,withdrawal,USDT,,,-10.0,,,0.0,,-9.24470741,,account=main;type=withdrawal;before=10.0;after=0.0;ref=130341029,2023-12-05,,,,,,,USDT,USDT,0.924470741
2023-12-05 00:35:00+00:00,okx,1549870474,ledger,saving,USDT,,,10.0,,,0.0,,9.24470741,,account=main;type=saving_unsubscribe;before=0.0;after=10.0;ref=1549870474,2023-12-05,,,,,,,USDT,USDT,0.924470741
2023-12-04 23:05:00+00:00,okx,130320539,ledger,withdrawal,USDT,,,-243470.34,,,0.0,,-224024.97237657968,,account=main;type=withdrawal;before=243470.34;after=0.0;ref=130320539,2023-12-04,,,,,,,USDT,USDT,0.920132499
2023-12-04 23:03:00+00:00,okx,153389161,ledger,deposit,USDT,,,243470.34,,,0.0,,224024.97237657968,,account=main;type=deposit;before=0.0;after=243470.34;ref=153389161,2023-12-04,,,,,,,USDT,USDT,0.920132499
2023-12-04 21:15:00+00:00,okx,130291441,ledger,withdrawal,USDT,,,-1001.0,,,0.0,,-921.0526314990001,,account=main;type=withdrawal;before=1001.0;after=0.0;ref=130291441,2023-12-04,,,,,,,USDT,USDT,0.920132499
2023-12-04 21:14:00+00:00,okx,130291280,ledger,withdrawal,USDT,,,-1062.97,,,0.0,,-978.0732424620301,,account=main;type=withdrawal;before=2063.97;after=1001.0;ref=130291280,2023-12-04,,,,,,,USDT,USDT,0.920132499
2023-12-04 20:44:00+00:00,okx,130283475,ledger,withdrawal,USDT,,,-823151.21,,,0.0,,-757408.1799121738,,account=main;type=withdrawal;before=825215.18;after=2063.97;ref=130283475,2023-12-04,,,,,,,USDT,USDT,0.920132499
2023-12-04 20:41:00+00:00,okx,153353680,ledger,deposit,USDT,,,823151.21,,,0.0,,757408.1799121738,,account=main;type=deposit;before=2063.97;after=825215.18;ref=153353680,2023-12-04,,,,,,,USDT,USDT,0.920132499
2023-12-04 20:27:00+00:00,okx,130279188,ledger,withdrawal,USDT,,,-6701.0,,,0.0,,-6165.807875799001,,account=main;type=withdrawal;before=8764.97;after=2063.97;ref=130279188,2023-12-04,,,,,,,USDT,USDT,0.920132499
2023-12-04 19:28:00+00:00,okx,130261880,ledger,withdrawal,USDT,,,-65352.0,,,0.0,,-60132.499074648,,account=main;type=withdrawal;before=74116.97;after=8764.97;ref=130261880,2023-12-04,,,,,,,USDT,USDT,0.920132499
2023-12-04 19:26:00+00:00,okx,153335628,ledger,deposit,USDT,,,74116.97,,,0.0,,68197.43282440804,,account=main;type=deposit;before=0.0;after=74116.97;ref=153335628,2023-12-04,,,,,,,USDT,USDT,0.920132499
2023-12-04 18:31:00+00:00,okx,130246517,ledger,withdrawal,USDT,,,-1003.0,,,0.0,,-922.892896497,,account=main;type=withdrawal;before=1003.0;after=0.0;ref=130246517,2023-12-04,,,,,,,USDT,USDT,0.920132499
2023-12-04 18:25:00+00:00,okx,1549644543,ledger,saving,USDT,,,1003.0,,,0.0,,922.892896497,,account=main;type=saving_unsubscribe;before=0.0;after=1003.0;ref=1549644543,2023-12-04,,,,,,,USDT,USDT,0.920132499
2023-12-04 14:34:00+00:00,okx,698361427,ledger,internal_transfer,USDT,,,32651.2769,,,0.0,,30043.501009537977,,account=main;type=transfer_in_from_trading_account;before=0.0;after=32651.2769;ref=698361427,2023-12-04,,,,,,,USDT,USDT,0.920132499
2023-12-04 14:34:00+00:00,okx,1549501256,ledger,saving,USDT,,,-32651.277,,,0.0,,-30043.501101551225,,account=main;type=saving_subscribe;before=32651.2769;after=0.0;ref=1549501256,2023-12-04,,,,,,,USDT,USDT,0.920132499
2023-12-04 14:33:00+00:00,okx,698361083,ledger,internal_transfer,USDT,,,-32651.277,,,0.0,,-30043.501101551225,,account=main;type=transfer_out_trading_account;before=32651.2769;after=0.0;ref=698361083,2023-12-04,,,,,,,USDT,USDT,0.920132499
2023-12-04 14:33:00+00:00,okx,153267203,ledger,deposit,USDT,,,8562.52162,,,0.0,,7878.654415952128,,account=main;type=deposit;before=24088.7553;after=32651.2769;ref=153267203,2023-12-04,,,,,,,USDT,USDT,0.920132499
2023-12-04 14:32:00+00:00,okx,153267067,ledger,deposit,USDT,,,24088.7553,,,0.0,,22164.846611988498,,account=main;type=deposit;before=0.0;after=24088.7553;ref=153267067,2023-12-04,,,,,,,USDT,USDT,0.920132499
2023-12-02 00:51:00+00:00,okx,129555399,ledger,withdrawal,USDT,,,-723331.12,,,0.0,,-665132.0644509576,,account=main;type=withdrawal;before=723331.12;after=0.0;ref=129555399,2023-12-02,,,,,,,USDT,USDT,0.91954023
2023-12-02 00:50:00+00:00,okx,152741479,ledger,deposit,USDT,,,723331.12,,,0.0,,665132.0644509576,,account=main;type=deposit;before=0.0;after=723331.12;ref=152741479,2023-12-02,,,,,,,USDT,USDT,0.91954023
2023-12-01 02:19:00+00:00,okx,696179086,ledger,internal_transfer,USDT,,,39200.4252,,,0.0,,36046.36800450579,,account=main;type=transfer_in_from_trading_account;before=0.0;after=39200.4252;ref=696179086,2023-12-01,,,,,,,USDT,USDT,0.91954023
2023-12-01 02:19:00+00:00,okx,1542970224,ledger,saving,USDT,,,-39200.425,,,0.0,,-36046.36782059775,,account=main;type=saving_subscribe;before=39200.4252;after=0.0;ref=1542970224,2023-12-01,,,,,,,USDT,USDT,0.91954023
2023-12-01 02:18:00+00:00,okx,696178854,ledger,internal_transfer,USDT,,,-15265.055,,,0.0,,-14036.83218566265,,account=main;type=transfer_out_trading_account;before=15265.0547;after=0.0;ref=696178854,2023-12-01,,,,,,,USDT,USDT,0.91954023
2023-12-01 02:15:00+00:00,okx,152540490,ledger,deposit,USDT,,,6303.7806,,,0.0,,5796.579862793537,,account=main;type=deposit;before=8961.27411;after=15265.0547;ref=152540490,2023-12-01,,,,,,,USDT,USDT,0.91954023
2023-12-01 02:11:00+00:00,okx,152540003,ledger,deposit,USDT,,,8961.27411,,,0.0,,8240.252056202446,,account=main;type=deposit;before=0.0;after=8961.27411;ref=152540003,2023-12-01,,,,,,,USDT,USDT,0.91954023
2023-12-01 02:09:00+00:00,okx,696175968,ledger,internal_transfer,USDT,,,-23935.371,,,0.0,,-22009.53655447533,,account=main;type=transfer_out_trading_account;before=23935.3705;after=0.0;ref=696175968,2023-12-01,,,,,,,USDT,USDT,0.91954023
2023-12-01 02:08:00+00:00,okx,152539859,ledger,deposit,USDT,,,23935.3705,,,0.0,,22009.536094705214,,account=main;type=deposit;before=0.0;after=23935.3705;ref=152539859,2023-12-01,,,,,,,USDT,USDT,0.91954023
2023-11-30 21:19:00+00:00,okx,129269143,ledger,withdrawal,USDT,,,-525611.21,,,0.0,,-480844.5794677946,,account=main;type=withdrawal;before=525611.21;after=0.0;ref=129269143,2023-11-30,,,,,,,USDT,USDT,0.914829384
2023-11-30 21:12:00+00:00,okx,152490501,ledger,deposit,USDT,,,525611.21,,,0.0,,480844.5794677946,,account=main;type=deposit;before=0.0;after=525611.21;ref=152490501,2023-11-30,,,,,,,USDT,USDT,0.914829384
2023-11-30 19:44:00+00:00,okx,129245314,ledger,withdrawal,USDT,,,-624791.21,,,0.0,,-571577.3577729146,,account=main;type=withdrawal;before=624791.21;after=0.0;ref=129245314,2023-11-30,,,,,,,USDT,USDT,0.914829384
2023-11-30 19:43:00+00:00,okx,152471257,ledger,deposit,USDT,,,624791.21,,,0.0,,571577.3577729146,,account=main;type=deposit;before=0.0;after=624791.21;ref=152471257,2023-11-30,,,,,,,USDT,USDT,0.914829384
2023-11-29 21:00:00+00:00,okx,129007998,ledger,withdrawal,USDT,,,-446267.21,,,0.0,,-406251.44275213394,,account=main;type=withdrawal;before=446267.21;after=0.0;ref=129007998,2023-11-29,,,,,,,USDT,USDT,0.910332271
2023-11-29 20:59:00+00:00,okx,152282721,ledger,deposit,USDT,,,446267.21,,,0.0,,406251.44275213394,,account=main;type=deposit;before=0.0;after=446267.21;ref=152282721,2023-11-29,,,,,,,USDT,USDT,0.910332271
2023-11-29 01:07:00+00:00,okx,128829605,ledger,withdrawal,USDT,,,-606539.89,,,0.0,,-552152.8355157903,,account=main;type=withdrawal;before=606539.89;after=0.0;ref=128829605,2023-11-29,,,,,,,USDT,USDT,0.910332271
2023-11-29 00:56:00+00:00,okx,152127436,ledger,deposit,USDT,,,606539.89,,,0.0,,552152.8355157903,,account=main;type=deposit;before=0.0;after=606539.89;ref=152127436,2023-11-29,,,,,,,USDT,USDT,0.910332271
2023-11-28 18:21:00+00:00,okx,128740500,ledger,withdrawal,USDT,,,-39121.0,,,0.0,,-35730.203677578,,account=main;type=withdrawal;before=39121.0;after=0.0;ref=128740500,2023-11-28,,,,,,,USDT,USDT,0.913325418
2023-11-28 18:17:00+00:00,okx,128739604,ledger,withdrawal,USDT,,,-401.0,,,0.0,,-366.243492618,,account=main;type=withdrawal;before=39522.0;after=39121.0;ref=128739604,2023-11-28,,,,,,,USDT,USDT,0.913325418
2023-11-28 18:13:00+00:00,okx,128738622,ledger,withdrawal,USDT,,,-4501.0,,,0.0,,-4110.877706418,,account=main;type=withdrawal;before=44023.0;after=39522.0;ref=128738622,2023-11-28,,,,,,,USDT,USDT,0.913325418
2023-11-28 18:09:00+00:00,okx,128737809,ledger,withdrawal,USDT,,,-5001.0,,,0.0,,-4567.540415418,,account=main;type=withdrawal;before=49024.0;after=44023.0;ref=128737809,2023-11-28,,,,,,,USDT,USDT,0.913325418
2023-11-28 18:08:00+00:00,okx,152046593,ledger,deposit,USDT,,,49024.0,,,0.0,,44774.865292032,,account=main;type=deposit;before=0.0;after=49024.0;ref=152046593,2023-11-28,,,,,,,USDT,USDT,0.913325418
2023-11-28 03:01:00+00:00,okx,128544769,ledger,withdrawal,USDT,,,-813233.21,,,0.0,,-742746.5614547317,,account=main;type=withdrawal;before=813233.21;after=0.0;ref=128544769,2023-11-28,,,,,,,USDT,USDT,0.913325418
2023-11-28 02:15:00+00:00,okx,151922450,ledger,deposit,USDT,,,813233.21,,,0.0,,742746.5614547317,,account=main;type=deposit;before=0.0;after=813233.21;ref=151922450,2023-11-28,,,,,,,USDT,USDT,0.913325418
2023-11-27 20:43:00+00:00,okx,128467741,ledger,withdrawal,USDT,,,-297497.21,,,0.0,,-271662.1405474614,,account=main;type=withdrawal;before=297497.21;after=0.0;ref=128467741,2023-11-27,,,,,,,USDT,USDT,0.913158616
2023-11-27 20:33:00+00:00,okx,151857319,ledger,deposit,USDT,,,297497.21,,,0.0,,271662.1405474614,,account=main;type=deposit;before=0.0;after=297497.21;ref=151857319,2023-11-27,,,,,,,USDT,USDT,0.913158616
2023-11-27 16:05:00+00:00,okx,1539089036,ledger,saving,USDT,,,-40868.38,,,0.0,,-37319.31331896208,,account=main;type=saving_subscribe;before=40868.3803;after=0.0;ref=1539089036,2023-11-27,,,,,,,USDT,USDT,0.913158616
2023-11-27 16:05:00+00:00,okx,694025636,ledger,internal_transfer,USDT,,,40868.3803,,,0.0,,37319.31359290966,,account=main;type=transfer_in_from_trading_account;before=0.0;after=40868.3803;ref=694025636,2023-11-27,,,,,,,USDT,USDT,0.913158616
2023-11-27 16:03:00+00:00,okx,694024277,ledger,internal_transfer,USDT,,,-40868.38,,,0.0,,-37319.31331896208,,account=main;type=transfer_out_trading_account;before=40868.3803;after=0.0;ref=694024277,2023-11-27,,,,,,,USDT,USDT,0.913158616
2023-11-27 15:38:00+00:00,okx,151792895,ledger,deposit,USDT,,,15214.6046,,,0.0,,13893.347279523234,,account=main;type=deposit;before=25653.7757;after=40868.3803;ref=151792895,2023-11-27,,,,,,,USDT,USDT,0.913158616
2023-11-27 15:36:00+00:00,okx,151792604,ledger,deposit,USDT,,,25653.7757,,,0.0,,23425.96631338643,,account=main;type=deposit;before=0.0;after=25653.7757;ref=151792604,2023-11-27,,,,,,,USDT,USDT,0.913158616
2023-11-25 01:25:00+00:00,okx,127492892,ledger,withdrawal,USDT,,,-621477.78,,,0.0,,-569327.3912569366,,account=main;type=withdrawal;before=621477.78;after=0.0;ref=127492892,2023-11-25,,,,,,,USDT,USDT,0.916086479
2023-11-25 01:21:00+00:00,okx,151264466,ledger,deposit,USDT,,,621477.78,,,0.0,,569327.3912569366,,account=main;type=deposit;before=0.0;after=621477.78;ref=151264466,2023-11-25,,,,,,,USDT,USDT,0.916086479
2023-11-24 21:22:00+00:00,okx,127433309,ledger,withdrawal,USDT,,,-1194843.1,,,0.0,,-1094579.608436445,,account=main;type=withdrawal;before=1194843.13;after=0.0;ref=127433309,2023-11-24,,,,,,,USDT,USDT,0.916086479
2023-11-24 21:21:00+00:00,okx,151216813,ledger,deposit,USDT,,,1194843.13,,,0.0,,1094579.6359190391,,account=main;type=deposit;before=0.0;after=1194843.13;ref=151216813,2023-11-24,,,,,,,USDT,USDT,0.916086479
2023-11-22 22:09:00+00:00,okx,126919251,ledger,withdrawal,USDT,,,-126862.63,,,0.0,,-116270.39683859114,,account=main;type=withdrawal;before=126862.63;after=0.0;ref=126919251,2023-11-22,,,,,,,USDT,USDT,0.916506278
2023-11-22 22:05:00+00:00,okx,150775477,ledger,deposit,USDT,,,126862.63,,,0.0,,116270.39683859114,,account=main;type=deposit;before=0.0;after=126862.63;ref=150775477,2023-11-22,,,,,,,USDT,USDT,0.916506278
2023-11-22 17:34:00+00:00,okx,126852486,ledger,withdrawal,USDT,,,-15000.0,,,0.0,,-13747.594169999998,,account=main;type=withdrawal;before=15000.0;after=0.0;ref=126852486,2023-11-22,,,,,,,USDT,USDT,0.916506278
2023-11-22 17:12:00+00:00,okx,150707396,ledger,deposit,USDT,,,15000.0,,,0.0,,13747.594169999998,,account=main;type=deposit;before=0.0;after=15000.0;ref=150707396,2023-11-22,,,,,,,USDT,USDT,0.916506278
2023-11-22 00:51:00+00:00,okx,126657839,ledger,withdrawal,USDT,,,-626103.3,,,0.0,,-573827.6051265174,,account=main;type=withdrawal;before=626103.3;after=0.0;ref=126657839,2023-11-22,,,,,,,USDT,USDT,0.916506278
2023-11-22 00:44:00+00:00,okx,150543636,ledger,deposit,USDT,,,626103.3,,,0.0,,573827.6051265174,,account=main;type=deposit;before=0.0;after=626103.3;ref=150543636,2023-11-22,,,,,,,USDT,USDT,0.916506278
2023-11-21 21:50:00+00:00,okx,126611967,ledger,withdrawal,USDT,,,-793397.21,,,0.0,,-724232.9621373087,,account=main;type=withdrawal;before=793397.21;after=0.0;ref=126611967,2023-11-21,,,,,,,USDT,USDT,0.912825194
2023-11-21 21:48:00+00:00,okx,150500841,ledger,deposit,USDT,,,793397.21,,,0.0,,724232.9621373087,,account=main;type=deposit;before=0.0;after=793397.21;ref=150500841,2023-11-21,,,,,,,USDT,USDT,0.912825194
2023-11-21 21:03:00+00:00,okx,126598949,ledger,withdrawal,USDT,,,-126324.38,,,0.0,,-115312.07668042972,,account=main;type=withdrawal;before=126324.38;after=0.0;ref=126598949,2023-11-21,,,,,,,USDT,USDT,0.912825194
2023-11-21 21:02:00+00:00,okx,150488084,ledger,deposit,USDT,,,126324.38,,,0.0,,115312.07668042972,,account=main;type=deposit;before=0.0;after=126324.38;ref=150488084,2023-11-21,,,,,,,USDT,USDT,0.912825194
2023-11-21 01:29:00+00:00,okx,126380118,ledger,withdrawal,USDT,,,-401636.21,,,0.0,,-366623.65131067473,,account=main;type=withdrawal;before=401636.21;after=0.0;ref=126380118,2023-11-21,,,,,,,USDT,USDT,0.912825194
2023-11-21 01:27:00+00:00,okx,150285258,ledger,deposit,USDT,,,401636.21,,,0.0,,366623.65131067473,,account=main;type=deposit;before=0.0;after=401636.21;ref=150285258,2023-11-21,,,,,,,USDT,USDT,0.912825194
2023-11-20 03:33:00+00:00,okx,1526238933,ledger,saving,USDT,,,-47912.497,,,0.0,,-43843.79300464592,,account=main;type=saving_subscribe;before=47912.4968;after=0.0;ref=1526238933,2023-11-20,,,,,,,USDT,USDT,0.915080527
2023-11-20 03:33:00+00:00,okx,689163310,ledger,internal_transfer,USDT,,,47912.4968,,,0.0,,43843.79282162981,,account=main;type=transfer_in_from_trading_account;before=0.0;after=47912.4968;ref=689163310,2023-11-20,,,,,,,USDT,USDT,0.915080527
2023-11-20 03:31:00+00:00,okx,689162841,ledger,internal_transfer,USDT,,,-31634.649,,,0.0,,-28948.251278380023,,account=main;type=transfer_out_trading_account;before=31634.649;after=0.0;ref=689162841,2023-11-20,,,,,,,USDT,USDT,0.915080527
2023-11-20 03:13:00+00:00,okx,150056489,ledger,deposit,USDT,,,31634.649,,,0.0,,28948.251278380023,,account=main;type=deposit;before=0.0;after=31634.649;ref=150056489,2023-11-20,,,,,,,USDT,USDT,0.915080527
2023-11-17 01:24:00+00:00,okx,125234013,ledger,withdrawal,USDT,,,-406595.21,,,0.0,,-373983.82076250284,,account=main;type=withdrawal;before=406595.21;after=0.0;ref=125234013,2023-11-17,,,,,,,USDT,USDT,0.919793966
2023-11-17 01:21:00+00:00,okx,149374871,ledger,deposit,USDT,,,406595.21,,,0.0,,373983.82076250284,,account=main;type=deposit;before=0.0;after=406595.21;ref=149374871,2023-11-17,,,,,,,USDT,USDT,0.919793966
2023-11-16 18:44:00+00:00,okx,125140765,ledger,withdrawal,USDT,,,-474716.4,,,0.0,,-437566.96491861605,,account=main;type=withdrawal;before=474716.4;after=0.0;ref=125140765,2023-11-16,,,,,,,USDT,USDT,0.92174394
2023-11-16 18:42:00+00:00,okx,149291559,ledger,deposit,USDT,,,474716.4,,,0.0,,437566.96491861605,,account=main;type=deposit;before=0.0;after=474716.4;ref=149291559,2023-11-16,,,,,,,USDT,USDT,0.92174394
2023-11-16 13:20:00+00:00,okx,125071408,ledger,withdrawal,USDT,,,-991.0,,,0.0,,-913.44824454,,account=main;type=withdrawal;before=991.0;after=0.0;ref=125071408,2023-11-16,,,,,,,USDT,USDT,0.92174394
2023-11-16 01:15:00+00:00,okx,686401426,ledger,internal_transfer,USDT,,,-0.068477,,,0.0,,-0.06311825977938,,account=main;type=transfer_out_trading_account;before=991.068477;after=991.0;ref=686401426,2023-11-16,,,,,,,USDT,USDT,0.92174394
2023-11-16 01:03:00+00:00,okx,149150308,ledger,deposit,USDT,,,0.006225,,,0.0,,0.0057378560265,,account=main;type=deposit;before=991.062252;after=991.068477;ref=149150308,2023-11-16,,,,,,,USDT,USDT,0.92174394
2023-11-16 01:02:00+00:00,okx,149150195,ledger,deposit,USDT,,,0.062252,,,0.0,,0.057380403752880005,,account=main;type=deposit;before=991.0;after=991.062252;ref=149150195,2023-11-16,,,,,,,USDT,USDT,0.92174394
2023-11-16 00:43:00+00:00,okx,124967633,ledger,withdrawal,USDT,,,-1576826.0,,,0.0,,-1453429.80993444,,account=main;type=withdrawal;before=1577816.98;after=991.0;ref=124967633,2023-11-16,,,,,,,USDT,USDT,0.92174394
2023-11-16 00:40:00+00:00,okx,149146794,ledger,deposit,USDT,,,1576825.98,,,0.0,,1453429.7914995612,,account=main;type=deposit;before=991.0;after=1577816.98;ref=149146794,2023-11-16,,,,,,,USDT,USDT,0.92174394
2023-11-15 21:56:00+00:00,okx,124928473,ledger,withdrawal,USDT,,,-2621.0,,,0.0,,-2411.667279879,,account=main;type=withdrawal;before=3612.0;after=991.0;ref=124928473,2023-11-15,,,,,,,USDT,USDT,0.920132499
2023-11-15 21:37:00+00:00,okx,124923229,ledger,withdrawal,USDT,,,-11.0,,,0.0,,-10.121457489,,account=main;type=withdrawal;before=3623.0;after=3612.0;ref=124923229,2023-11-15,,,,,,,USDT,USDT,0.920132499
2023-11-15 21:20:00+00:00,okx,124918480,ledger,withdrawal,USDT,,,-18901.0,,,0.0,,-17391.424363599002,,account=main;type=withdrawal;before=22524.0;after=3623.0;ref=124918480,2023-11-15,,,,,,,USDT,USDT,0.920132499
2023-11-15 21:17:00+00:00,okx,149102712,ledger,deposit,USDT,,,22524.0,,,0.0,,20725.064407476002,,account=main;type=deposit;before=0.0;after=22524.0;ref=149102712,2023-11-15,,,,,,,USDT,USDT,0.920132499
2023-11-15 19:40:00+00:00,okx,124892604,ledger,withdrawal,USDT,,,-490584.38,,,0.0,,-451402.6315397656,,account=main;type=withdrawal;before=490584.38;after=0.0;ref=124892604,2023-11-15,,,,,,,USDT,USDT,0.920132499
2023-11-15 19:39:00+00:00,okx,149079300,ledger,deposit,USDT,,,490584.38,,,0.0,,451402.6315397656,,account=main;type=deposit;before=0.0;after=490584.38;ref=149079300,2023-11-15,,,,,,,USDT,USDT,0.920132499
2023-11-15 01:32:00+00:00,okx,124720305,ledger,withdrawal,USDT,,,-684299.21,,,0.0,,-629645.9421610258,,account=main;type=withdrawal;before=684299.205;after=0.0;ref=124720305,2023-11-15,,,,,,,USDT,USDT,0.920132499
2023-11-15 01:31:00+00:00,okx,148925431,ledger,deposit,USDT,,,684299.205,,,0.0,,629645.9375603633,,account=main;type=deposit;before=0.0;after=684299.205;ref=148925431,2023-11-15,,,,,,,USDT,USDT,0.920132499
2023-11-14 20:36:00+00:00,okx,124655619,ledger,withdrawal,USDT,,,-9991.0,,,0.0,,-9316.486389098,,account=main;type=withdrawal;before=9991.0;after=0.0;ref=124655619,2023-11-14,,,,,,,USDT,USDT,0.932487878
2023-11-14 20:06:00+00:00,okx,124648754,ledger,withdrawal,USDT,,,-480666.91,,,0.0,,-448216.066930717,,account=main;type=withdrawal;before=490657.909;after=9991.0;ref=124648754,2023-11-14,,,,,,,USDT,USDT,0.932487878
2023-11-14 20:05:00+00:00,okx,148856716,ledger,deposit,USDT,,,480666.909,,,0.0,,448216.0659982291,,account=main;type=deposit;before=9991.0;after=490657.909;ref=148856716,2023-11-14,,,,,,,USDT,USDT,0.932487878
2023-11-14 19:39:00+00:00,okx,124642176,ledger,withdrawal,USDT,,,-11.0,,,0.0,,-10.257366658,,account=main;type=withdrawal;before=10002.0;after=9991.0;ref=124642176,2023-11-14,,,,,,,USDT,USDT,0.932487878
2023-11-14 17:45:00+00:00,okx,148830055,ledger,deposit,USDT,,,10002.0,,,0.0,,9326.743755756,,account=main;type=deposit;before=0.0;after=10002.0;ref=148830055,2023-11-14,,,,,,,USDT,USDT,0.932487878
2023-11-13 21:26:00+00:00,okx,124434345,ledger,withdrawal,USDT,,,-16701.0,,,0.0,,-15652.296161223,,account=main;type=withdrawal;before=16701.0;after=0.0;ref=124434345,2023-11-13,,,,,,,USDT,USDT,0.937207123
2023-11-13 21:26:00+00:00,okx,684852902,ledger,internal_transfer,USDT,,,16701.0,,,0.0,,15652.296161223,,account=main;type=transfer_in_from_trading_account;before=0.0;after=16701.0;ref=684852902,2023-11-13,,,,,,,USDT,USDT,0.937207123
2023-11-13 20:42:00+00:00,okx,684828210,ledger,internal_transfer,USDT,,,-2079.9629,,,0.0,,-1949.3560454557366,,account=main;type=transfer_out_trading_account;before=2079.96285;after=0.0;ref=684828210,2023-11-13,,,,,,,USDT,USDT,0.937207123
2023-11-13 20:20:00+00:00,okx,124419532,ledger,withdrawal,USDT,,,-475708.17,,,0.0,,-445837.08539329487,,account=main;type=withdrawal;before=477788.132;after=2079.96285;ref=124419532,2023-11-13,,,,,,,USDT,USDT,0.937207123
2023-11-13 20:14:00+00:00,okx,148660441,ledger,deposit,USDT,,,475708.169,,,0.0,,445837.0844560878,,account=main;type=deposit;before=2079.96285;after=477788.132;ref=148660441,2023-11-13,,,,,,,USDT,USDT,0.937207123
2023-11-13 13:51:00+00:00,okx,148594381,ledger,deposit,USDT,,,2079.96285,,,0.0,,1949.3559985953805,,account=main;type=deposit;before=0.0;after=2079.96285;ref=148594381,2023-11-13,,,,,,,USDT,USDT,0.937207123
2023-11-13 13:42:00+00:00,okx,684551567,ledger,internal_transfer,USDT,,,-28977.102,,,0.0,,-27157.546398297545,,account=main;type=transfer_out_trading_account;before=28977.1021;after=0.0;ref=684551567,2023-11-13,,,,,,,USDT,USDT,0.937207123
2023-11-13 13:40:00+00:00,okx,148592697,ledger,deposit,USDT,,,5594.3681,,,0.0,,5243.081632003976,,account=main;type=deposit;before=23382.734;after=28977.1021;ref=148592697,2023-11-13,,,,,,,USDT,USDT,0.937207123
2023-11-13 13:39:00+00:00,okx,148592670,ledger,deposit,USDT,,,10000.0,,,0.0,,9372.07123,,account=main;type=deposit;before=13382.734;after=23382.734;ref=148592670,2023-11-13,,,,,,,USDT,USDT,0.937207123
2023-11-13 13:39:00+00:00,okx,148592578,ledger,deposit,USDT,,,13382.734,,,0.0,,12542.393630014281,,account=main;type=deposit;before=0.0;after=13382.734;ref=148592578,2023-11-13,,,,,,,USDT,USDT,0.937207123
2023-11-13 13:30:00+00:00,okx,684546455,ledger,internal_transfer,USDT,,,-1303.0,,,0.0,,-1221.1808812689999,,account=main;type=transfer_out_trading_account;before=1303.0;after=0.0;ref=684546455,2023-11-13,,,,,,,USDT,USDT,0.937207123
2023-11-13 13:29:00+00:00,okx,1513875340,ledger,saving,USDT,,,1303.0,,,0.0,,1221.1808812689999,,account=main;type=saving_unsubscribe;before=0.0;after=1303.0;ref=1513875340,2023-11-13,,,,,,,USDT,USDT,0.937207123
2023-11-11 01:06:00+00:00,okx,123762783,ledger,withdrawal,USDT,,,-127196.37,,,0.0,,-119064.27970366775,,account=main;type=withdrawal;before=127196.374;after=0.0;ref=123762783,2023-11-11,,,,,,,USDT,USDT,0.936066648
2023-11-11 01:04:00+00:00,okx,148129768,ledger,deposit,USDT,,,127196.374,,,0.0,,119064.28344793434,,account=main;type=deposit;before=0.0;after=127196.374;ref=148129768,2023-11-11,,,,,,,USDT,USDT,0.936066648
2023-11-10 23:12:00+00:00,okx,123741186,ledger,withdrawal,USDT,,,-627222.83,,,0.0,,-587122.3720271738,,account=main;type=withdrawal;before=627222.831;after=0.0;ref=123741186,2023-11-10,,,,,,,USDT,USDT,0.936066648
2023-11-10 23:10:00+00:00,okx,148111648,ledger,deposit,USDT,,,627222.831,,,0.0,,587122.3729632405,,account=main;type=deposit;before=0.0;after=627222.831;ref=148111648,2023-11-10,,,,,,,USDT,USDT,0.936066648
2023-11-10 22:50:00+00:00,okx,123736695,ledger,withdrawal,USDT,,,-1041.0,,,0.0,,-974.4453805679999,,account=main;type=withdrawal;before=1041.0;after=0.0;ref=123736695,2023-11-10,,,,,,,USDT,USDT,0.936066648
2023-11-10 21:12:00+00:00,okx,123713281,ledger,withdrawal,USDT,,,-11.0,,,0.0,,-10.296733128,,account=main;type=withdrawal;before=1052.0;after=1041.0;ref=123713281,2023-11-10,,,,,,,USDT,USDT,0.936066648
2023-11-10 21:10:00+00:00,okx,148085127,ledger,deposit,USDT,,,1052.0,,,0.0,,984.7421136959999,,account=main;type=deposit;before=0.0;after=1052.0;ref=148085127,2023-11-10,,,,,,,USDT,USDT,0.936066648
2023-11-10 01:34:00+00:00,okx,123523553,ledger,withdrawal,USDT,,,-1170234.6,,,0.0,,-1095417.5793956209,,account=main;type=withdrawal;before=1170234.59;after=0.0;ref=123523553,2023-11-10,,,,,,,USDT,USDT,0.936066648
2023-11-10 01:31:00+00:00,okx,147915025,ledger,deposit,USDT,,,1170234.59,,,0.0,,1095417.5700349542,,account=main;type=deposit;before=0.0;after=1170234.59;ref=147915025,2023-11-10,,,,,,,USDT,USDT,0.936066648
2023-11-09 19:11:00+00:00,okx,123427716,ledger,withdrawal,USDT,,,-485625.64,,,0.0,,-454237.80756686546,,account=main;type=withdrawal;before=485625.639;after=0.0;ref=123427716,2023-11-09,,,,,,,USDT,USDT,0.935366196
2023-11-09 19:10:00+00:00,okx,147837032,ledger,deposit,USDT,,,485625.639,,,0.0,,454237.80663149926,,account=main;type=deposit;before=0.0;after=485625.639;ref=147837032,2023-11-09,,,,,,,USDT,USDT,0.935366196
2023-11-08 19:14:00+00:00,okx,123159928,ledger,withdrawal,USDT,,,-485625.62,,,0.0,,-455089.1386483379,,account=main;type=withdrawal;before=485625.619;after=0.0;ref=123159928,2023-11-08,,,,,,,USDT,USDT,0.937119295
2023-11-08 19:11:00+00:00,okx,147612641,ledger,deposit,USDT,,,485625.619,,,0.0,,455089.1377112186,,account=main;type=deposit;before=0.0;after=485625.619;ref=147612641,2023-11-08,,,,,,,USDT,USDT,0.937119295
2023-11-08 00:14:00+00:00,okx,122988833,ledger,withdrawal,USDT,,,-1041347.2,,,0.0,,-975866.553914224,,account=main;type=withdrawal;before=1041347.21;after=0.0;ref=122988833,2023-11-08,,,,,,,USDT,USDT,0.937119295
2023-11-08 00:12:00+00:00,okx,147473481,ledger,deposit,USDT,,,1041347.21,,,0.0,,975866.5632854169,,account=main;type=deposit;before=0.0;after=1041347.21;ref=147473481,2023-11-08,,,,,,,USDT,USDT,0.937119295
2023-11-07 21:34:00+00:00,okx,122955527,ledger,withdrawal,USDT,,,-347087.21,,,0.0,,-324805.5494862818,,account=main;type=withdrawal;before=347087.205;after=0.0;ref=122955527,2023-11-07,,,,,,,USDT,USDT,0.935803856
2023-11-07 21:33:00+00:00,okx,147441968,ledger,deposit,USDT,,,347087.205,,,0.0,,324805.5448072625,,account=main;type=deposit;before=0.0;after=347087.205;ref=147441968,2023-11-07,,,,,,,USDT,USDT,0.935803856
2023-11-07 20:37:00+00:00,okx,122941056,ledger,withdrawal,USDT,,,-475708.14,,,0.0,,-445169.5117425879,,account=main;type=withdrawal;before=475708.139;after=0.0;ref=122941056,2023-11-07,,,,,,,USDT,USDT,0.935803856
2023-11-07 20:32:00+00:00,okx,147429182,ledger,deposit,USDT,,,475708.139,,,0.0,,445169.51080678403,,account=main;type=deposit;before=0.0;after=475708.139;ref=147429182,2023-11-07,,,,,,,USDT,USDT,0.935803856
2023-11-06 21:14:00+00:00,okx,122721306,ledger,withdrawal,USDT,,,-263802.83,,,0.0,,-245603.60300198832,,account=main;type=withdrawal;before=263802.827;after=0.0;ref=122721306,2023-11-06,,,,,,,USDT,USDT,0.93101201
2023-11-06 21:12:00+00:00,okx,147235715,ledger,deposit,USDT,,,263802.827,,,0.0,,245603.60020895227,,account=main;type=deposit;before=0.0;after=263802.827;ref=147235715,2023-11-06,,,,,,,USDT,USDT,0.93101201
2023-11-06 20:17:00+00:00,okx,122707630,ledger,withdrawal,USDT,,,-32549.29,,,0.0,,-30303.7799069729,,account=main;type=withdrawal;before=32549.29;after=0.0;ref=122707630,2023-11-06,,,,,,,USDT,USDT,0.93101201
2023-11-06 20:15:00+00:00,okx,122707142,ledger,withdrawal,USDT,,,-24.0,,,0.0,,-22.34428824,,account=main;type=withdrawal;before=32573.29;after=32549.29;ref=122707142,2023-11-06,,,,,,,USDT,USDT,0.93101201
2023-11-06 20:10:00+00:00,okx,122706002,ledger,withdrawal,USDT,,,-485958.5,,,0.0,,-452433.199861585,,account=main;type=withdrawal;before=518531.79;after=32573.29;ref=122706002,2023-11-06,,,,,,,USDT,USDT,0.93101201
2023-11-06 20:07:00+00:00,okx,147222156,ledger,deposit,USDT,,,485958.5,,,0.0,,452433.199861585,,account=main;type=deposit;before=32573.29;after=518531.79;ref=147222156,2023-11-06,,,,,,,USDT,USDT,0.93101201
2023-11-06 17:12:00+00:00,okx,147190472,ledger,deposit,USDT,,,32473.29,,,0.0,,30233.0229942129,,account=main;type=deposit;before=100.0;after=32573.29;ref=147190472,2023-11-06,,,,,,,USDT,USDT,0.93101201
2023-11-06 17:10:00+00:00,okx,147189947,ledger,deposit,USDT,,,100.0,,,0.0,,93.101201,,account=main;type=deposit;before=0.0;after=100.0;ref=147189947,2023-11-06,,,,,,,USDT,USDT,0.93101201
2023-11-06 02:19:00+00:00,okx,679864557,ledger,internal_transfer,USDT,,,-618.71434,,,0.0,,-576.0304812992234,,account=main;type=transfer_out_trading_account;before=618.71434;after=0.0;ref=679864557,2023-11-06,,,,,,,USDT,USDT,0.93101201
2023-11-06 02:15:00+00:00,okx,122536246,ledger,withdrawal,USDT,,,-914.95,,,0.0,,-851.8294385495001,,account=main;type=withdrawal;before=1533.66434;after=618.71434;ref=122536246,2023-11-06,,,,,,,USDT,USDT,0.93101201
2023-11-05 19:41:00+00:00,okx,147030247,ledger,deposit,USDT,,,1533.66434,,,0.0,,1433.0632963462026,,account=main;type=deposit;before=0.0;after=1533.66434;ref=147030247,2023-11-05,,,,,,,USDT,USDT,0.934404784
2023-11-05 16:08:00+00:00,okx,1492997565,ledger,saving,USDT,,,-58717.991,,,0.0,,-54866.37169726895,,account=main;type=saving_subscribe;before=58717.9906;after=0.0;ref=1492997565,2023-11-05,,,,,,,USDT,USDT,0.934404784
2023-11-05 16:08:00+00:00,okx,679615141,ledger,internal_transfer,USDT,,,58717.9906,,,0.0,,54866.37132350703,,account=main;type=transfer_in_from_trading_account;before=0.0;after=58717.9906;ref=679615141,2023-11-05,,,,,,,USDT,USDT,0.934404784
2023-11-04 01:15:00+00:00,okx,122013070,ledger,withdrawal,USDT,,,-1429577.0,,,0.0,,-1335803.587896368,,account=main;type=withdrawal;before=1429576.99;after=0.0;ref=122013070,2023-11-04,,,,,,,USDT,USDT,0.934404784
2023-11-04 01:11:00+00:00,okx,146720464,ledger,deposit,USDT,,,1429576.99,,,0.0,,1335803.5785523201,,account=main;type=deposit;before=0.0;after=1429576.99;ref=146720464,2023-11-04,,,,,,,USDT,USDT,0.934404784
2023-11-03 20:44:00+00:00,okx,121951292,ledger,withdrawal,USDT,,,-474736.81,,,0.0,,-443596.3464048991,,account=main;type=withdrawal;before=474736.81;after=0.0;ref=121951292,2023-11-03,,,,,,,USDT,USDT,0.934404784
2023-11-03 20:35:00+00:00,okx,121949014,ledger,withdrawal,USDT,,,-21.0,,,0.0,,-19.622500464,,account=main;type=withdrawal;before=474757.81;after=474736.81;ref=121949014,2023-11-03,,,,,,,USDT,USDT,0.934404784
2023-11-03 20:32:00+00:00,okx,146670157,ledger,deposit,USDT,,,474757.81,,,0.0,,443615.96890536306,,account=main;type=deposit;before=0.0;after=474757.81;ref=146670157,2023-11-03,,,,,,,USDT,USDT,0.934404784
2023-11-03 00:57:00+00:00,okx,121763326,ledger,withdrawal,USDT,,,-242948.21,,,0.0,,-227011.96968823666,,account=main;type=withdrawal;before=242948.205;after=0.0;ref=121763326,2023-11-03,,,,,,,USDT,USDT,0.934404784
2023-11-03 00:46:00+00:00,okx,146518321,ledger,deposit,USDT,,,242948.205,,,0.0,,227011.96501621272,,account=main;type=deposit;before=0.0;after=242948.205;ref=146518321,2023-11-03,,,,,,,USDT,USDT,0.934404784
2023-11-02 23:21:00+00:00,okx,121746116,ledger,withdrawal,USDT,,,-254219.34,,,0.0,,-238457.31179775405,,account=main;type=withdrawal;before=254219.342;after=0.0;ref=121746116,2023-11-02,,,,,,,USDT,USDT,0.937998312
2023-11-02 23:17:00+00:00,okx,146503975,ledger,deposit,USDT,,,254219.342,,,0.0,,238457.3136737507,,account=main;type=deposit;before=0.0;after=254219.342;ref=146503975,2023-11-02,,,,,,,USDT,USDT,0.937998312
2023-11-02 13:37:00+00:00,okx,121633877,ledger,withdrawal,ETH,,,-0.0813983,,,0.0,,-140.981628935008,,account=main;type=withdrawal;before=0.08139829;after=5e-09;ref=121633877,2023-11-02,,,,,,,ETH,ETH,1731.9972153596325
2023-11-02 13:36:00+00:00,okx,677926779,ledger,internal_transfer,ETH,,,0.08139828,,,0.0,,140.98159429506367,,account=main;type=transfer_in_from_trading_account;before=5e-09;after=0.08139829;ref=677926779,2023-11-02,,,,,,,ETH,ETH,1731.9972153596325
2023-11-02 12:47:00+00:00,okx,677905763,ledger,internal_transfer,USDT,,,-34764.888,,,0.0,,-32609.406260869055,,account=main;type=transfer_out_trading_account;before=34764.8883;after=0.0;ref=677905763,2023-11-02,,,,,,,USDT,USDT,0.937998312
2023-11-02 12:47:00+00:00,okx,146385630,ledger,deposit,USDT,,,34764.8883,,,0.0,,32609.406542268545,,account=main;type=deposit;before=0.0;after=34764.8883;ref=146385630,2023-11-02,,,,,,,USDT,USDT,0.937998312
2023-11-01 02:26:00+00:00,okx,121343901,ledger,withdrawal,USDT,,,-13.82,,,0.0,,-13.115687580960001,,account=main;type=withdrawal;before=13.82;after=0.0;ref=121343901,2023-11-01,,,,,,,USDT,USDT,0.949036728
2023-11-01 02:26:00+00:00,okx,677146546,ledger,internal_transfer,USDT,,,13.82,,,0.0,,13.115687580960001,,account=main;type=transfer_in_from_trading_account;before=0.0;after=13.82;ref=677146546,2023-11-01,,,,,,,USDT,USDT,0.949036728
2023-11-01 02:22:00+00:00,okx,677144972,ledger,internal_transfer,USDT,,,-24116.922,,,0.0,,-22887.844744311216,,account=main;type=transfer_out_trading_account;before=24116.9216;after=0.0;ref=677144972,2023-11-01,,,,,,,USDT,USDT,0.949036728
2023-11-01 02:13:00+00:00,okx,146118292,ledger,deposit,USDT,,,2666.7791,,,0.0,,2530.871311362785,,account=main;type=deposit;before=21450.1425;after=24116.9216;ref=146118292,2023-11-01,,,,,,,USDT,USDT,0.949036728
2023-11-01 02:09:00+00:00,okx,146117885,ledger,deposit,USDT,,,21450.1425,,,0.0,,20356.973053333742,,account=main;type=deposit;before=0.0;after=21450.1425;ref=146117885,2023-11-01,,,,,,,USDT,USDT,0.949036728
2023-11-01 01:01:00+00:00,okx,121331442,ledger,withdrawal,USDT,,,-694217.21,,,0.0,,-658837.6294996889,,account=main;type=withdrawal;before=694217.205;after=0.0;ref=121331442,2023-11-01,,,,,,,USDT,USDT,0.949036728
2023-11-01 00:56:00+00:00,okx,146105623,ledger,deposit,USDT,,,694217.205,,,0.0,,658837.6247545052,,account=main;type=deposit;before=0.0;after=694217.205;ref=146105623,2023-11-01,,,,,,,USDT,USDT,0.949036728
2023-10-28 22:21:00+00:00,okx,1470289017,ledger,saving,USDT,,,-39026.293,,,0.0,,-37023.33079773863,,account=main;type=saving_subscribe;before=39026.293;after=0.0;ref=1470289017,2023-10-28,,,,,,,USDT,USDT,0.948676596
2023-10-28 22:13:00+00:00,okx,145524166,ledger,deposit,USDT,,,39026.293,,,0.0,,37023.33079773863,,account=main;type=deposit;before=0.0;after=39026.293;ref=145524166,2023-10-28,,,,,,,USDT,USDT,0.948676596
2023-10-27 23:56:00+00:00,okx,120463144,ledger,withdrawal,USDT,,,-743807.21,,,0.0,,-705632.4920630571,,account=main;type=withdrawal;before=743807.205;after=0.0;ref=120463144,2023-10-27,,,,,,,USDT,USDT,0.948676596
2023-10-27 23:55:00+00:00,okx,145355912,ledger,deposit,USDT,,,743807.205,,,0.0,,705632.4873196741,,account=main;type=deposit;before=0.0;after=743807.205;ref=145355912,2023-10-27,,,,,,,USDT,USDT,0.948676596
2023-10-27 22:28:00+00:00,okx,120446236,ledger,withdrawal,USDT,,,-125821.18,,,0.0,,-119363.60874710327,,account=main;type=withdrawal;before=125821.18;after=0.0;ref=120446236,2023-10-27,,,,,,,USDT,USDT,0.948676596
2023-10-27 22:27:00+00:00,okx,145340510,ledger,deposit,USDT,,,125821.18,,,0.0,,119363.60874710327,,account=main;type=deposit;before=0.0;after=125821.18;ref=145340510,2023-10-27,,,,,,,USDT,USDT,0.948676596
2023-10-26 23:54:00+00:00,okx,120252746,ledger,withdrawal,USDT,,,-878523.44,,,0.0,,-833513.6998246743,,account=main;type=withdrawal;before=878523.437;after=0.0;ref=120252746,2023-10-26,,,,,,,USDT,USDT,0.948766603
2023-10-26 23:48:00+00:00,okx,145163291,ledger,deposit,USDT,,,878523.437,,,0.0,,833513.6969783746,,account=main;type=deposit;before=0.0;after=878523.437;ref=145163291,2023-10-26,,,,,,,USDT,USDT,0.948766603
2023-10-26 00:39:00+00:00,okx,673853349,ledger,internal_transfer,USDT,,,59087.4597,,,0.0,,56060.2084194684,,account=main;type=transfer_in_from_trading_account;before=0.0;after=59087.4597;ref=673853349,2023-10-26,,,,,,,USDT,USDT,0.948766603
2023-10-26 00:39:00+00:00,okx,1461039519,ledger,saving,USDT,,,-59087.46,,,0.0,,-56060.20870409838,,account=main;type=saving_subscribe;before=59087.4597;after=0.0;ref=1461039519,2023-10-26,,,,,,,USDT,USDT,0.948766603
2023-10-26 00:38:00+00:00,okx,673853204,ledger,internal_transfer,USDT,,,-6129.5272,,,0.0,,-5815.4906995401025,,account=main;type=transfer_out_trading_account;before=6129.5272;after=0.0;ref=673853204,2023-10-26,,,,,,,USDT,USDT,0.948766603
2023-10-26 00:38:00+00:00,okx,144964611,ledger,deposit,USDT,,,6129.5272,,,0.0,,5815.4906995401025,,account=main;type=deposit;before=0.0;after=6129.5272;ref=144964611,2023-10-26,,,,,,,USDT,USDT,0.948766603
2023-10-26 00:38:00+00:00,okx,673852929,ledger,internal_transfer,USDT,,,-35363.645,,,0.0,,-33551.845336347935,,account=main;type=transfer_out_trading_account;before=35363.6446;after=0.0;ref=673852929,2023-10-26,,,,,,,USDT,USDT,0.948766603
2023-10-26 00:37:00+00:00,okx,144964527,ledger,deposit,USDT,,,35363.6446,,,0.0,,33551.8449568413,,account=main;type=deposit;before=0.0;after=35363.6446;ref=144964527,2023-10-26,,,,,,,USDT,USDT,0.948766603
2023-10-25 23:09:00+00:00,okx,120030390,ledger,withdrawal,USDT,,,-842987.21,,,0.0,,-797075.6523759386,,account=main;type=withdrawal;before=842987.205;after=0.0;ref=120030390,2023-10-25,,,,,,,USDT,USDT,0.945537065
2023-10-25 23:07:00+00:00,okx,144949285,ledger,deposit,USDT,,,842987.205,,,0.0,,797075.6476482532,,account=main;type=deposit;before=0.0;after=842987.205;ref=144949285,2023-10-25,,,,,,,USDT,USDT,0.945537065
2023-10-24 23:34:00+00:00,okx,119827445,ledger,withdrawal,TRX,,,-213.82416,,,0.0,,-18.546136611758932,,account=main;type=withdrawal;before=213.82416;after=5.64e-07;ref=119827445,2023-10-24,,,,,,,TRX,TRX,0.0867354587608759
2023-10-24 23:18:00+00:00,okx,23348203,ledger,other,TRX,,,213.82416,,,0.0,,18.546136611758932,,account=main;type=exchange;before=0.0;after=213.82416;ref=23348203,2023-10-24,,,,,,,TRX,TRX,0.0867354587608759
2023-10-24 23:18:00+00:00,okx,23348204,ledger,other,USDT,,,-20.0,,,0.0,,-18.8111362,,account=main;type=exchange;before=20.0;after=0.0;ref=23348204,2023-10-24,,,,,,,USDT,USDT,0.94055681
2023-10-24 23:17:00+00:00,okx,144744535,ledger,deposit,USDT,,,20.0,,,0.0,,18.8111362,,account=main;type=deposit;before=0.0;after=20.0;ref=144744535,2023-10-24,,,,,,,USDT,USDT,0.94055681
2023-10-24 17:15:00+00:00,okx,119747708,ledger,withdrawal,USDT,,,-475781.23,,,0.0,,-447499.27594667627,,account=main;type=withdrawal;before=475781.229;after=0.0;ref=119747708,2023-10-24,,,,,,,USDT,USDT,0.94055681
2023-10-24 17:12:00+00:00,okx,144666303,ledger,deposit,USDT,,,475781.229,,,0.0,,447499.2750061195,,account=main;type=deposit;before=0.0;after=475781.229;ref=144666303,2023-10-24,,,,,,,USDT,USDT,0.94055681
2023-10-24 14:24:00+00:00,okx,672893157,ledger,internal_transfer,USDT,,,130058.232,,,0.0,,122327.15580415992,,account=main;type=transfer_in_from_trading_account;before=69941.7679;after=200000.0;ref=672893157,2023-10-24,,,,,,,USDT,USDT,0.94055681
2023-10-24 14:24:00+00:00,okx,1457779987,ledger,saving,USDT,,,-200000.0,,,0.0,,-188111.362,,account=main;type=saving_subscribe;before=200000.0;after=0.0;ref=1457779987,2023-10-24,,,,,,,USDT,USDT,0.94055681
2023-10-24 14:22:00+00:00,okx,144634316,ledger,deposit,USDT,,,69941.7679,,,0.0,,65784.20610178441,,account=main;type=deposit;before=0.0;after=69941.7679;ref=144634316,2023-10-24,,,,,,,USDT,USDT,0.94055681
2023-10-23 14:59:00+00:00,okx,672248648,ledger,internal_transfer,USDT,,,-8647.423,,,0.0,,-8160.2557333233235,,account=main;type=transfer_out_trading_account;before=8647.423;after=0.0;ref=672248648,2023-10-23,,,,,,,USDT,USDT,0.943663301
2023-10-23 14:50:00+00:00,okx,144417211,ledger,deposit,USDT,,,8647.423,,,0.0,,8160.2557333233235,,account=main;type=deposit;before=0.0;after=8647.423;ref=144417211,2023-10-23,,,,,,,USDT,USDT,0.943663301
2023-10-19 23:53:00+00:00,okx,118789138,ledger,withdrawal,USDT,,,-744001.03,,,0.0,,-704679.8918275534,,account=main;type=withdrawal;before=744001.034;after=0.0;ref=118789138,2023-10-19,,,,,,,USDT,USDT,0.947149081
2023-10-19 23:51:00+00:00,okx,143746540,ledger,deposit,USDT,,,744001.034,,,0.0,,704679.8956161496,,account=main;type=deposit;before=0.0;after=744001.034;ref=143746540,2023-10-19,,,,,,,USDT,USDT,0.947149081
2023-10-18 23:15:00+00:00,okx,118573839,ledger,withdrawal,USDT,,,-842562.23,,,0.0,,-797503.2935874986,,account=main;type=withdrawal;before=842562.229;after=0.0;ref=118573839,2023-10-18,,,,,,,USDT,USDT,0.946521533
2023-10-18 23:14:00+00:00,okx,143549741,ledger,deposit,USDT,,,842557.229,,,0.0,,797498.5600333121,,account=main;type=deposit;before=5.0;after=842562.229;ref=143549741,2023-10-18,,,,,,,USDT,USDT,0.946521533
2023-10-18 19:02:00+00:00,okx,118521798,ledger,withdrawal,USDT,,,-758301.73,,,0.0,,-717748.915956152,,account=main;type=withdrawal;before=758306.729;after=5.0;ref=118521798,2023-10-18,,,,,,,USDT,USDT,0.946521533
2023-10-18 18:58:00+00:00,okx,143499997,ledger,deposit,USDT,,,758301.729,,,0.0,,717748.9150096306,,account=main;type=deposit;before=5.0;after=758306.729;ref=143499997,2023-10-18,,,,,,,USDT,USDT,0.946521533
2023-10-17 03:15:00+00:00,okx,118181869,ledger,withdrawal,USDT,,,-743432.23,,,0.0,,-703408.2980106168,,account=main;type=withdrawal;before=743437.229;after=5.0;ref=118181869,2023-10-17,,,,,,,USDT,USDT,0.946163308
2023-10-17 03:11:00+00:00,okx,143191446,ledger,deposit,USDT,,,743437.229,,,0.0,,703413.0278809936,,account=main;type=deposit;before=0.0;after=743437.229;ref=143191446,2023-10-17,,,,,,,USDT,USDT,0.946163308
2023-10-16 15:15:00+00:00,okx,666012331,ledger,internal_transfer,USDT,,,-80773.097,,,0.0,,-76649.3613429639,,account=main;type=transfer_out_trading_account;before=80773.0968;after=0.0;ref=666012331,2023-10-16,,,,,,,USDT,USDT,0.948946669
2023-10-16 14:14:00+00:00,okx,143058629,ledger,deposit,USDT,,,80770.9968,,,0.0,,76647.36836516965,,account=main;type=deposit;before=2.1;after=80773.0968;ref=143058629,2023-10-16,,,,,,,USDT,USDT,0.948946669
2023-10-15 20:52:00+00:00,okx,663253827,ledger,internal_transfer,ETH,,,5e-09,,,0.0,,7.390042797177418e-06,,account=main;type=transfer_in_from_trading_account;before=0.0;after=5e-09;ref=663253827,2023-10-15,,,,,,,ETH,ETH,1478.0085594354837
2023-10-14 01:20:00+00:00,okx,117575330,ledger,withdrawal,USDT,,,-391516.9,,,0.0,,-372022.9000418774,,account=main;type=withdrawal;before=391519.0;after=2.1;ref=117575330,2023-10-14,,,,,,,USDT,USDT,0.950209046
2023-10-14 01:17:00+00:00,okx,142625386,ledger,deposit,USDT,,,391472.0,,,0.0,,371980.235655712,,account=main;type=deposit;before=47.0;after=391519.0;ref=142625386,2023-10-14,,,,,,,USDT,USDT,0.950209046
2023-10-14 01:14:00+00:00,okx,142625034,ledger,deposit,USDT,,,47.0,,,0.0,,44.659825162,,account=main;type=deposit;before=0.0;after=47.0;ref=142625034,2023-10-14,,,,,,,USDT,USDT,0.950209046
2023-10-13 01:52:00+00:00,okx,117378018,ledger,withdrawal,USDT,,,-792987.23,,,0.0,,-753503.6393084825,,account=main;type=withdrawal;before=792987.229;after=0.0;ref=117378018,2023-10-13,,,,,,,USDT,USDT,0.950209046
2023-10-13 01:49:00+00:00,okx,142440944,ledger,deposit,USDT,,,792877.049,,,0.0,,753398.9443255853,,account=main;type=deposit;before=110.18;after=792987.229;ref=142440944,2023-10-13,,,,,,,USDT,USDT,0.950209046
2023-10-13 01:45:00+00:00,okx,142440495,ledger,deposit,USDT,,,7.0,,,0.0,,6.651463322,,account=main;type=deposit;before=103.18;after=110.18;ref=142440495,2023-10-13,,,,,,,USDT,USDT,0.950209046
2023-10-13 01:25:00+00:00,okx,142438375,ledger,deposit,USDT,,,97.0,,,0.0,,92.170277462,,account=main;type=deposit;before=6.18;after=103.18;ref=142438375,2023-10-13,,,,,,,USDT,USDT,0.950209046
2023-10-13 01:22:00+00:00,okx,117374011,ledger,withdrawal,USDT,,,-13.82,,,0.0,,-13.13188901572,,account=main;type=withdrawal;before=20.0;after=6.18;ref=117374011,2023-10-13,,,,,,,USDT,USDT,0.950209046
2023-10-13 01:21:00+00:00,okx,142437933,ledger,deposit,USDT,,,20.0,,,0.0,,19.00418092,,account=main;type=deposit;before=0.0;after=20.0;ref=142437933,2023-10-13,,,,,,,USDT,USDT,0.950209046
2023-10-09 02:29:00+00:00,okx,650475157,ledger,internal_transfer,USDT,,,-48962.994,,,0.0,,-46494.154399329374,,account=main;type=transfer_out_trading_account;before=48962.9941;after=0.0;ref=650475157,2023-10-09,,,,,,,USDT,USDT,0.949577438
2023-10-09 02:29:00+00:00,okx,141656756,ledger,deposit,USDT,,,48962.9941,,,0.0,,46494.15449428712,,account=main;type=deposit;before=0.0;after=48962.9941;ref=141656756,2023-10-09,,,,,,,USDT,USDT,0.949577438
2023-10-04 19:33:00+00:00,okx,115731524,ledger,withdrawal,USDT,,,-3901.0,,,0.0,,-3716.2998952390003,,account=main;type=withdrawal;before=3901.0;after=0.0;ref=115731524,2023-10-04,,,,,,,USDT,USDT,0.952653139
2023-10-04 19:33:00+00:00,okx,648935924,ledger,internal_transfer,USDT,,,3901.0,,,0.0,,3716.2998952390003,,account=main;type=transfer_in_from_trading_account;before=0.0;after=3901.0;ref=648935924,2023-10-04,,,,,,,USDT,USDT,0.952653139
2023-10-04 19:20:00+00:00,okx,648932505,ledger,internal_transfer,USDT,,,-3186.5811,,,0.0,,-3035.706487593073,,account=main;type=transfer_out_trading_account;before=3186.5811;after=0.0;ref=648932505,2023-10-04,,,,,,,USDT,USDT,0.952653139
2023-10-04 19:20:00+00:00,okx,140854709,ledger,deposit,USDT,,,3186.5811,,,0.0,,3035.706487593073,,account=main;type=deposit;before=0.0;after=3186.5811;ref=140854709,2023-10-04,,,,,,,USDT,USDT,0.952653139
2023-10-04 19:11:00+00:00,okx,140853306,ledger,deposit,USDT,,,950.192612,,,0.0,,905.2039744764091,,account=main;type=deposit;before=0.0;after=950.192612;ref=140853306,2023-10-04,,,,,,,USDT,USDT,0.952653139
2023-10-04 19:11:00+00:00,okx,648930401,ledger,internal_transfer,USDT,,,-950.19261,,,0.0,,-905.2039725711028,,account=main;type=transfer_out_trading_account;before=950.192612;after=0.0;ref=648930401,2023-10-04,,,,,,,USDT,USDT,0.952653139
2023-10-04 17:41:00+00:00,okx,115708863,ledger,withdrawal,USDT,,,-299993.82,,,0.0,,-285790.054303601,,account=main;type=withdrawal;before=299993.82;after=0.0;ref=115708863,2023-10-04,,,,,,,USDT,USDT,0.952653139
2023-10-04 17:41:00+00:00,okx,648904466,ledger,internal_transfer,USDT,,,299993.82,,,0.0,,285790.054303601,,account=main;type=transfer_in_from_trading_account;before=0.0;after=299993.82;ref=648904466,2023-10-04,,,,,,,USDT,USDT,0.952653139
2023-10-04 17:03:00+00:00,okx,648893166,ledger,internal_transfer,USDT,,,-17477.204,,,0.0,,-16649.71325154336,,account=main;type=transfer_out_trading_account;before=17477.2042;after=0.0;ref=648893166,2023-10-04,,,,,,,USDT,USDT,0.952653139
2023-10-04 17:03:00+00:00,okx,140831176,ledger,deposit,USDT,,,17477.2042,,,0.0,,16649.713442073986,,account=main;type=deposit;before=0.0;after=17477.2042;ref=140831176,2023-10-04,,,,,,,USDT,USDT,0.952653139
2023-10-03 14:42:00+00:00,okx,115475200,ledger,withdrawal,USDT,,,-13251.0,,,0.0,,-12657.36937857,,account=main;type=withdrawal;before=13251.0;after=0.0;ref=115475200,2023-10-03,,,,,,,USDT,USDT,0.95520107
2023-10-03 14:41:00+00:00,okx,648454388,ledger,internal_transfer,USDT,,,1.0,,,0.0,,0.95520107,,account=main;type=transfer_in_from_trading_account;before=13250.0;after=13251.0;ref=648454388,2023-10-03,,,,,,,USDT,USDT,0.95520107
2023-10-03 14:40:00+00:00,okx,648453836,ledger,internal_transfer,USDT,,,3250.0,,,0.0,,3104.4034775,,account=main;type=transfer_in_from_trading_account;before=10000.0;after=13250.0;ref=648453836,2023-10-03,,,,,,,USDT,USDT,0.95520107
2023-10-03 14:31:00+00:00,okx,140621395,ledger,deposit,USDT,,,9990.0,,,0.0,,9542.4586893,,account=main;type=deposit;before=10.0;after=10000.0;ref=140621395,2023-10-03,,,,,,,USDT,USDT,0.95520107
2023-10-03 14:28:00+00:00,okx,140620896,ledger,deposit,USDT,,,10.0,,,0.0,,9.5520107,,account=main;type=deposit;before=0.0;after=10.0;ref=140620896,2023-10-03,,,,,,,USDT,USDT,0.95520107
2023-10-03 02:54:00+00:00,okx,648284672,ledger,internal_transfer,USDT,,,-18220.067,,,0.0,,-17403.82749387169,,account=main;type=transfer_out_trading_account;before=18220.0669;after=0.0;ref=648284672,2023-10-03,,,,,,,USDT,USDT,0.95520107
2023-10-03 02:54:00+00:00,okx,140559552,ledger,deposit,USDT,,,18220.0669,,,0.0,,17403.827398351583,,account=main;type=deposit;before=0.0;after=18220.0669;ref=140559552,2023-10-03,,,,,,,USDT,USDT,0.95520107
2023-10-01 21:41:00+00:00,okx,647780244,ledger,internal_transfer,USDT,,,-60145.552,,,0.0,,-56773.222596065905,,account=main;type=transfer_out_trading_account;before=60145.5521;after=0.0;ref=647780244,2023-10-01,,,,,,,USDT,USDT,0.943930527
2023-10-01 21:41:00+00:00,okx,140339069,ledger,deposit,USDT,,,60145.5521,,,0.0,,56773.222690458955,,account=main;type=deposit;before=0.0;after=60145.5521;ref=140339069,2023-10-01,,,,,,,USDT,USDT,0.943930527
2023-09-28 02:16:00+00:00,okx,646271048,ledger,internal_transfer,USDT,,,-25594.983,,,0.0,,-24285.969263097326,,account=main;type=transfer_out_trading_account;before=25594.9831;after=0.0;ref=646271048,2023-09-28,,,,,,,USDT,USDT,0.948856628
2023-09-28 02:16:00+00:00,okx,139649147,ledger,deposit,USDT,,,25594.9831,,,0.0,,24285.969357982987,,account=main;type=deposit;before=0.0;after=25594.9831;ref=139649147,2023-09-28,,,,,,,USDT,USDT,0.948856628
2023-09-28 02:14:00+00:00,okx,139648936,ledger,deposit,USDT,,,5.0,,,0.0,,4.74428314,,account=main;type=deposit;before=0.0;after=5.0;ref=139648936,2023-09-28,,,,,,,USDT,USDT,0.948856628
2023-09-28 02:14:00+00:00,okx,646270515,ledger,internal_transfer,USDT,,,-5.0,,,0.0,,-4.74428314,,account=main;type=transfer_out_trading_account;before=5.0;after=0.0;ref=646270515,2023-09-28,,,,,,,USDT,USDT,0.948856628
2023-09-28 02:08:00+00:00,okx,114331761,ledger,withdrawal,USDT,,,-13.82,,,0.0,,-13.11319859896,,account=main;type=withdrawal;before=13.82;after=0.0;ref=114331761,2023-09-28,,,,,,,USDT,USDT,0.948856628
2023-09-28 02:07:00+00:00,okx,646268337,ledger,internal_transfer,USDT,,,13.82,,,0.0,,13.11319859896,,account=main;type=transfer_in_from_trading_account;before=0.0;after=13.82;ref=646268337,2023-09-28,,,,,,,USDT,USDT,0.948856628
2023-09-28 02:00:00+00:00,okx,139648806,ledger,deposit,USDT,,,15135.3015,,,0.0,,14361.231145053342,,account=main;type=deposit;before=0.0;after=15135.3015;ref=139648806,2023-09-28,,,,,,,USDT,USDT,0.948856628
2023-09-28 02:00:00+00:00,okx,646266036,ledger,internal_transfer,USDT,,,-15135.302,,,0.0,,-14361.231619481656,,account=main;type=transfer_out_trading_account;before=15135.3015;after=0.0;ref=646266036,2023-09-28,,,,,,,USDT,USDT,0.948856628
2023-09-27 20:29:00+00:00,okx,646138641,ledger,internal_transfer,USDT,,,-100300.0,,,0.0,,-95197.4183409,,account=main;type=transfer_out_trading_account;before=100300.0;after=0.0;ref=646138641,2023-09-27,,,,,,,USDT,USDT,0.949126803
2023-09-27 20:29:00+00:00,okx,139590031,ledger,deposit,USDT,,,100300.0,,,0.0,,95197.4183409,,account=main;type=deposit;before=0.0;after=100300.0;ref=139590031,2023-09-27,,,,,,,USDT,USDT,0.949126803
2023-09-25 23:13:00+00:00,okx,645351255,ledger,internal_transfer,USDT,,,-5337.3459,,,0.0,,-5019.604907964303,,account=main;type=transfer_out_trading_account;before=5337.3459;after=0.0;ref=645351255,2023-09-25,,,,,,,USDT,USDT,0.940468353
2023-09-25 23:13:00+00:00,okx,139207279,ledger,deposit,USDT,,,5337.3459,,,0.0,,5019.604907964303,,account=main;type=deposit;before=0.0;after=5337.3459;ref=139207279,2023-09-25,,,,,,,USDT,USDT,0.940468353
2023-09-14 14:26:00+00:00,okx,136977650,ledger,deposit,USDT,,,473.664585,,,0.0,,441.43950129950866,,account=main;type=deposit;before=0.0;after=473.664585;ref=136977650,2023-09-14,,,,,,,USDT,USDT,0.931966449
2023-09-14 14:26:00+00:00,okx,637633423,ledger,internal_transfer,USDT,,,-473.66459,,,0.0,,-441.4395059593409,,account=main;type=transfer_out_trading_account;before=473.664585;after=0.0;ref=637633423,2023-09-14,,,,,,,USDT,USDT,0.931966449
2023-09-12 04:34:00+00:00,okx,136521229,ledger,deposit,USDT,,,3003.87272,,,0.0,,2803.9510134642337,,account=main;type=deposit;before=0.0;after=3003.87272;ref=136521229,2023-09-12,,,,,,,USDT,USDT,0.933445347
2023-09-12 04:34:00+00:00,okx,636716074,ledger,internal_transfer,USDT,,,-3003.8727,,,0.0,,-2803.950994795327,,account=main;type=transfer_out_trading_account;before=3003.87272;after=0.0;ref=636716074,2023-09-12,,,,,,,USDT,USDT,0.933445347
2023-09-11 22:28:00+00:00,okx,110799602,ledger,withdrawal,ETH,,,-0.0633516,,,0.0,,-95.55234753096585,,account=main;type=withdrawal;before=0.06335158;after=0.0;ref=110799602,2023-09-11,,,,,,,ETH,ETH,1508.286255295302
2023-09-11 22:28:00+00:00,okx,636596821,ledger,internal_transfer,ETH,,,0.06335158,,,0.0,,95.55231736524075,,account=main;type=transfer_in_from_trading_account;before=0.0;after=0.06335158;ref=636596821,2023-09-11,,,,,,,ETH,ETH,1508.286255295302
2023-09-11 22:23:00+00:00,okx,636594183,ledger,internal_transfer,USDC,,,29.97,,,0.0,,27.94666170366,,account=main;type=transfer_in_from_trading_account;before=0.0;after=29.97;ref=636594183,2023-09-11,,,,,,,USDC,USDC,0.932487878
2023-09-11 22:23:00+00:00,okx,110798410,ledger,withdrawal,USDC,,,-29.97,,,0.0,,-27.94666170366,,account=main;type=withdrawal;before=29.97;after=0.0;ref=110798410,2023-09-11,,,,,,,USDC,USDC,0.932487878
2023-09-11 15:20:00+00:00,okx,636446711,ledger,internal_transfer,USDT,,,-49130.132,,,0.0,,-45813.2525345399,,account=main;type=transfer_out_trading_account;before=49130.1319;after=0.0;ref=636446711,2023-09-11,,,,,,,USDT,USDT,0.932487878
2023-09-11 15:20:00+00:00,okx,136383337,ledger,deposit,USDT,,,49130.1319,,,0.0,,45813.25244129111,,account=main;type=deposit;before=0.0;after=49130.1319;ref=136383337,2023-09-11,,,,,,,USDT,USDT,0.932487878
2023-08-21 21:41:00+00:00,okx,105110062,ledger,withdrawal,USDT,,,-22903.816,,,0.0,,-20997.264404536887,,account=main;type=withdrawal;before=22903.8162;after=0.0;ref=105110062,2023-08-21,,,,,,,USDT,USDT,0.916758343
2023-08-21 21:40:00+00:00,okx,628948703,ledger,internal_transfer,USDT,,,22903.8162,,,0.0,,20997.26458788856,,account=main;type=transfer_in_from_trading_account;before=0.0;after=22903.8162;ref=628948703,2023-08-21,,,,,,,USDT,USDT,0.916758343
2023-08-19 04:09:00+00:00,okx,104542194,ledger,withdrawal,USDT,,,-53.816186,,,0.0,,-49.522578434929805,,account=main;type=withdrawal;before=53.8161864;after=0.0;ref=104542194,2023-08-19,,,,,,,USDT,USDT,0.920217171
2023-08-19 04:09:00+00:00,okx,627954765,ledger,internal_transfer,USDT,,,53.8161864,,,0.0,,49.52257880301667,,account=main;type=transfer_in_from_trading_account;before=0.0;after=53.8161864;ref=627954765,2023-08-19,,,,,,,USDT,USDT,0.920217171
2023-08-18 01:19:00+00:00,okx,131190281,ledger,deposit,USDT,,,8134.9782,,,0.0,,7485.946625350672,,account=main;type=deposit;before=0.0;after=8134.9782;ref=131190281,2023-08-18,,,,,,,USDT,USDT,0.920217171
2023-08-18 01:19:00+00:00,okx,627344448,ledger,internal_transfer,USDT,,,-8134.9782,,,0.0,,-7485.946625350672,,account=main;type=transfer_out_trading_account;before=8134.9782;after=0.0;ref=627344448,2023-08-18,,,,,,,USDT,USDT,0.920217171
2023-08-18 01:16:00+00:00,okx,627343412,ledger,internal_transfer,USDT,,,-9.0,,,0.0,,-8.281954539000001,,account=main;type=transfer_out_trading_account;before=9.0;after=0.0;ref=627343412,2023-08-18,,,,,,,USDT,USDT,0.920217171
2023-08-18 01:16:00+00:00,okx,131189850,ledger,deposit,USDT,,,9.0,,,0.0,,8.281954539000001,,account=main;type=deposit;before=0.0;after=9.0;ref=131189850,2023-08-18,,,,,,,USDT,USDT,0.920217171
2023-08-17 19:30:00+00:00,okx,104206025,ledger,withdrawal,USDT,,,-14731.0,,,0.0,,-13514.678904082999,,account=main;type=withdrawal;before=14731.0;after=0.0;ref=104206025,2023-08-17,,,,,,,USDT,USDT,0.917431193
2023-08-17 19:30:00+00:00,okx,627183446,ledger,internal_transfer,USDT,,,14731.0,,,0.0,,13514.678904082999,,account=main;type=transfer_in_from_trading_account;before=0.0;after=14731.0;ref=627183446,2023-08-17,,,,,,,USDT,USDT,0.917431193
2023-08-17 19:25:00+00:00,okx,104204767,ledger,withdrawal,USDT,,,-21.0,,,0.0,,-19.266055053,,account=main;type=withdrawal;before=21.0;after=0.0;ref=104204767,2023-08-17,,,,,,,USDT,USDT,0.917431193
2023-08-17 19:25:00+00:00,okx,627181421,ledger,internal_transfer,USDT,,,21.0,,,0.0,,19.266055053,,account=main;type=transfer_in_from_trading_account;before=0.0;after=21.0;ref=627181421,2023-08-17,,,,,,,USDT,USDT,0.917431193
2023-08-17 19:16:00+00:00,okx,627178003,ledger,internal_transfer,USDT,,,-18393.441,,,0.0,,-16874.716520005113,,account=main;type=transfer_out_trading_account;before=18393.4405;after=0.0;ref=627178003,2023-08-17,,,,,,,USDT,USDT,0.917431193
2023-08-17 18:33:00+00:00,okx,131102516,ledger,deposit,USDT,,,18393.4405,,,0.0,,16874.716061289517,,account=main;type=deposit;before=0.0;after=18393.4405;ref=131102516,2023-08-17,,,,,,,USDT,USDT,0.917431193
2023-08-17 17:59:00+00:00,okx,627149919,ledger,internal_transfer,USDT,,,-10000.0,,,0.0,,-9174.31193,,account=main;type=transfer_out_trading_account;before=10000.0;after=0.0;ref=627149919,2023-08-17,,,,,,,USDT,USDT,0.917431193
2023-08-17 17:50:00+00:00,okx,131094596,ledger,deposit,USDT,,,9990.0,,,0.0,,9165.137618069999,,account=main;type=deposit;before=10.0;after=10000.0;ref=131094596,2023-08-17,,,,,,,USDT,USDT,0.917431193
2023-08-17 17:45:00+00:00,okx,131093726,ledger,deposit,USDT,,,10.0,,,0.0,,9.17431193,,account=main;type=deposit;before=0.0;after=10.0;ref=131093726,2023-08-17,,,,,,,USDT,USDT,0.917431193
2023-08-14 20:04:00+00:00,okx,103511510,ledger,withdrawal,USDT,,,-76443.816,,,0.0,,-69939.44737284473,,account=main;type=withdrawal;before=76443.8162;after=0.0;ref=103511510,2023-08-14,,,,,,,USDT,USDT,0.914913083
2023-08-14 20:04:00+00:00,okx,625607853,ledger,internal_transfer,USDT,,,76443.8162,,,0.0,,69939.44755582734,,account=main;type=transfer_in_from_trading_account;before=0.0;after=76443.8162;ref=625607853,2023-08-14,,,,,,,USDT,USDT,0.914913083
2023-08-13 22:35:00+00:00,okx,103301783,ledger,withdrawal,USDT,,,-8.3261864,,,0.0,,-7.5665089079740655,,account=main;type=withdrawal;before=8.3261864;after=0.0;ref=103301783,2023-08-13,,,,,,,USDT,USDT,0.908760451
2023-08-13 22:35:00+00:00,okx,625124105,ledger,internal_transfer,USDT,,,8.3261864,,,0.0,,7.5665089079740655,,account=main;type=transfer_in_from_trading_account;before=0.0;after=8.3261864;ref=625124105,2023-08-13,,,,,,,USDT,USDT,0.908760451
2023-08-13 22:31:00+00:00,okx,625122924,ledger,internal_transfer,USDT,,,-12751.339,,,0.0,,-11587.912580493889,,account=main;type=transfer_out_trading_account;before=12751.3386;after=0.0;ref=625122924,2023-08-13,,,,,,,USDT,USDT,0.908760451
2023-08-13 22:24:00+00:00,okx,130297302,ledger,deposit,USDT,,,12751.3386,,,0.0,,11587.912216989707,,account=main;type=deposit;before=0.0;after=12751.3386;ref=130297302,2023-08-13,,,,,,,USDT,USDT,0.908760451
2023-08-13 22:24:00+00:00,okx,625121021,ledger,internal_transfer,USDT,,,-10.0,,,0.0,,-9.08760451,,account=main;type=transfer_out_trading_account;before=10.0;after=0.0;ref=625121021,2023-08-13,,,,,,,USDT,USDT,0.908760451
2023-08-13 22:19:00+00:00,okx,130296197,ledger,deposit,USDT,,,82451.7847,,,0.0,,74928.92104972691,,account=main;type=deposit;before=10.0;after=82461.7847;ref=130296197,2023-08-13,,,,,,,USDT,USDT,0.908760451
2023-08-13 22:19:00+00:00,okx,625119805,ledger,internal_transfer,USDT,,,-82451.785,,,0.0,,-74928.92132235505,,account=main;type=transfer_out_trading_account;before=82461.7847;after=10.0;ref=625119805,2023-08-13,,,,,,,USDT,USDT,0.908760451
2023-08-13 22:15:00+00:00,okx,130295187,ledger,deposit,USDT,,,10.0,,,0.0,,9.08760451,,account=main;type=deposit;before=10.0;after=20.0;ref=130295187,2023-08-13,,,,,,,USDT,USDT,0.908760451
2023-08-13 22:15:00+00:00,okx,625118658,ledger,internal_transfer,USDT,,,-10.0,,,0.0,,-9.08760451,,account=main;type=transfer_out_trading_account;before=20.0;after=10.0;ref=625118658,2023-08-13,,,,,,,USDT,USDT,0.908760451
2023-08-10 18:38:00+00:00,okx,129619577,ledger,deposit,USDT,,,10.0,,,0.0,,9.07523369,,account=main;type=deposit;before=0.0;after=10.0;ref=129619577,2023-08-10,,,,,,,USDT,USDT,0.907523369
2024-07-24 20:11:00+00:00,okx,902149477,ledger,internal_transfer,DCR,,,6.8e-09,,,0.0,,7.65791238343311e-08,,account=sub;type=transfer_in_from_trading_account;before=0.0;after=6.8e-09;ref=902149477,2024-07-24,,,,,,,DCR,DCR,11.261635857989868
2024-06-20 15:57:00+00:00,okx,100907198,ledger,internal_transfer,ZETA,,,-1031.475,,,0.0,,-805.6128249960516,,account=sub;type=Transfer_to_main_account;before=1031.475005;after=0.0;ref=100907198,2024-06-20,,,,,,,ZETA,ZETA,0.7810299086221689
2024-06-20 15:57:00+00:00,okx,100907185,ledger,internal_transfer,STX,,,-962.32718,,,0.0,,-1465.4826141138733,,account=sub;type=Transfer_to_main_account;before=962.3271838;after=0.0;ref=100907185,2024-06-20,,,,,,,STX,STX,1.5228527724987184
2024-06-20 15:57:00+00:00,okx,100907163,ledger,internal_transfer,DOGE,,,-18058.968,,,0.0,,-2058.9395514196553,,account=sub;type=Transfer_to_main_account;before=18058.96806;after=0.0;ref=100907163,2024-06-20,,,,,,,DOGE,DOGE,0.1140120272332093
2024-06-20 15:56:00+00:00,okx,100907129,ledger,internal_transfer,FTM,,,-4121.5158,,,0.0,,-2067.2965166880854,,account=sub;type=Transfer_to_main_account;before=4121.515751;after=0.0;ref=100907129,2024-06-20,,,,,,,FTM,FTM,0.501586459207092
2024-06-20 15:56:00+00:00,okx,100907114,ledger,internal_transfer,PYTH,,,-12525.062,,,0.0,,-3638.2808126679924,,account=sub;type=Transfer_to_main_account;before=12525.06234;after=0.0;ref=100907114,2024-06-20,,,,,,,PYTH,PYTH,0.2904800641041132
2024-06-20 15:56:00+00:00,okx,100907102,ledger,internal_transfer,FET,,,-3655.4933,,,0.0,,-5082.19925845507,,account=sub;type=Transfer_to_main_account;before=3655.493339;after=0.0;ref=100907102,2024-06-20,,,,,,,FET,FET,1.3902909515536712
2024-06-20 15:55:00+00:00,okx,100906980,ledger,internal_transfer,INJ,,,-143.86286,,,0.0,,-2836.6248461323275,,account=sub;type=Transfer_to_main_account;before=143.8628558;after=0.0;ref=100906980,2024-06-20,,,,,,,INJ,INJ,19.717561892849393
2024-06-20 15:55:00+00:00,okx,100906955,ledger,internal_transfer,AVAX,,,-250.18614,,,0.0,,-6292.371796437268,,account=sub;type=Transfer_to_main_account;before=250.1861424;after=0.0;ref=100906955,2024-06-20,,,,,,,AVAX,AVAX,25.15076093518717
2024-06-20 15:55:00+00:00,okx,100906936,ledger,internal_transfer,PEPE,,,-420000000.0,,,0.0,,-4451.200409881556,,account=sub;type=Transfer_to_main_account;before=420000000.0;after=0.0;ref=100906936,2024-06-20,,,,,,,PEPE,PEPE,1.0598096214003704e-05
2024-05-31 20:17:00+00:00,okx,861885302,ledger,internal_transfer,USDT,,,20039.88,,,0.0,,18466.53150634488,,account=sub;type=transfer_in_from_trading_account;before=0.0;after=20039.88;ref=861885302,2024-05-31,,,,,,,USDT,USDT,0.921489126
2024-05-31 20:17:00+00:00,okx,97933464,ledger,internal_transfer,USDT,,,-20039.88,,,0.0,,-18466.53150634488,,account=sub;type=Transfer_to_main_account;before=20039.88;after=0.0;ref=97933464,2024-05-31,,,,,,,USDT,USDT,0.921489126
2024-05-31 20:16:00+00:00,okx,861884363,ledger,internal_transfer,TON,,,-6.2451183,,,0.0,,-37.25614423911063,,account=sub;type=transfer_out_trading_account;before=6.24511828;after=0.0;ref=861884363,2024-05-31,,,,,,,TON,TON,5.965642674712925
2024-05-29 20:39:00+00:00,okx,97656845,ledger,internal_transfer,USDT,,,-131197.55,,,0.0,,-120841.43872256004,,account=sub;type=Transfer_to_main_account;before=131197.545;after=0.0;ref=97656845,2024-05-29,,,,,,,USDT,USDT,0.921064751
2024-05-29 20:36:00+00:00,okx,1707480927,ledger,saving,USDT,,,131197.545,,,0.0,,120841.4341172363,,account=sub;type=saving_unsubscribe;before=9.94e-09;after=131197.545;ref=1707480927,2024-05-29,,,,,,,USDT,USDT,0.921064751
2024-05-29 04:56:00+00:00,okx,1706875814,ledger,saving,USDT,,,-16650.0,,,0.0,,-15335.72810415,,account=sub;type=saving_subscribe;before=16650.0;after=9.94e-09;ref=1706875814,2024-05-29,,,,,,,USDT,USDT,0.921064751
2024-05-29 04:56:00+00:00,okx,859840465,ledger,internal_transfer,USDT,,,16650.0,,,0.0,,15335.72810415,,account=sub;type=transfer_in_from_trading_account;before=0.0;after=16650.0;ref=859840465,2024-05-29,,,,,,,USDT,USDT,0.921064751
2024-05-29 04:51:00+00:00,okx,859838203,ledger,internal_transfer,USDT,,,-36650.0,,,0.0,,-33757.02312415,,account=sub;type=transfer_out_trading_account;before=36650.0;after=0.0;ref=859838203,2024-05-29,,,,,,,USDT,USDT,0.921064751
2024-05-29 04:50:00+00:00,okx,1706874702,ledger,saving,USDT,,,36650.0,,,0.0,,33757.02312415,,account=sub;type=saving_unsubscribe;before=9.11e-09;after=36650.0;ref=1706874702,2024-05-29,,,,,,,USDT,USDT,0.921064751
2024-05-29 04:42:00+00:00,okx,1706873112,ledger,saving,USDT,,,-151172.6,,,0.0,,-139239.7531770226,,account=sub;type=saving_subscribe;before=151172.597;after=9.11e-09;ref=1706873112,2024-05-29,,,,,,,USDT,USDT,0.921064751
2024-05-29 04:19:00+00:00,okx,97552043,ledger,internal_transfer,BCH,,,-49.99878,,,0.0,,-21638.77740015269,,account=sub;type=Transfer_to_main_account;before=49.9987802;after=0.0;ref=97552043,2024-05-29,,,,,,,BCH,BCH,432.78610798408863
2024-05-29 04:19:00+00:00,okx,859826350,ledger,internal_transfer,BCH,,,49.9987802,,,0.0,,21638.77748670991,,account=sub;type=transfer_in_from_trading_account;before=0.0;after=49.9987802;ref=859826350,2024-05-29,,,,,,,BCH,BCH,432.78610798408863
2024-05-29 00:06:00+00:00,okx,97526209,ledger,internal_transfer,USDT,,,110001.0,,,0.0,,101318.043674751,,account=sub;type=Transfer_from_main_account;before=41171.5972;after=151172.597;ref=97526209,2024-05-29,,,,,,,USDT,USDT,0.921064751
2024-05-28 23:58:00+00:00,okx,97524720,ledger,internal_transfer,USDT,,,-447463.78,,,0.0,,-411196.2692197529,,account=sub;type=Transfer_to_main_account;before=488635.377;after=41171.5972;ref=97524720,2024-05-28,,,,,,,USDT,USDT,0.918948723
2024-05-28 23:57:00+00:00,okx,859688896,ledger,internal_transfer,USDT,,,96490.0001,,,0.0,,88669.36237416488,,account=sub;type=transfer_in_from_trading_account;before=392145.377;after=488635.377;ref=859688896,2024-05-28,,,,,,,USDT,USDT,0.918948723
2024-05-28 23:56:00+00:00,okx,1706775123,ledger,saving,USDT,,,381879.863,,,0.0,,350928.01244326495,,account=sub;type=saving_unsubscribe;before=10265.5139;after=392145.377;ref=1706775123,2024-05-28,,,,,,,USDT,USDT,0.918948723
2024-05-28 20:24:00+00:00,okx,97497862,ledger,internal_transfer,USDT,,,-240001.0,,,0.0,,-220548.612468723,,account=sub;type=Transfer_to_main_account;before=250266.514;after=10265.5139;ref=97497862,2024-05-28,,,,,,,USDT,USDT,0.918948723
2024-05-28 20:18:00+00:00,okx,203736008,ledger,deposit,USDT,,,120000.0,,,0.0,,110273.84676,,account=sub;type=deposit;before=250266.514;after=370266.514;ref=203736008,2024-05-28,,,,,,,USDT,USDT,0.918948723
2024-05-28 20:18:00+00:00,okx,859504121,ledger,internal_transfer,USDT,,,-120000.0,,,0.0,,-110273.84676,,account=sub;type=transfer_out_trading_account;before=370266.514;after=250266.514;ref=859504121,2024-05-28,,,,,,,USDT,USDT,0.918948723
2024-05-28 20:17:00+00:00,okx,859503935,ledger,internal_transfer,USDT,,,130265.514,,,0.0,,119707.32774123861,,account=sub;type=transfer_in_from_trading_account;before=120001.0;after=250266.514;ref=859503935,2024-05-28,,,,,,,USDT,USDT,0.918948723
2024-05-28 20:17:00+00:00,okx,1706637217,ledger,saving,USDT,,,120001.0,,,0.0,,110274.76570872299,,account=sub;type=saving_unsubscribe;before=0.0;after=120001.0;ref=1706637217,2024-05-28,,,,,,,USDT,USDT,0.918948723
2024-05-28 19:16:00+00:00,okx,859426808,ledger,internal_transfer,ETH,,,-32.33,,,0.0,,-115671.16966545979,,account=sub;type=transfer_out_trading_account;before=32.33;after=0.0;ref=859426808,2024-05-28,,,,,,,ETH,ETH,3577.827703849669
2024-05-28 19:16:00+00:00,okx,203717873,ledger,deposit,ETH,,,32.33,,,0.0,,115671.16966545979,,account=sub;type=deposit;before=0.0;after=32.33;ref=203717873,2024-05-28,,,,,,,ETH,ETH,3577.827703849669
2024-05-28 19:09:00+00:00,okx,203716153,ledger,deposit,ETH,,,1.0,,,0.0,,3577.827703849669,,account=sub;type=deposit;before=0.0;after=1.0;ref=203716153,2024-05-28,,,,,,,ETH,ETH,3577.827703849669
2024-05-28 19:09:00+00:00,okx,859417683,ledger,internal_transfer,ETH,,,-1.0,,,0.0,,-3577.827703849669,,account=sub;type=transfer_out_trading_account;before=1.0;after=0.0;ref=859417683,2024-05-28,,,,,,,ETH,ETH,3577.827703849669
2024-05-28 17:07:00+00:00,okx,97472983,ledger,internal_transfer,USDT,,,-499101.0,,,0.0,,-458648.226598023,,account=sub;type=Transfer_to_main_account;before=499101.0;after=0.0;ref=97472983,2024-05-28,,,,,,,USDT,USDT,0.918948723
2024-05-28 17:05:00+00:00,okx,1706512462,ledger,saving,USDT,,,499101.0,,,0.0,,458648.226598023,,account=sub;type=saving_unsubscribe;before=0.0;after=499101.0;ref=1706512462,2024-05-28,,,,,,,USDT,USDT,0.918948723
2024-05-28 01:39:00+00:00,okx,1705945298,ledger,saving,USDT,,,-640000.0,,,0.0,,-588127.1827199999,,account=sub;type=saving_subscribe;before=640000.0;after=0.0;ref=1705945298,2024-05-28,,,,,,,USDT,USDT,0.918948723
2024-05-28 01:39:00+00:00,okx,858736002,ledger,internal_transfer,USDT,,,640000.0,,,0.0,,588127.1827199999,,account=sub;type=transfer_in_from_trading_account;before=0.0;after=640000.0;ref=858736002,2024-05-28,,,,,,,USDT,USDT,0.918948723
2024-05-28 00:39:00+00:00,okx,858695693,ledger,internal_transfer,USDT,,,-640000.0,,,0.0,,-588127.1827199999,,account=sub;type=transfer_out_trading_account;before=640000.0;after=0.0;ref=858695693,2024-05-28,,,,,,,USDT,USDT,0.918948723
2024-05-28 00:39:00+00:00,okx,203519409,ledger,deposit,USDT,,,640000.0,,,0.0,,588127.1827199999,,account=sub;type=deposit;before=0.0;after=640000.0;ref=203519409,2024-05-28,,,,,,,USDT,USDT,0.918948723
2024-05-25 03:58:00+00:00,okx,1703539528,ledger,saving,USDT,,,-355000.0,,,0.0,,-327490.774875,,account=sub;type=saving_subscribe;before=355000.0;after=0.0;ref=1703539528,2024-05-25,,,,,,,USDT,USDT,0.922509225
2024-05-25 03:58:00+00:00,okx,856471810,ledger,internal_transfer,USDT,,,355000.0,,,0.0,,327490.774875,,account=sub;type=transfer_in_from_trading_account;before=0.0;after=355000.0;ref=856471810,2024-05-25,,,,,,,USDT,USDT,0.922509225
2024-05-25 03:36:00+00:00,okx,202743501,ledger,deposit,USDT,,,355000.0,,,0.0,,327490.774875,,account=sub;type=deposit;before=0.0;after=355000.0;ref=202743501,2024-05-25,,,,,,,USDT,USDT,0.922509225
2024-05-25 03:36:00+00:00,okx,856463899,ledger,internal_transfer,USDT,,,-355000.0,,,0.0,,-327490.774875,,account=sub;type=transfer_out_trading_account;before=355000.0;after=0.0;ref=856463899,2024-05-25,,,,,,,USDT,USDT,0.922509225
2024-05-24 23:21:00+00:00,okx,96940283,ledger,internal_transfer,BTC,,,-0.1829275,,,0.0,,-11459.372636296795,,account=sub;type=Transfer_to_main_account;before=0.18292753;after=0.0;ref=96940283,2024-05-24,,,,,,,BTC,BTC,62644.34071583986
2024-05-24 23:21:00+00:00,okx,856316567,ledger,internal_transfer,BTC,,,0.18292753,,,0.0,,11459.374515627018,,account=sub;type=transfer_in_from_trading_account;before=0.0;after=0.18292753;ref=856316567,2024-05-24,,,,,,,BTC,BTC,62644.34071583986
2024-05-24 23:19:00+00:00,okx,856315345,ledger,internal_transfer,USDT,,,-12495.0,,,0.0,,-11526.752766375,,account=sub;type=transfer_out_trading_account;before=12495.0;after=0.0;ref=856315345,2024-05-24,,,,,,,USDT,USDT,0.922509225
2024-05-24 23:19:00+00:00,okx,1703421769,ledger,saving,USDT,,,12495.0,,,0.0,,11526.752766375,,account=sub;type=saving_unsubscribe;before=0.0;after=12495.0;ref=1703421769,2024-05-24,,,,,,,USDT,USDT,0.922509225
2024-05-24 21:09:00+00:00,okx,96924488,ledger,internal_transfer,USDT,,,-35000.0,,,0.0,,-32287.822874999998,,account=sub;type=Transfer_to_main_account;before=35000.0;after=0.0;ref=96924488,2024-05-24,,,,,,,USDT,USDT,0.922509225
2024-05-24 21:08:00+00:00,okx,1703332107,ledger,saving,USDT,,,35000.0,,,0.0,,32287.822874999998,,account=sub;type=saving_unsubscribe;before=0.0;after=35000.0;ref=1703332107,2024-05-24,,,,,,,USDT,USDT,0.922509225
2024-05-23 18:28:00+00:00,okx,96734514,ledger,internal_transfer,USDT,,,-502000.0,,,0.0,,-462502.303158,,account=sub;type=Transfer_to_main_account;before=502000.0;after=0.0;ref=96734514,2024-05-23,,,,,,,USDT,USDT,0.921319329
2024-05-23 18:27:00+00:00,okx,1702261036,ledger,saving,USDT,,,502000.0,,,0.0,,462502.303158,,account=sub;type=saving_unsubscribe;before=0.0;after=502000.0;ref=1702261036,2024-05-23,,,,,,,USDT,USDT,0.921319329
2024-05-22 23:52:00+00:00,okx,96628713,ledger,internal_transfer,USDT,,,-36552.0,,,0.0,,-33750.692514768,,account=sub;type=Transfer_to_main_account;before=36552.0;after=0.0;ref=96628713,2024-05-22,,,,,,,USDT,USDT,0.923361034
2024-05-22 23:52:00+00:00,okx,854710871,ledger,internal_transfer,USDT,,,36552.0,,,0.0,,33750.692514768,,account=sub;type=transfer_in_from_trading_account;before=0.0;after=36552.0;ref=854710871,2024-05-22,,,,,,,USDT,USDT,0.923361034
2024-05-22 23:38:00+00:00,okx,202123504,ledger,deposit,USDT,,,36542.0,,,0.0,,33741.458904428,,account=sub;type=deposit;before=0.0;after=36542.0;ref=202123504,2024-05-22,,,,,,,USDT,USDT,0.923361034
2024-05-22 23:38:00+00:00,okx,854699580,ledger,internal_transfer,USDT,,,-36542.0,,,0.0,,-33741.458904428,,account=sub;type=transfer_out_trading_account;before=36542.0;after=0.0;ref=854699580,2024-05-22,,,,,,,USDT,USDT,0.923361034
2024-05-22 23:28:00+00:00,okx,854693008,ledger,internal_transfer,USDT,,,-10.0,,,0.0,,-9.23361034,,account=sub;type=transfer_out_trading_account;before=10.0;after=0.0;ref=854693008,2024-05-22,,,,,,,USDT,USDT,0.923361034
2024-05-22 23:28:00+00:00,okx,202120992,ledger,deposit,USDT,,,10.0,,,0.0,,9.23361034,,account=sub;type=deposit;before=0.0;after=10.0;ref=202120992,2024-05-22,,,,,,,USDT,USDT,0.923361034
2024-05-22 23:10:00+00:00,okx,854681150,ledger,internal_transfer,USDT,,,555000.0,,,0.0,,512465.37387,,account=sub;type=transfer_in_from_trading_account;before=0.0;after=555000.0;ref=854681150,2024-05-22,,,,,,,USDT,USDT,0.923361034
2024-05-22 23:10:00+00:00,okx,1701586745,ledger,saving,USDT,,,-555000.0,,,0.0,,-512465.37387,,account=sub;type=saving_subscribe;before=555000.0;after=0.0;ref=1701586745,2024-05-22,,,,,,,USDT,USDT,0.923361034
2024-05-22 23:08:00+00:00,okx,202115599,ledger,deposit,USDT,,,555000.0,,,0.0,,512465.37387,,account=sub;type=deposit;before=0.0;after=555000.0;ref=202115599,2024-05-22,,,,,,,USDT,USDT,0.923361034
2024-05-22 23:08:00+00:00,okx,854679972,ledger,internal_transfer,USDT,,,-555000.0,,,0.0,,-512465.37387,,account=sub;type=transfer_out_trading_account;before=555000.0;after=0.0;ref=854679972,2024-05-22,,,,,,,USDT,USDT,0.923361034
2024-05-14 22:51:00+00:00,okx,95389427,ledger,internal_transfer,USDT,,,-6617.3492,,,0.0,,-6129.445353343958,,account=sub;type=Transfer_to_main_account;before=6617.34917;after=0.0;ref=95389427,2024-05-14,,,,,,,USDT,USDT,0.926268989
2024-05-14 22:51:00+00:00,okx,847480981,ledger,internal_transfer,USDT,,,6617.34917,,,0.0,,6129.445325555889,,account=sub;type=transfer_in_from_trading_account;before=0.0;after=6617.34917;ref=847480981,2024-05-14,,,,,,,USDT,USDT,0.926268989
2024-05-13 19:37:00+00:00,okx,199453518,ledger,deposit,BTC,,,0.105,,,0.0,,5982.622205861144,,account=sub;type=deposit;before=0.0;after=0.105;ref=199453518,2024-05-13,,,,,,,BTC,BTC,56977.3543415347
2024-05-13 19:37:00+00:00,okx,846596367,ledger,internal_transfer,BTC,,,-0.105,,,0.0,,-5982.622205861144,,account=sub;type=transfer_out_trading_account;before=0.105;after=0.0;ref=846596367,2024-05-13,,,,,,,BTC,BTC,56977.3543415347
2024-05-07 23:53:00+00:00,okx,842522100,ledger,internal_transfer,USDT,,,957.114556,,,0.0,,889.0159357382228,,account=sub;type=transfer_in_from_trading_account;before=0.0;after=957.114556;ref=842522100,2024-05-07,,,,,,,USDT,USDT,0.928850084
2024-05-07 23:53:00+00:00,okx,94342876,ledger,internal_transfer,USDT,,,-957.11456,,,0.0,,-889.015939453623,,account=sub;type=Transfer_to_main_account;before=957.114556;after=0.0;ref=94342876,2024-05-07,,,,,,,USDT,USDT,0.928850084
2024-05-07 19:29:00+00:00,okx,842360670,ledger,internal_transfer,ETH,,,100.000133,,,0.0,,284654.97648134484,,account=sub;type=transfer_in_from_trading_account;before=0.0;after=100.000133;ref=842360670,2024-05-07,,,,,,,ETH,ETH,2846.545978907296
2024-05-07 19:29:00+00:00,okx,94312677,ledger,internal_transfer,ETH,,,-100.00013,,,0.0,,-284654.9679417069,,account=sub;type=Transfer_to_main_account;before=100.000133;after=0.0;ref=94312677,2024-05-07,,,,,,,ETH,ETH,2846.545978907296
2024-05-06 12:41:00+00:00,okx,841329399,ledger,internal_transfer,USDT,,,-313157.0,,,0.0,,-290605.976321154,,account=sub;type=transfer_out_trading_account;before=313157.0;after=0.0;ref=841329399,2024-05-06,,,,,,,USDT,USDT,0.927988122
2024-05-06 12:41:00+00:00,okx,197394090,ledger,deposit,USDT,,,313157.0,,,0.0,,290605.976321154,,account=sub;type=deposit;before=0.0;after=313157.0;ref=197394090,2024-05-06,,,,,,,USDT,USDT,0.927988122
2024-05-02 22:36:00+00:00,okx,838881603,ledger,internal_transfer,USDT,,,147308.716,,,0.0,,137697.43508525853,,account=sub;type=transfer_in_from_trading_account;before=0.0;after=147308.716;ref=838881603,2024-05-02,,,,,,,USDT,USDT,0.93475416
2024-05-02 22:36:00+00:00,okx,93584036,ledger,internal_transfer,USDT,,,-147308.72,,,0.0,,-137697.4388242752,,account=sub;type=Transfer_to_main_account;before=147308.716;after=0.0;ref=93584036,2024-05-02,,,,,,,USDT,USDT,0.93475416
2024-05-02 22:35:00+00:00,okx,838881121,ledger,internal_transfer,USDT,,,-0.2442376,,,0.0,,-0.228302112628416,,account=sub;type=transfer_out_trading_account;before=0.24423761;after=0.0;ref=838881121,2024-05-02,,,,,,,USDT,USDT,0.93475416
2024-05-02 22:31:00+00:00,okx,1684003330,ledger,saving,USDT,,,0.24423761,,,0.0,,0.2283021219759576,,account=sub;type=saving_unsubscribe;before=0.0;after=0.24423761;ref=1684003330,2024-05-02,,,,,,,USDT,USDT,0.93475416
2024-05-02 22:08:00+00:00,okx,196520964,ledger,deposit,ETH,,,9.56,,,0.0,,26595.085431221032,,account=sub;type=deposit;before=0.0;after=9.56;ref=196520964,2024-05-02,,,,,,,ETH,ETH,2781.912702010568
2024-05-02 22:08:00+00:00,okx,838863375,ledger,internal_transfer,ETH,,,-9.56,,,0.0,,-26595.085431221032,,account=sub;type=transfer_out_trading_account;before=9.56;after=0.0;ref=838863375,2024-05-02,,,,,,,ETH,ETH,2781.912702010568
2024-05-02 15:57:00+00:00,okx,838635092,ledger,internal_transfer,BCH,,,-200.52516,,,0.0,,-79496.69162468278,,account=sub;type=transfer_out_trading_account;before=200.52516;after=0.0;ref=838635092,2024-05-02,,,,,,,BCH,BCH,396.4424794608456
2024-05-02 15:55:00+00:00,okx,1683753678,ledger,saving,BCH,,,200.52516,,,0.0,,79496.69162468278,,account=sub;type=saving_unsubscribe;before=0.0;after=200.52516;ref=1683753678,2024-05-02,,,,,,,BCH,BCH,396.4424794608456
2024-04-24 17:34:00+00:00,okx,832089927,ledger,internal_transfer,BCH,,,50.066375,,,0.0,,23689.110325685193,,account=sub;type=transfer_in_from_trading_account;before=0.0;after=50.066375;ref=832089927,2024-04-24,,,,,,,BCH,BCH,473.1540944533171
2024-04-24 17:34:00+00:00,okx,1675899300,ledger,saving,BCH,,,-50.066375,,,0.0,,-23689.110325685193,,account=sub;type=saving_subscribe;before=50.066375;after=0.0;ref=1675899300,2024-04-24,,,,,,,BCH,BCH,473.1540944533171
2024-04-23 22:48:00+00:00,okx,193774921,ledger,deposit,USDT,,,25350.0,,,0.0,,23749.297369199998,,account=sub;type=deposit;before=0.0;after=25350.0;ref=193774921,2024-04-23,,,,,,,USDT,USDT,0.936855912
2024-04-23 22:48:00+00:00,okx,831563647,ledger,internal_transfer,USDT,,,-25350.0,,,0.0,,-23749.297369199998,,account=sub;type=transfer_out_trading_account;before=25350.0;after=0.0;ref=831563647,2024-04-23,,,,,,,USDT,USDT,0.936855912
2024-04-23 22:29:00+00:00,okx,831547197,ledger,internal_transfer,USDT,,,-15000.0,,,0.0,,-14052.838679999999,,account=sub;type=transfer_out_trading_account;before=15000.0;after=0.0;ref=831547197,2024-04-23,,,,,,,USDT,USDT,0.936855912
2024-04-23 22:29:00+00:00,okx,193769114,ledger,deposit,USDT,,,15000.0,,,0.0,,14052.838679999999,,account=sub;type=deposit;before=0.0;after=15000.0;ref=193769114,2024-04-23,,,,,,,USDT,USDT,0.936855912
2024-04-23 18:18:00+00:00,okx,92289565,ledger,internal_transfer,USDT,,,-11826.811,,,0.0,,-11080.017805456631,,account=sub;type=Transfer_to_main_account;before=11826.8105;after=0.0;ref=92289565,2024-04-23,,,,,,,USDT,USDT,0.936855912
2024-04-23 18:18:00+00:00,okx,831396093,ledger,internal_transfer,USDT,,,11826.8105,,,0.0,,11080.017337028676,,account=sub;type=transfer_in_from_trading_account;before=0.0;after=11826.8105;ref=831396093,2024-04-23,,,,,,,USDT,USDT,0.936855912
2024-04-23 01:39:00+00:00,okx,193422367,ledger,deposit,BTC,,,0.14989455,,,0.0,,9386.548228160475,,account=sub;type=deposit;before=0.0;after=0.14989455;ref=193422367,2024-04-23,,,,,,,BTC,BTC,62621.01075829959
2024-04-23 01:39:00+00:00,okx,830948973,ledger,internal_transfer,BTC,,,-0.1498946,,,0.0,,-9386.551359211013,,account=sub;type=transfer_out_trading_account;before=0.14989455;after=0.0;ref=830948973,2024-04-23,,,,,,,BTC,BTC,62621.01075829959
2024-04-23 01:07:00+00:00,okx,830932727,ledger,internal_transfer,BTC,,,-0.0015132,,,0.0,,-94.75811347945894,,account=sub;type=transfer_out_trading_account;before=0.00151316;after=0.0;ref=830932727,2024-04-23,,,,,,,BTC,BTC,62621.01075829959
2024-04-23 01:07:00+00:00,okx,193420554,ledger,deposit,BTC,,,0.00151316,,,0.0,,94.75560863902861,,account=sub;type=deposit;before=0.0;after=0.00151316;ref=193420554,2024-04-23,,,,,,,BTC,BTC,62621.01075829959
2024-04-19 19:31:00+00:00,okx,828546785,ledger,internal_transfer,PEPE,,,979000000.0,,,0.0,,4672.769781975564,,account=sub;type=transfer_in_from_trading_account;before=0.0;after=979000000.0;ref=828546785,2024-04-19,,,,,,,PEPE,PEPE,4.773002841650218e-06
2024-04-19 19:31:00+00:00,okx,91816964,ledger,internal_transfer,PEPE,,,-979000000.0,,,0.0,,-4672.769781975564,,account=sub;type=Transfer_to_main_account;before=979000000.0;after=0.0;ref=91816964,2024-04-19,,,,,,,PEPE,PEPE,4.773002841650218e-06
2024-04-18 23:07:00+00:00,okx,192314664,ledger,deposit,USDT,,,5000.0,,,0.0,,4682.08634,,account=sub;type=deposit;before=0.0;after=5000.0;ref=192314664,2024-04-18,,,,,,,USDT,USDT,0.936417268
2024-04-18 23:07:00+00:00,okx,827641374,ledger,internal_transfer,USDT,,,-5000.0,,,0.0,,-4682.08634,,account=sub;type=transfer_out_trading_account;before=5000.0;after=0.0;ref=827641374,2024-04-18,,,,,,,USDT,USDT,0.936417268
2024-04-18 01:00:00+00:00,okx,91541685,ledger,internal_transfer,USDC,,,-2508.745,,,0.0,,-2349.23213900866,,account=sub;type=Transfer_to_main_account;before=2508.745;after=0.0;ref=91541685,2024-04-18,,,,,,,USDC,USDC,0.936417268
2024-04-18 00:55:00+00:00,okx,826918613,ledger,internal_transfer,USDC,,,2508.745,,,0.0,,2349.23213900866,,account=sub;type=transfer_in_from_trading_account;before=0.0;after=2508.745;ref=826918613,2024-04-18,,,,,,,USDC,USDC,0.936417268
2024-04-17 18:46:00+00:00,okx,826621007,ledger,internal_transfer,USDT,,,190003.82,,,0.0,,178608.59189054623,,account=sub;type=transfer_in_from_trading_account;before=0.0;after=190003.82;ref=826621007,2024-04-17,,,,,,,USDT,USDT,0.940026321
2024-04-17 18:46:00+00:00,okx,91494907,ledger,internal_transfer,USDT,,,-190003.82,,,0.0,,-178608.59189054623,,account=sub;type=Transfer_to_main_account;before=190003.82;after=0.0;ref=91494907,2024-04-17,,,,,,,USDT,USDT,0.940026321
2024-04-17 17:58:00+00:00,okx,826591118,ledger,internal_transfer,USDT,,,-4684.08,,,0.0,,-4403.15848966968,,account=sub;type=transfer_out_trading_account;before=4684.08;after=0.0;ref=826591118,2024-04-17,,,,,,,USDT,USDT,0.940026321
2024-04-17 17:55:00+00:00,okx,91489552,ledger,internal_transfer,USDT,,,4973.3,,,0.0,,4675.032902229301,,account=sub;type=Transfer_from_main_account;before=4684.08;after=9657.38;ref=91489552,2024-04-17,,,,,,,USDT,USDT,0.940026321
2024-04-17 17:55:00+00:00,okx,826589809,ledger,internal_transfer,USDT,,,-4973.3,,,0.0,,-4675.032902229301,,account=sub;type=transfer_out_trading_account;before=9657.38;after=4684.08;ref=826589809,2024-04-17,,,,,,,USDT,USDT,0.940026321
2024-04-16 02:04:00+00:00,okx,825235664,ledger,internal_transfer,USDT,,,4684.08,,,0.0,,4403.57243587152,,account=sub;type=transfer_in_from_trading_account;before=0.0;after=4684.08;ref=825235664,2024-04-16,,,,,,,USDT,USDT,0.940114694
2024-04-16 01:56:00+00:00,okx,191386231,ledger,deposit,USDT,,,186000.0,,,0.0,,174861.333084,,account=sub;type=deposit;before=0.0;after=186000.0;ref=191386231,2024-04-16,,,,,,,USDT,USDT,0.940114694
2024-04-16 01:56:00+00:00,okx,825231213,ledger,internal_transfer,USDT,,,-186000.0,,,0.0,,-174861.333084,,account=sub;type=transfer_out_trading_account;before=186000.0;after=0.0;ref=825231213,2024-04-16,,,,,,,USDT,USDT,0.940114694
2024-04-15 22:14:00+00:00,okx,1667846723,ledger,saving,BCH,,,-99.9575,,,0.0,,-49602.64983432223,,account=sub;type=saving_subscribe;before=99.9575;after=0.0;ref=1667846723,2024-04-15,,,,,,,BCH,BCH,496.2373992378984
2024-04-15 22:14:00+00:00,okx,825045430,ledger,internal_transfer,BCH,,,99.9575,,,0.0,,49602.64983432223,,account=sub;type=transfer_in_from_trading_account;before=0.0;after=99.9575;ref=825045430,2024-04-15,,,,,,,BCH,BCH,496.2373992378984
2024-04-15 21:26:00+00:00,okx,825001983,ledger,internal_transfer,USDT,,,79001.0,,,0.0,,74137.57504043801,,account=sub;type=transfer_in_from_trading_account;before=0.0;after=79001.0;ref=825001983,2024-04-15,,,,,,,USDT,USDT,0.938438438
2024-04-15 21:26:00+00:00,okx,91190601,ledger,internal_transfer,USDT,,,-79001.0,,,0.0,,-74137.57504043801,,account=sub;type=Transfer_to_main_account;before=79001.0;after=0.0;ref=91190601,2024-04-15,,,,,,,USDT,USDT,0.938438438
2024-04-15 19:38:00+00:00,okx,91178233,ledger,internal_transfer,FET,,,-6996.7691,,,0.0,,-14584.495712325286,,account=sub;type=Transfer_to_main_account;before=6996.76907;after=0.0;ref=91178233,2024-04-15,,,,,,,FET,FET,2.084461485562713
2024-04-15 19:38:00+00:00,okx,824925742,ledger,internal_transfer,FET,,,6996.76907,,,0.0,,14584.49564979144,,account=sub;type=transfer_in_from_trading_account;before=0.0;after=6996.76907;ref=824925742,2024-04-15,,,,,,,FET,FET,2.084461485562713
2024-04-15 19:35:00+00:00,okx,91178018,ledger,internal_transfer,BTC,,,-0.99955,,,0.0,,-61677.05641850762,,account=sub;type=Transfer_to_main_account;before=0.99955;after=0.0;ref=91178018,2024-04-15,,,,,,,BTC,BTC,61704.82358912272
2024-04-15 19:35:00+00:00,okx,824923891,ledger,internal_transfer,BTC,,,0.99955,,,0.0,,61677.05641850762,,account=sub;type=transfer_in_from_trading_account;before=0.0;after=0.99955;ref=824923891,2024-04-15,,,,,,,BTC,BTC,61704.82358912272
2024-04-15 19:33:00+00:00,okx,91177811,ledger,internal_transfer,SOL,,,-499.775,,,0.0,,-71076.63583614738,,account=sub;type=Transfer_to_main_account;before=499.775;after=0.0;ref=91177811,2024-04-15,,,,,,,SOL,SOL,142.21726944354438
2024-04-15 19:33:00+00:00,okx,824922723,ledger,internal_transfer,SOL,,,499.775,,,0.0,,71076.63583614738,,account=sub;type=transfer_in_from_trading_account;before=0.0;after=499.775;ref=824922723,2024-04-15,,,,,,,SOL,SOL,142.21726944354438
2024-04-15 17:14:00+00:00,okx,91161426,ledger,internal_transfer,USDT,,,-642836.0,,,0.0,,-603262.011730168,,account=sub;type=Transfer_to_main_account;before=642836.0;after=0.0;ref=91161426,2024-04-15,,,,,,,USDT,USDT,0.938438438
2024-04-15 16:56:00+00:00,okx,1667593060,ledger,saving,USDT,,,642836.0,,,0.0,,603262.011730168,,account=sub;type=saving_unsubscribe;before=0.0;after=642836.0;ref=1667593060,2024-04-15,,,,,,,USDT,USDT,0.938438438
2024-04-15 07:50:00+00:00,okx,1667089422,ledger,saving,USDT,,,-642836.0,,,0.0,,-603262.011730168,,account=sub;type=saving_subscribe;before=642836.0;after=0.0;ref=1667089422,2024-04-15,,,,,,,USDT,USDT,0.938438438
2024-04-15 07:49:00+00:00,okx,1667089139,ledger,saving,USDT,,,642836.0,,,0.0,,603262.011730168,,account=sub;type=saving_unsubscribe;before=0.0;after=642836.0;ref=1667089139,2024-04-15,,,,,,,USDT,USDT,0.938438438
2024-04-15 02:13:00+00:00,okx,824315956,ledger,internal_transfer,USDC,,,7510.37569,,,0.0,,7048.025231316772,,account=sub;type=transfer_in_from_trading_account;before=0.0;after=7510.37569;ref=824315956,2024-04-15,,,,,,,USDC,USDC,0.938438438
2024-04-15 02:13:00+00:00,okx,91056622,ledger,internal_transfer,USDC,,,-7510.3757,,,0.0,,-7048.025240701157,,account=sub;type=Transfer_to_main_account;before=7510.37569;after=0.0;ref=91056622,2024-04-15,,,,,,,USDC,USDC,0.938438438
2024-04-15 01:51:00+00:00,okx,824301796,ledger,internal_transfer,USDT,,,-7510.0,,,0.0,,-7047.67266938,,account=sub;type=transfer_out_trading_account;before=7510.0;after=0.0;ref=824301796,2024-04-15,,,,,,,USDT,USDT,0.938438438
2024-04-15 01:51:00+00:00,okx,1666982198,ledger,saving,USDT,,,7510.0,,,0.0,,7047.67266938,,account=sub;type=saving_unsubscribe;before=0.0;after=7510.0;ref=1666982198,2024-04-15,,,,,,,USDT,USDT,0.938438438
2024-04-14 18:34:00+00:00,okx,1666695521,ledger,saving,USDT,,,-650345.43,,,0.0,,-610538.3305688249,,account=sub;type=saving_subscribe;before=650345.435;after=0.0;ref=1666695521,2024-04-14,,,,,,,USDT,USDT,0.938790837
2024-04-14 18:34:00+00:00,okx,823974875,ledger,internal_transfer,USDT,,,345.434779,,,0.0,,324.29100530632,,account=sub;type=transfer_in_from_trading_account;before=650000.0;after=650345.435;ref=823974875,2024-04-14,,,,,,,USDT,USDT,0.938790837
2024-04-14 18:32:00+00:00,okx,823973222,ledger,internal_transfer,USDT,,,650000.0,,,0.0,,610214.04405,,account=sub;type=transfer_in_from_trading_account;before=0.0;after=650000.0;ref=823973222,2024-04-14,,,,,,,USDT,USDT,0.938790837
2024-04-14 06:51:00+00:00,okx,823441779,ledger,internal_transfer,USDC,,,999.55,,,0.0,,938.36838112335,,account=sub;type=transfer_in_from_trading_account;before=0.0;after=999.55;ref=823441779,2024-04-14,,,,,,,USDC,USDC,0.938790837
2024-04-14 06:51:00+00:00,okx,90885567,ledger,internal_transfer,USDC,,,-999.55,,,0.0,,-938.36838112335,,account=sub;type=Transfer_to_main_account;before=999.55;after=0.0;ref=90885567,2024-04-14,,,,,,,USDC,USDC,0.938790837
2024-04-14 04:43:00+00:00,okx,823314007,ledger,internal_transfer,ETH,,,0.0499775,,,0.0,,141.78773382240962,,account=sub;type=transfer_in_from_trading_account;before=0.0;after=0.0499775;ref=823314007,2024-04-14,,,,,,,ETH,ETH,2837.0313405514407
2024-04-14 04:43:00+00:00,okx,90859807,ledger,internal_transfer,ETH,,,-0.0499775,,,0.0,,-141.78773382240962,,account=sub;type=Transfer_to_main_account;before=0.0499775;after=0.0;ref=90859807,2024-04-14,,,,,,,ETH,ETH,2837.0313405514407
2024-04-14 04:22:00+00:00,okx,90854492,ledger,internal_transfer,USDT,,,-7500.0,,,0.0,,-7040.9312775,,account=sub;type=Transfer_to_main_account;before=7500.0;after=0.0;ref=90854492,2024-04-14,,,,,,,USDT,USDT,0.938790837
2024-04-14 04:22:00+00:00,okx,823281521,ledger,internal_transfer,USDT,,,7500.0,,,0.0,,7040.9312775,,account=sub;type=transfer_in_from_trading_account;before=0.0;after=7500.0;ref=823281521,2024-04-14,,,,,,,USDT,USDT,0.938790837
2024-04-14 04:12:00+00:00,okx,823262534,ledger,internal_transfer,USDT,,,9000.0,,,0.0,,8449.117533,,account=sub;type=transfer_in_from_trading_account;before=0.0;after=9000.0;ref=823262534,2024-04-14,,,,,,,USDT,USDT,0.938790837
2024-04-14 04:12:00+00:00,okx,90851701,ledger,internal_transfer,USDT,,,-9000.0,,,0.0,,-8449.117533,,account=sub;type=Transfer_to_main_account;before=9000.0;after=0.0;ref=90851701,2024-04-14,,,,,,,USDT,USDT,0.938790837
2024-04-14 04:11:00+00:00,okx,823260573,ledger,internal_transfer,USDT,,,-759090.86,,,0.0,,-712627.5438184498,,account=sub;type=transfer_out_trading_account;before=759090.861;after=0.0;ref=823260573,2024-04-14,,,,,,,USDT,USDT,0.938790837
2024-04-14 04:10:00+00:00,okx,1665900142,ledger,saving,USDT,,,759090.861,,,0.0,,712627.5447572407,,account=sub;type=saving_unsubscribe;before=0.0;after=759090.861;ref=1665900142,2024-04-14,,,,,,,USDT,USDT,0.938790837
2024-04-14 04:07:00+00:00,okx,823251307,ledger,internal_transfer,USDT,,,-75000.0,,,0.0,,-70409.312775,,account=sub;type=transfer_out_trading_account;before=75000.0;after=0.0;ref=823251307,2024-04-14,,,,,,,USDT,USDT,0.938790837
2024-04-14 04:05:00+00:00,okx,1665893583,ledger,saving,USDT,,,75000.0,,,0.0,,70409.312775,,account=sub;type=saving_unsubscribe;before=0.0;after=75000.0;ref=1665893583,2024-04-14,,,,,,,USDT,USDT,0.938790837
2024-04-13 05:38:00+00:00,okx,822228110,ledger,internal_transfer,USDT,,,-25000.0,,,0.0,,-23469.770925,,account=sub;type=transfer_out_trading_account;before=25000.0;after=0.0;ref=822228110,2024-04-13,,,,,,,USDT,USDT,0.938790837
2024-04-13 05:38:00+00:00,okx,1664847371,ledger,saving,USDT,,,25000.0,,,0.0,,23469.770925,,account=sub;type=saving_unsubscribe;before=3.5e-09;after=25000.0;ref=1664847371,2024-04-13,,,,,,,USDT,USDT,0.938790837
2024-04-13 05:31:00+00:00,okx,1664833624,ledger,saving,USDT,,,-511779.0,,,0.0,,-480453.43576902297,,account=sub;type=saving_subscribe;before=511779.001;after=3.5e-09;ref=1664833624,2024-04-13,,,,,,,USDT,USDT,0.938790837
2024-04-13 05:30:00+00:00,okx,822223261,ledger,internal_transfer,USDT,,,330000.0,,,0.0,,309800.97621,,account=sub;type=transfer_in_from_trading_account;before=181779.001;after=511779.001;ref=822223261,2024-04-13,,,,,,,USDT,USDT,0.938790837
2024-04-13 05:29:00+00:00,okx,190462219,ledger,deposit,USDT,,,330000.0,,,0.0,,309800.97621,,account=sub;type=deposit;before=181779.001;after=511779.001;ref=190462219,2024-04-13,,,,,,,USDT,USDT,0.938790837
2024-04-13 05:29:00+00:00,okx,822222769,ledger,internal_transfer,USDT,,,-330000.0,,,0.0,,-309800.97621,,account=sub;type=transfer_out_trading_account;before=511779.001;after=181779.001;ref=822222769,2024-04-13,,,,,,,USDT,USDT,0.938790837
2024-04-13 05:24:00+00:00,okx,822219816,ledger,internal_transfer,USDT,,,81769.0007,,,0.0,,76763.98860780659,,account=sub;type=transfer_in_from_trading_account;before=100010.0;after=181779.001;ref=822219816,2024-04-13,,,,,,,USDT,USDT,0.938790837
2024-04-13 05:12:00+00:00,okx,90664162,ledger,internal_transfer,USDT,,,100010.0,,,0.0,,93888.47160837,,account=sub;type=Transfer_from_main_account;before=0.0;after=100010.0;ref=90664162,2024-04-13,,,,,,,USDT,USDT,0.938790837
2024-04-13 04:33:00+00:00,okx,822185678,ledger,internal_transfer,USDT,,,13870.0,,,0.0,,13021.02890919,,account=sub;type=transfer_in_from_trading_account;before=0.0;after=13870.0;ref=822185678,2024-04-13,,,,,,,USDT,USDT,0.938790837
2024-04-13 04:33:00+00:00,okx,90657263,ledger,internal_transfer,USDT,,,-13870.0,,,0.0,,-13021.02890919,,account=sub;type=Transfer_to_main_account;before=13870.0;after=0.0;ref=90657263,2024-04-13,,,,,,,USDT,USDT,0.938790837
2024-04-13 04:10:00+00:00,okx,822165811,ledger,internal_transfer,USDT,,,-200000.0,,,0.0,,-187758.1674,,account=sub;type=transfer_out_trading_account;before=200000.0;after=0.0;ref=822165811,2024-04-13,,,,,,,USDT,USDT,0.938790837
2024-04-13 04:10:00+00:00,okx,1664795601,ledger,saving,USDT,,,200000.0,,,0.0,,187758.1674,,account=sub;type=saving_unsubscribe;before=0.0;after=200000.0;ref=1664795601,2024-04-13,,,,,,,USDT,USDT,0.938790837
2024-04-13 02:39:00+00:00,okx,90633243,ledger,internal_transfer,USDT,,,-200000.0,,,0.0,,-187758.1674,,account=sub;type=Transfer_to_main_account;before=200000.0;after=0.0;ref=90633243,2024-04-13,,,,,,,USDT,USDT,0.938790837
2024-04-13 02:38:00+00:00,okx,1664714211,ledger,saving,USDT,,,200000.0,,,0.0,,187758.1674,,account=sub;type=saving_unsubscribe;before=0.0;after=200000.0;ref=1664714211,2024-04-13,,,,,,,USDT,USDT,0.938790837
2024-04-13 01:58:00+00:00,okx,821973383,ledger,internal_transfer,ETH,,,0.09013542,,,0.0,,274.6287635261211,,account=sub;type=transfer_in_from_trading_account;before=0.0;after=0.09013542;ref=821973383,2024-04-13,,,,,,,ETH,ETH,3046.8462179032513
2024-04-13 01:58:00+00:00,okx,90626405,ledger,internal_transfer,ETH,,,-0.0901354,,,0.0,,-274.62870258919673,,account=sub;type=Transfer_to_main_account;before=0.09013542;after=0.0;ref=90626405,2024-04-13,,,,,,,ETH,ETH,3046.8462179032513
2024-04-13 01:56:00+00:00,okx,821972132,ledger,internal_transfer,USDT,,,-300.0,,,0.0,,-281.6372511,,account=sub;type=transfer_out_trading_account;before=300.0;after=0.0;ref=821972132,2024-04-13,,,,,,,USDT,USDT,0.938790837
2024-04-13 01:56:00+00:00,okx,1664687013,ledger,saving,USDT,,,300.0,,,0.0,,281.6372511,,account=sub;type=saving_unsubscribe;before=0.0;after=300.0;ref=1664687013,2024-04-13,,,,,,,USDT,USDT,0.938790837
2024-04-13 00:14:00+00:00,okx,821860166,ledger,internal_transfer,USDT,,,485000.003,,,0.0,,455313.5587613725,,account=sub;type=transfer_in_from_trading_account;before=0.0;after=485000.003;ref=821860166,2024-04-13,,,,,,,USDT,USDT,0.938790837
2024-04-13 00:14:00+00:00,okx,1664595777,ledger,saving,USDT,,,-485000.0,,,0.0,,-455313.555945,,account=sub;type=saving_subscribe;before=485000.003;after=0.0;ref=1664595777,2024-04-13,,,,,,,USDT,USDT,0.938790837
2024-04-13 00:12:00+00:00,okx,821858723,ledger,internal_transfer,USDT,,,-485000.0,,,0.0,,-455313.555945,,account=sub;type=transfer_out_trading_account;before=485000.0;after=0.0;ref=821858723,2024-04-13,,,,,,,USDT,USDT,0.938790837
2024-04-13 00:12:00+00:00,okx,190395493,ledger,deposit,USDT,,,485000.0,,,0.0,,455313.555945,,account=sub;type=deposit;before=0.0;after=485000.0;ref=190395493,2024-04-13,,,,,,,USDT,USDT,0.938790837
2024-04-12 22:58:00+00:00,okx,821802151,ledger,internal_transfer,ETH,,,2.17572149,,,0.0,,7166.437885056778,,account=sub;type=transfer_in_from_trading_account;before=0.0;after=2.17572149;ref=821802151,2024-04-12,,,,,,,ETH,ETH,3293.8213452388054
2024-04-12 22:58:00+00:00,okx,90600904,ledger,internal_transfer,ETH,,,-2.1757215,,,0.0,,-7166.437917994991,,account=sub;type=Transfer_to_main_account;before=2.17572149;after=0.0;ref=90600904,2024-04-12,,,,,,,ETH,ETH,3293.8213452388054
2024-04-12 22:56:00+00:00,okx,821801021,ledger,internal_transfer,USDT,,,-7500.0,,,0.0,,-7040.9312775,,account=sub;type=transfer_out_trading_account;before=7500.0;after=0.0;ref=821801021,2024-04-12,,,,,,,USDT,USDT,0.938790837
2024-04-12 22:50:00+00:00,okx,90599791,ledger,internal_transfer,USDT,,,-10000.0,,,0.0,,-9387.90837,,account=sub;type=Transfer_to_main_account;before=17500.0;after=7500.0;ref=90599791,2024-04-12,,,,,,,USDT,USDT,0.938790837
2024-04-12 22:46:00+00:00,okx,1664532233,ledger,saving,USDT,,,10000.0,,,0.0,,9387.90837,,account=sub;type=saving_unsubscribe;before=7500.0;after=17500.0;ref=1664532233,2024-04-12,,,,,,,USDT,USDT,0.938790837
2024-04-12 22:43:00+00:00,okx,1664529561,ledger,saving,USDT,,,7500.0,,,0.0,,7040.9312775,,account=sub;type=saving_unsubscribe;before=0.0;after=7500.0;ref=1664529561,2024-04-12,,,,,,,USDT,USDT,0.938790837
2024-04-12 20:21:00+00:00,okx,90579945,ledger,internal_transfer,USDT,,,-33101.0,,,0.0,,-31074.915495537,,account=sub;type=Transfer_to_main_account;before=33101.0;after=0.0;ref=90579945,2024-04-12,,,,,,,USDT,USDT,0.938790837
2024-04-12 20:20:00+00:00,okx,1664407007,ledger,saving,USDT,,,33101.0,,,0.0,,31074.915495537,,account=sub;type=saving_unsubscribe;before=0.0;after=33101.0;ref=1664407007,2024-04-12,,,,,,,USDT,USDT,0.938790837
2024-04-12 17:16:00+00:00,okx,90559984,ledger,internal_transfer,USDT,,,-350000.0,,,0.0,,-328576.79295,,account=sub;type=Transfer_to_main_account;before=350000.0;after=0.0;ref=90559984,2024-04-12,,,,,,,USDT,USDT,0.938790837
2024-04-12 17:11:00+00:00,okx,1664255776,ledger,saving,USDT,,,350000.0,,,0.0,,328576.79295,,account=sub;type=saving_unsubscribe;before=0.0;after=350000.0;ref=1664255776,2024-04-12,,,,,,,USDT,USDT,0.938790837
2024-04-12 00:14:00+00:00,okx,1663641772,ledger,saving,USDT,,,-130000.0,,,0.0,,-122042.80881,,account=sub;type=saving_subscribe;before=130000.0;after=0.0;ref=1663641772,2024-04-12,,,,,,,USDT,USDT,0.938790837
2024-04-12 00:14:00+00:00,okx,821035468,ledger,internal_transfer,USDT,,,130000.0,,,0.0,,122042.80881,,account=sub;type=transfer_in_from_trading_account;before=0.0;after=130000.0;ref=821035468,2024-04-12,,,,,,,USDT,USDT,0.938790837
2024-04-12 00:12:00+00:00,okx,821033858,ledger,internal_transfer,USDT,,,-130000.0,,,0.0,,-122042.80881,,account=sub;type=transfer_out_trading_account;before=130000.0;after=0.0;ref=821033858,2024-04-12,,,,,,,USDT,USDT,0.938790837
2024-04-12 00:12:00+00:00,okx,190038392,ledger,deposit,USDT,,,130000.0,,,0.0,,122042.80881,,account=sub;type=deposit;before=0.0;after=130000.0;ref=190038392,2024-04-12,,,,,,,USDT,USDT,0.938790837
2024-04-11 23:55:00+00:00,okx,1663628889,ledger,saving,USDT,,,-530000.0,,,0.0,,-493988.25589000003,,account=sub;type=saving_subscribe;before=530000.0;after=0.0;ref=1663628889,2024-04-11,,,,,,,USDT,USDT,0.932053313
2024-04-11 23:55:00+00:00,okx,821020844,ledger,internal_transfer,USDT,,,530000.0,,,0.0,,493988.25589000003,,account=sub;type=transfer_in_from_trading_account;before=0.0;after=530000.0;ref=821020844,2024-04-11,,,,,,,USDT,USDT,0.932053313
2024-04-11 23:53:00+00:00,okx,190032840,ledger,deposit,USDT,,,530000.0,,,0.0,,493988.25589000003,,account=sub;type=deposit;before=0.0;after=530000.0;ref=190032840,2024-04-11,,,,,,,USDT,USDT,0.932053313
2024-04-11 23:53:00+00:00,okx,821019445,ledger,internal_transfer,USDT,,,-530000.0,,,0.0,,-493988.25589000003,,account=sub;type=transfer_out_trading_account;before=530000.0;after=0.0;ref=821019445,2024-04-11,,,,,,,USDT,USDT,0.932053313
2024-04-11 01:15:00+00:00,okx,820227042,ledger,internal_transfer,BCH,,,50.227375,,,0.0,,29430.75783466608,,account=sub;type=transfer_in_from_trading_account;before=0.0;after=50.227375;ref=820227042,2024-04-11,,,,,,,BCH,BCH,585.9505465827366
2024-04-11 01:15:00+00:00,okx,1662774606,ledger,saving,BCH,,,-50.227375,,,0.0,,-29430.75783466608,,account=sub;type=saving_subscribe;before=50.227375;after=0.0;ref=1662774606,2024-04-11,,,,,,,BCH,BCH,585.9505465827366
2024-04-11 00:27:00+00:00,okx,1662748948,ledger,saving,USDT,,,-348.22803,,,0.0,,-324.5670890409634,,account=sub;type=saving_subscribe;before=348.228026;after=0.0;ref=1662748948,2024-04-11,,,,,,,USDT,USDT,0.932053313
2024-04-11 00:27:00+00:00,okx,820191358,ledger,internal_transfer,USDT,,,348.228026,,,0.0,,324.5670853127502,,account=sub;type=transfer_in_from_trading_account;before=0.0;after=348.228026;ref=820191358,2024-04-11,,,,,,,USDT,USDT,0.932053313
2024-04-10 23:59:00+00:00,okx,90303500,ledger,internal_transfer,USDT,,,-190003.82,,,0.0,,-174957.47696539568,,account=sub;type=Transfer_to_main_account;before=190003.82;after=0.0;ref=90303500,2024-04-10,,,,,,,USDT,USDT,0.920810313
2024-04-10 23:58:00+00:00,okx,1662731377,ledger,saving,USDT,,,190003.82,,,0.0,,174957.47696539568,,account=sub;type=saving_unsubscribe;before=0.0;after=190003.82;ref=1662731377,2024-04-10,,,,,,,USDT,USDT,0.920810313
2024-04-10 22:32:00+00:00,okx,820105657,ledger,internal_transfer,USDT,,,-31000.0,,,0.0,,-28545.119703,,account=sub;type=transfer_out_trading_account;before=31000.0;after=0.0;ref=820105657,2024-04-10,,,,,,,USDT,USDT,0.920810313
2024-04-10 22:32:00+00:00,okx,1662674114,ledger,saving,USDT,,,31000.0,,,0.0,,28545.119703,,account=sub;type=saving_unsubscribe;before=0.0;after=31000.0;ref=1662674114,2024-04-10,,,,,,,USDT,USDT,0.920810313
2024-04-10 20:06:00+00:00,okx,90271205,ledger,internal_transfer,USDT,,,-205000.0,,,0.0,,-188766.114165,,account=sub;type=Transfer_to_main_account;before=205000.0;after=0.0;ref=90271205,2024-04-10,,,,,,,USDT,USDT,0.920810313
2024-04-10 20:05:00+00:00,okx,1662541621,ledger,saving,USDT,,,205000.0,,,0.0,,188766.114165,,account=sub;type=saving_unsubscribe;before=0.0;after=205000.0;ref=1662541621,2024-04-10,,,,,,,USDT,USDT,0.920810313
2024-04-10 03:04:00+00:00,okx,90176870,ledger,internal_transfer,USDT,,,-50.0,,,0.0,,-46.04051565,,account=sub;type=Transfer_to_main_account;before=50.0;after=0.0;ref=90176870,2024-04-10,,,,,,,USDT,USDT,0.920810313
2024-04-10 03:03:00+00:00,okx,1661861193,ledger,saving,USDT,,,50.0,,,0.0,,46.04051565,,account=sub;type=saving_unsubscribe;before=0.0;after=50.0;ref=1661861193,2024-04-10,,,,,,,USDT,USDT,0.920810313
2024-04-09 22:57:00+00:00,okx,90149220,ledger,internal_transfer,TON,,,6.24511828,,,0.0,,36.569292278071565,,account=sub;type=Transfer_from_main_account;before=0.0;after=6.24511828;ref=90149220,2024-04-09,,,,,,,TON,TON,5.855660475668615
2024-04-09 22:44:00+00:00,okx,819236952,ledger,internal_transfer,TON,,,15214.4668,,,0.0,,89090.75189913234,,account=sub;type=transfer_in_from_trading_account;before=0.0;after=15214.4668;ref=819236952,2024-04-09,,,,,,,TON,TON,5.855660475668615
2024-04-09 22:44:00+00:00,okx,90147105,ledger,internal_transfer,TON,,,-15214.467,,,0.0,,-89090.75307026444,,account=sub;type=Transfer_to_main_account;before=15214.4668;after=0.0;ref=90147105,2024-04-09,,,,,,,TON,TON,5.855660475668615
2024-04-09 22:38:00+00:00,okx,819228425,ledger,internal_transfer,USDT,,,-99500.0,,,0.0,,-91561.6085145,,account=sub;type=transfer_out_trading_account;before=99500.0;after=0.0;ref=819228425,2024-04-09,,,,,,,USDT,USDT,0.920217171
2024-04-09 22:38:00+00:00,okx,1661705787,ledger,saving,USDT,,,99500.0,,,0.0,,91561.6085145,,account=sub;type=saving_unsubscribe;before=0.0;after=99500.0;ref=1661705787,2024-04-09,,,,,,,USDT,USDT,0.920217171
2024-04-09 19:19:00+00:00,okx,90123063,ledger,internal_transfer,USDT,,,-100000.0,,,0.0,,-92021.7171,,account=sub;type=Transfer_to_main_account;before=100000.0;after=0.0;ref=90123063,2024-04-09,,,,,,,USDT,USDT,0.920217171
2024-04-09 19:18:00+00:00,okx,1661563756,ledger,saving,USDT,,,100000.0,,,0.0,,92021.7171,,account=sub;type=saving_unsubscribe;before=0.0;after=100000.0;ref=1661563756,2024-04-09,,,,,,,USDT,USDT,0.920217171
2024-04-09 01:13:00+00:00,okx,89995458,ledger,internal_transfer,USDT,,,-715000.0,,,0.0,,-657955.277265,,account=sub;type=Transfer_to_main_account;before=715000.0;after=0.0;ref=89995458,2024-04-09,,,,,,,USDT,USDT,0.920217171
2024-04-09 01:12:00+00:00,okx,1660841063,ledger,saving,USDT,,,715000.0,,,0.0,,657955.277265,,account=sub;type=saving_unsubscribe;before=0.0;after=715000.0;ref=1660841063,2024-04-09,,,,,,,USDT,USDT,0.920217171
2024-04-09 00:46:00+00:00,okx,1660827945,ledger,saving,USDT,,,-32310.0,,,0.0,,-29732.21679501,,account=sub;type=saving_subscribe;before=32310.0;after=0.0;ref=1660827945,2024-04-09,,,,,,,USDT,USDT,0.920217171
2024-04-09 00:45:00+00:00,okx,89991453,ledger,internal_transfer,USDT,,,32310.0,,,0.0,,29732.21679501,,account=sub;type=Transfer_from_main_account;before=0.0;after=32310.0;ref=89991453,2024-04-09,,,,,,,USDT,USDT,0.920217171
2024-04-08 23:18:00+00:00,okx,818336183,ledger,internal_transfer,USDT,,,501730.326,,,0.0,,463577.86746039527,,account=sub;type=transfer_in_from_trading_account;before=0.0;after=501730.326;ref=818336183,2024-04-08,,,,,,,USDT,USDT,0.923958237
2024-04-08 23:18:00+00:00,okx,1660769617,ledger,saving,USDT,,,-501730.33,,,0.0,,-463577.87115622824,,account=sub;type=saving_subscribe;before=501730.326;after=0.0;ref=1660769617,2024-04-08,,,,,,,USDT,USDT,0.923958237
2024-04-08 23:11:00+00:00,okx,818326842,ledger,internal_transfer,USDT,,,-501730.33,,,0.0,,-463577.87115622824,,account=sub;type=transfer_out_trading_account;before=501730.326;after=0.0;ref=818326842,2024-04-08,,,,,,,USDT,USDT,0.923958237
2024-04-08 23:11:00+00:00,okx,188999622,ledger,deposit,USDT,,,501730.326,,,0.0,,463577.86746039527,,account=sub;type=deposit;before=0.0;after=501730.326;ref=188999622,2024-04-08,,,,,,,USDT,USDT,0.923958237
2024-04-08 22:47:00+00:00,okx,1660745724,ledger,saving,USDT,,,-100000.0,,,0.0,,-92395.82370000001,,account=sub;type=saving_subscribe;before=100000.0;after=0.0;ref=1660745724,2024-04-08,,,,,,,USDT,USDT,0.923958237
2024-04-08 22:45:00+00:00,okx,89970967,ledger,internal_transfer,USDT,,,100000.0,,,0.0,,92395.82370000001,,account=sub;type=Transfer_from_main_account;before=0.0;after=100000.0;ref=89970967,2024-04-08,,,,,,,USDT,USDT,0.923958237
2024-04-08 22:36:00+00:00,okx,89968672,ledger,internal_transfer,USDT,,,-65.0,,,0.0,,-60.057285405,,account=sub;type=Transfer_to_main_account;before=65.0;after=0.0;ref=89968672,2024-04-08,,,,,,,USDT,USDT,0.923958237
2024-04-08 22:36:00+00:00,okx,1660736816,ledger,saving,USDT,,,65.0,,,0.0,,60.057285405,,account=sub;type=saving_unsubscribe;before=0.0;after=65.0;ref=1660736816,2024-04-08,,,,,,,USDT,USDT,0.923958237
2024-04-08 22:25:00+00:00,okx,89966662,ledger,internal_transfer,USDT,,,-597500.0,,,0.0,,-552065.0466075001,,account=sub;type=Transfer_to_main_account;before=597500.0;after=0.0;ref=89966662,2024-04-08,,,,,,,USDT,USDT,0.923958237
2024-04-08 22:24:00+00:00,okx,1660727117,ledger,saving,USDT,,,597500.0,,,0.0,,552065.0466075001,,account=sub;type=saving_unsubscribe;before=0.0;after=597500.0;ref=1660727117,2024-04-08,,,,,,,USDT,USDT,0.923958237
2024-04-08 22:23:00+00:00,okx,89966337,ledger,internal_transfer,USDT,,,-52139.0,,,0.0,,-48174.258518943,,account=sub;type=Transfer_to_main_account;before=52139.0;after=0.0;ref=89966337,2024-04-08,,,,,,,USDT,USDT,0.923958237
2024-04-08 22:23:00+00:00,okx,1660725980,ledger,saving,USDT,,,52139.0,,,0.0,,48174.258518943,,account=sub;type=saving_unsubscribe;before=0.0;after=52139.0;ref=1660725980,2024-04-08,,,,,,,USDT,USDT,0.923958237
2024-04-08 19:55:00+00:00,okx,818146696,ledger,internal_transfer,USDT,,,41153.6582,,,0.0,,38024.261476572596,,account=sub;type=transfer_in_from_trading_account;before=520500.0;after=561653.658;ref=818146696,2024-04-08,,,,,,,USDT,USDT,0.923958237
2024-04-08 19:55:00+00:00,okx,1660604420,ledger,saving,USDT,,,-561653.66,,,0.0,,-518944.5254981975,,account=sub;type=saving_subscribe;before=561653.658;after=0.0;ref=1660604420,2024-04-08,,,,,,,USDT,USDT,0.923958237
2024-04-08 19:54:00+00:00,okx,89938263,ledger,internal_transfer,USDT,,,520000.0,,,0.0,,480458.28324,,account=sub;type=Transfer_from_main_account;before=500.0;after=520500.0;ref=89938263,2024-04-08,,,,,,,USDT,USDT,0.923958237
2024-04-07 07:06:00+00:00,okx,816888875,ledger,internal_transfer,USDT,,,-40000.0,,,0.0,,-36896.96524,,account=sub;type=transfer_out_trading_account;before=40500.0;after=500.0;ref=816888875,2024-04-07,,,,,,,USDT,USDT,0.922424131
2024-04-07 07:05:00+00:00,okx,1659131231,ledger,saving,USDT,,,40000.0,,,0.0,,36896.96524,,account=sub;type=saving_unsubscribe;before=500.0;after=40500.0;ref=1659131231,2024-04-07,,,,,,,USDT,USDT,0.922424131
2024-04-06 03:02:00+00:00,okx,816134543,ledger,internal_transfer,TON,,,14701.8083,,,0.0,,72464.2372368978,,account=sub;type=transfer_in_from_trading_account;before=0.0;after=14701.8083;ref=816134543,2024-04-06,,,,,,,TON,TON,4.928933622192434
2024-04-06 03:02:00+00:00,okx,89564683,ledger,internal_transfer,TON,,,-14701.808,,,0.0,,-72464.2357582177,,account=sub;type=Transfer_to_main_account;before=14701.8083;after=0.0;ref=89564683,2024-04-06,,,,,,,TON,TON,4.928933622192434
2024-04-06 02:43:00+00:00,okx,816127410,ledger,internal_transfer,USDT,,,-79500.0,,,0.0,,-73332.71841449999,,account=sub;type=transfer_out_trading_account;before=80000.0;after=500.0;ref=816127410,2024-04-06,,,,,,,USDT,USDT,0.922424131
2024-04-06 02:41:00+00:00,okx,1658245071,ledger,saving,USDT,,,80000.0,,,0.0,,73793.93048,,account=sub;type=saving_unsubscribe;before=0.0;after=80000.0;ref=1658245071,2024-04-06,,,,,,,USDT,USDT,0.922424131
2024-04-06 01:46:00+00:00,okx,1658227830,ledger,saving,USDT,,,-770000.0,,,0.0,,-710266.58087,,account=sub;type=saving_subscribe;before=770000.0;after=0.0;ref=1658227830,2024-04-06,,,,,,,USDT,USDT,0.922424131
2024-04-06 01:46:00+00:00,okx,816102656,ledger,internal_transfer,USDT,,,770000.0,,,0.0,,710266.58087,,account=sub;type=transfer_in_from_trading_account;before=0.0;after=770000.0;ref=816102656,2024-04-06,,,,,,,USDT,USDT,0.922424131
2024-04-06 01:41:00+00:00,okx,816100210,ledger,internal_transfer,USDT,,,-770000.0,,,0.0,,-710266.58087,,account=sub;type=transfer_out_trading_account;before=770000.0;after=0.0;ref=816100210,2024-04-06,,,,,,,USDT,USDT,0.922424131
2024-04-06 01:41:00+00:00,okx,188069554,ledger,deposit,USDT,,,770000.0,,,0.0,,710266.58087,,account=sub;type=deposit;before=0.0;after=770000.0;ref=188069554,2024-04-06,,,,,,,USDT,USDT,0.922424131
2024-04-04 05:14:00+00:00,okx,1656457857,ledger,saving,USDT,,,-130000.0,,,0.0,,-119793.58638,,account=sub;type=saving_subscribe;before=130000.003;after=0.0;ref=1656457857,2024-04-04,,,,,,,USDT,USDT,0.921489126
2024-04-04 05:14:00+00:00,okx,814490096,ledger,internal_transfer,USDT,,,130000.003,,,0.0,,119793.58914446738,,account=sub;type=transfer_in_from_trading_account;before=0.0;after=130000.003;ref=814490096,2024-04-04,,,,,,,USDT,USDT,0.921489126
2024-04-04 05:13:00+00:00,okx,187442025,ledger,deposit,USDT,,,130000.0,,,0.0,,119793.58638,,account=sub;type=deposit;before=0.0;after=130000.0;ref=187442025,2024-04-04,,,,,,,USDT,USDT,0.921489126
2024-04-04 05:13:00+00:00,okx,814489797,ledger,internal_transfer,USDT,,,-130000.0,,,0.0,,-119793.58638,,account=sub;type=transfer_out_trading_account;before=130000.0;after=0.0;ref=814489797,2024-04-04,,,,,,,USDT,USDT,0.921489126
2024-04-04 00:24:00+00:00,okx,89230623,ledger,internal_transfer,ETH,,,-0.5155957,,,0.0,,-1575.808578050302,,account=sub;type=Transfer_to_main_account;before=0.51559568;after=0.0;ref=89230623,2024-04-04,,,,,,,ETH,ETH,3056.287277124891
2024-04-04 00:24:00+00:00,okx,814329601,ledger,internal_transfer,ETH,,,0.51559568,,,0.0,,1575.8085169245564,,account=sub;type=transfer_in_from_trading_account;before=0.0;after=0.51559568;ref=814329601,2024-04-04,,,,,,,ETH,ETH,3056.287277124891
2024-04-04 00:23:00+00:00,okx,814328368,ledger,internal_transfer,USDT,,,-1730.0,,,0.0,,-1594.17618798,,account=sub;type=transfer_out_trading_account;before=1730.0;after=0.0;ref=814328368,2024-04-04,,,,,,,USDT,USDT,0.921489126
2024-04-04 00:22:00+00:00,okx,1656344253,ledger,saving,USDT,,,1730.0,,,0.0,,1594.17618798,,account=sub;type=saving_unsubscribe;before=0.0;after=1730.0;ref=1656344253,2024-04-04,,,,,,,USDT,USDT,0.921489126
2024-04-04 00:16:00+00:00,okx,89229716,ledger,internal_transfer,ETH,,,-4.7962867,,,0.0,,-14658.830018653327,,account=sub;type=Transfer_to_main_account;before=4.79628672;after=0.0;ref=89229716,2024-04-04,,,,,,,ETH,ETH,3056.287277124891
2024-04-04 00:16:00+00:00,okx,814322438,ledger,internal_transfer,ETH,,,4.79628672,,,0.0,,14658.830079779074,,account=sub;type=transfer_in_from_trading_account;before=0.0;after=4.79628672;ref=814322438,2024-04-04,,,,,,,ETH,ETH,3056.287277124891
2024-04-04 00:14:00+00:00,okx,814320822,ledger,internal_transfer,USDT,,,-16050.0,,,0.0,,-14789.9004723,,account=sub;type=transfer_out_trading_account;before=16050.0;after=0.0;ref=814320822,2024-04-04,,,,,,,USDT,USDT,0.921489126
2024-04-04 00:12:00+00:00,okx,1656337669,ledger,saving,USDT,,,16050.0,,,0.0,,14789.9004723,,account=sub;type=saving_unsubscribe;before=0.0;after=16050.0;ref=1656337669,2024-04-04,,,,,,,USDT,USDT,0.921489126
2024-04-03 23:24:00+00:00,okx,89223700,ledger,internal_transfer,USDT,,,-700000.0,,,0.0,,-649169.99,,account=sub;type=Transfer_to_main_account;before=700000.0;after=0.0;ref=89223700,2024-04-03,,,,,,,USDT,USDT,0.9273857
2024-04-03 23:22:00+00:00,okx,1656304373,ledger,saving,USDT,,,700000.0,,,0.0,,649169.99,,account=sub;type=saving_unsubscribe;before=0.0;after=700000.0;ref=1656304373,2024-04-03,,,,,,,USDT,USDT,0.9273857
2024-04-03 23:18:00+00:00,okx,89223129,ledger,internal_transfer,ETH,,,-6.9927168,,,0.0,,-21237.556034001977,,account=sub;type=Transfer_to_main_account;before=6.99271679;after=0.0;ref=89223129,2024-04-03,,,,,,,ETH,ETH,3037.0965450798717
2024-04-03 23:18:00+00:00,okx,814276202,ledger,internal_transfer,ETH,,,6.99271679,,,0.0,,21237.556003631013,,account=sub;type=transfer_in_from_trading_account;before=0.0;after=6.99271679;ref=814276202,2024-04-03,,,,,,,ETH,ETH,3037.0965450798717
2024-04-03 23:16:00+00:00,okx,814274496,ledger,internal_transfer,USDT,,,-23400.0,,,0.0,,-21700.82538,,account=sub;type=transfer_out_trading_account;before=23400.0;after=0.0;ref=814274496,2024-04-03,,,,,,,USDT,USDT,0.9273857
2024-04-03 23:16:00+00:00,okx,187360591,ledger,deposit,USDT,,,23400.0,,,0.0,,21700.82538,,account=sub;type=deposit;before=0.0;after=23400.0;ref=187360591,2024-04-03,,,,,,,USDT,USDT,0.9273857
2024-04-03 05:51:00+00:00,okx,1655451011,ledger,saving,USDT,,,-113592.29,,,0.0,,-105343.86537625299,,account=sub;type=saving_subscribe;before=113592.29;after=0.0;ref=1655451011,2024-04-03,,,,,,,USDT,USDT,0.9273857
2024-04-03 05:50:00+00:00,okx,89099825,ledger,internal_transfer,USDT,,,113592.29,,,0.0,,105343.86537625299,,account=sub;type=Transfer_from_main_account;before=0.0;after=113592.29;ref=89099825,2024-04-03,,,,,,,USDT,USDT,0.9273857
2024-04-02 21:46:00+00:00,okx,813207526,ledger,internal_transfer,USDT,,,620000.0,,,0.0,,576797.84138,,account=sub;type=transfer_in_from_trading_account;before=0.0;after=620000.0;ref=813207526,2024-04-02,,,,,,,USDT,USDT,0.930319099
2024-04-02 21:46:00+00:00,okx,1655193887,ledger,saving,USDT,,,-620000.0,,,0.0,,-576797.84138,,account=sub;type=saving_subscribe;before=620000.0;after=0.0;ref=1655193887,2024-04-02,,,,,,,USDT,USDT,0.930319099
2024-04-02 21:40:00+00:00,okx,186925548,ledger,deposit,USDT,,,620000.0,,,0.0,,576797.84138,,account=sub;type=deposit;before=0.0;after=620000.0;ref=186925548,2024-04-02,,,,,,,USDT,USDT,0.930319099
2024-04-02 21:40:00+00:00,okx,813200663,ledger,internal_transfer,USDT,,,-620000.0,,,0.0,,-576797.84138,,account=sub;type=transfer_out_trading_account;before=620000.0;after=0.0;ref=813200663,2024-04-02,,,,,,,USDT,USDT,0.930319099
2024-03-27 05:25:00+00:00,okx,87952985,ledger,internal_transfer,XTZ,,,-6659.1215,,,0.0,,-8482.331905534716,,account=sub;type=Transfer_to_main_account;before=6659.12152;after=0.0;ref=87952985,2024-03-27,,,,,,,XTZ,XTZ,1.2737914311271714
2024-03-27 05:20:00+00:00,okx,87952423,ledger,internal_transfer,AVAX,,,-199.9079,,,0.0,,-10316.068875214394,,account=sub;type=Transfer_to_main_account;before=199.907897;after=0.0;ref=87952423,2024-03-27,,,,,,,AVAX,AVAX,51.6041080678372
2024-03-27 05:11:00+00:00,okx,87951444,ledger,internal_transfer,SUI,,,-6786.9445,,,0.0,,-11844.1645538211,,account=sub;type=Transfer_to_main_account;before=6786.9445;after=0.0;ref=87951444,2024-03-27,,,,,,,SUI,SUI,1.745139444387839
2024-03-27 05:08:00+00:00,okx,87951120,ledger,internal_transfer,SHIB,,,-436000000.0,,,0.0,,-12375.15552712302,,account=sub;type=Transfer_to_main_account;before=436000000.0;after=0.0;ref=87951120,2024-03-27,,,,,,,SHIB,SHIB,2.838338423652069e-05
2024-03-27 05:04:00+00:00,okx,87950934,ledger,internal_transfer,TIA,,,-1000.0501,,,0.0,,-12840.612822438201,,account=sub;type=Transfer_to_main_account;before=1000.05012;after=0.0;ref=87950934,2024-03-27,,,,,,,TIA,TIA,12.839969539964248
2024-03-27 04:57:00+00:00,okx,87950273,ledger,internal_transfer,ATOM,,,-1515.3936,,,0.0,,-17133.781281979347,,account=sub;type=Transfer_to_main_account;before=1515.3936;after=0.0;ref=87950273,2024-03-27,,,,,,,ATOM,ATOM,11.306489140497456
2024-03-27 04:38:00+00:00,okx,87948402,ledger,internal_transfer,BONK,,,-791000000.0,,,0.0,,-19734.764337069926,,account=sub;type=Transfer_to_main_account;before=791000000.0;after=0.0;ref=87948402,2024-03-27,,,,,,,BONK,BONK,2.494913316949422e-05
2024-03-27 04:21:00+00:00,okx,87946966,ledger,internal_transfer,MATIC,,,-25059.852,,,0.0,,-24324.428736109036,,account=sub;type=Transfer_to_main_account;before=25059.8517;after=0.0;ref=87946966,2024-03-27,,,,,,,MATIC,MATIC,0.9706533277255204
2024-03-27 04:20:00+00:00,okx,87946868,ledger,internal_transfer,PEPE,,,-3600000000.0,,,0.0,,-26776.638992463017,,account=sub;type=Transfer_to_main_account;before=3600000000.0;after=0.0;ref=87946868,2024-03-27,,,,,,,PEPE,PEPE,7.437955275684172e-06
2024-03-27 03:56:00+00:00,okx,87944165,ledger,internal_transfer,BTC,,,-0.5048893,,,0.0,,-32714.19913531228,,account=sub;type=Transfer_to_main_account;before=0.50488931;after=0.0;ref=87944165,2024-03-27,,,,,,,BTC,BTC,64794.79587963595
2024-03-27 03:43:00+00:00,okx,87942471,ledger,internal_transfer,FET,,,-12454.393,,,0.0,,-32770.900187337946,,account=sub;type=Transfer_to_main_account;before=12454.393;after=0.0;ref=87942471,2024-03-27,,,,,,,FET,FET,2.6312723701057084
2024-03-27 03:38:00+00:00,okx,87941939,ledger,internal_transfer,DOGE,,,-300385.36,,,0.0,,-50692.48772249561,,account=sub;type=Transfer_to_main_account;before=300385.363;after=0.0;ref=87941939,2024-03-27,,,,,,,DOGE,DOGE,0.168758183562926
2024-03-27 03:33:00+00:00,okx,87941608,ledger,internal_transfer,BNB,,,-100.09306,,,0.0,,-53753.01071397555,,account=sub;type=Transfer_to_main_account;before=100.09306;after=0.0;ref=87941608,2024-03-27,,,,,,,BNB,BNB,537.0303466991173
2024-03-27 03:23:00+00:00,okx,87940630,ledger,internal_transfer,GRT,,,-211600.11,,,0.0,,-77865.27150075011,,account=sub;type=Transfer_to_main_account;before=211600.111;after=0.0;ref=87940630,2024-03-27,,,,,,,GRT,GRT,0.3679831333771524
2024-03-27 03:04:00+00:00,okx,87938293,ledger,internal_transfer,CFX,,,-185142.35,,,0.0,,-85559.75271466238,,account=sub;type=Transfer_to_main_account;before=185142.352;after=0.0;ref=87938293,2024-03-27,,,,,,,CFX,CFX,0.4621295598476652
2024-03-27 02:21:00+00:00,okx,87932972,ledger,internal_transfer,USDT,,,-868893.14,,,0.0,,-803340.5510200788,,account=sub;type=Transfer_to_main_account;before=868893.137;after=0.0;ref=87932972,2024-03-27,,,,,,,USDT,USDT,0.924556213
2024-03-27 02:19:00+00:00,okx,1648236963,ledger,saving,USDT,,,868893.137,,,0.0,,803340.5482464102,,account=sub;type=saving_unsubscribe;before=0.0;after=868893.137;ref=1648236963,2024-03-27,,,,,,,USDT,USDT,0.924556213
2024-03-27 00:39:00+00:00,okx,87921709,ledger,internal_transfer,USDT,,,-10000.0,,,0.0,,-9245.56213,,account=sub;type=Transfer_to_main_account;before=10000.0;after=0.0;ref=87921709,2024-03-27,,,,,,,USDT,USDT,0.924556213
2024-03-27 00:38:00+00:00,okx,806656773,ledger,internal_transfer,CFX,,,79523.8967,,,0.0,,36750.343379342194,,account=sub;type=transfer_in_from_trading_account;before=105618.456;after=185142.352;ref=806656773,2024-03-27,,,,,,,CFX,CFX,0.4621295598476652
2024-03-27 00:37:00+00:00,okx,1648186033,ledger,saving,USDT,,,10000.0,,,0.0,,9245.56213,,account=sub;type=saving_unsubscribe;before=0.0;after=10000.0;ref=1648186033,2024-03-27,,,,,,,USDT,USDT,0.924556213
2024-03-27 00:36:00+00:00,okx,806654804,ledger,internal_transfer,USDT,,,731876.537,,,0.0,,676660.9994322744,,account=sub;type=transfer_in_from_trading_account;before=0.0;after=731876.537;ref=806654804,2024-03-27,,,,,,,USDT,USDT,0.924556213
2024-03-27 00:36:00+00:00,okx,1648184961,ledger,saving,USDT,,,-731876.54,,,0.0,,-676661.0022059431,,account=sub;type=saving_subscribe;before=731876.537;after=0.0;ref=1648184961,2024-03-27,,,,,,,USDT,USDT,0.924556213
2024-03-26 23:38:00+00:00,okx,184642115,ledger,deposit,USDT,,,731872.42,,,0.0,,674226.0892363588,,account=sub;type=deposit;before=0.0;after=731872.42;ref=184642115,2024-03-26,,,,,,,USDT,USDT,0.921234454
2024-03-26 23:38:00+00:00,okx,806598141,ledger,internal_transfer,USDT,,,-731872.42,,,0.0,,-674226.0892363588,,account=sub;type=transfer_out_trading_account;before=731872.42;after=0.0;ref=806598141,2024-03-26,,,,,,,USDT,USDT,0.921234454
2024-03-26 19:55:00+00:00,okx,87876297,ledger,internal_transfer,USDT,,,-356250.0,,,0.0,,-328189.77423750004,,account=sub;type=Transfer_to_main_account;before=356250.0;after=0.0;ref=87876297,2024-03-26,,,,,,,USDT,USDT,0.921234454
2024-03-26 19:49:00+00:00,okx,1647954576,ledger,saving,USDT,,,356250.0,,,0.0,,328189.77423750004,,account=sub;type=saving_unsubscribe;before=0.0;after=356250.0;ref=1647954576,2024-03-26,,,,,,,USDT,USDT,0.921234454
2024-03-26 05:33:00+00:00,okx,805790500,ledger,internal_transfer,USDT,,,-30030.0,,,0.0,,-27664.67065362,,account=sub;type=transfer_out_trading_account;before=30030.0;after=0.0;ref=805790500,2024-03-26,,,,,,,USDT,USDT,0.921234454
2024-03-26 05:33:00+00:00,okx,1647220575,ledger,saving,USDT,,,30030.0,,,0.0,,27664.67065362,,account=sub;type=saving_unsubscribe;before=0.0;after=30030.0;ref=1647220575,2024-03-26,,,,,,,USDT,USDT,0.921234454
2024-03-26 02:03:00+00:00,okx,805671336,ledger,internal_transfer,USDT,,,220281.937,,,0.0,,202931.30995825742,,account=sub;type=transfer_in_from_trading_account;before=0.0;after=220281.937;ref=805671336,2024-03-26,,,,,,,USDT,USDT,0.921234454
2024-03-26 02:03:00+00:00,okx,1647146228,ledger,saving,USDT,,,-220281.94,,,0.0,,-202931.31272196077,,account=sub;type=saving_subscribe;before=220281.937;after=0.0;ref=1647146228,2024-03-26,,,,,,,USDT,USDT,0.921234454
2024-03-26 01:52:00+00:00,okx,87761761,ledger,internal_transfer,USDT,,,-23600.0,,,0.0,,-21741.1331144,,account=sub;type=Transfer_to_main_account;before=23600.0;after=0.0;ref=87761761,2024-03-26,,,,,,,USDT,USDT,0.921234454
2024-03-26 01:52:00+00:00,okx,805663076,ledger,internal_transfer,USDT,,,23600.0,,,0.0,,21741.1331144,,account=sub;type=transfer_in_from_trading_account;before=0.0;after=23600.0;ref=805663076,2024-03-26,,,,,,,USDT,USDT,0.921234454
2024-03-26 01:50:00+00:00,okx,805661127,ledger,internal_transfer,USDT,,,-214838.0,,,0.0,,-197916.167628452,,account=sub;type=transfer_out_trading_account;before=214838.0;after=0.0;ref=805661127,2024-03-26,,,,,,,USDT,USDT,0.921234454
2024-03-26 01:50:00+00:00,okx,184326467,ledger,deposit,USDT,,,214838.0,,,0.0,,197916.167628452,,account=sub;type=deposit;before=0.0;after=214838.0;ref=184326467,2024-03-26,,,,,,,USDT,USDT,0.921234454
2024-03-26 01:43:00+00:00,okx,805655556,ledger,internal_transfer,USDT,,,-10.0,,,0.0,,-9.21234454,,account=sub;type=transfer_out_trading_account;before=10.0;after=0.0;ref=805655556,2024-03-26,,,,,,,USDT,USDT,0.921234454
2024-03-26 01:43:00+00:00,okx,184324864,ledger,deposit,USDT,,,10.0,,,0.0,,9.21234454,,account=sub;type=deposit;before=0.0;after=10.0;ref=184324864,2024-03-26,,,,,,,USDT,USDT,0.921234454
2024-03-26 01:07:00+00:00,okx,87754216,ledger,internal_transfer,USDT,,,-5005.0,,,0.0,,-4610.778442270001,,account=sub;type=Transfer_to_main_account;before=5005.0;after=0.0;ref=87754216,2024-03-26,,,,,,,USDT,USDT,0.921234454
2024-03-26 01:05:00+00:00,okx,1647109202,ledger,saving,USDT,,,5005.0,,,0.0,,4610.778442270001,,account=sub;type=saving_unsubscribe;before=0.0;after=5005.0;ref=1647109202,2024-03-26,,,,,,,USDT,USDT,0.921234454
2024-03-26 00:31:00+00:00,okx,87747751,ledger,internal_transfer,USDT,,,-10000.0,,,0.0,,-9212.34454,,account=sub;type=Transfer_to_main_account;before=10000.0;after=0.0;ref=87747751,2024-03-26,,,,,,,USDT,USDT,0.921234454
2024-03-26 00:27:00+00:00,okx,1647081957,ledger,saving,USDT,,,10000.0,,,0.0,,9212.34454,,account=sub;type=saving_unsubscribe;before=0.0;after=10000.0;ref=1647081957,2024-03-26,,,,,,,USDT,USDT,0.921234454
2024-03-25 22:50:00+00:00,okx,87729292,ledger,internal_transfer,USDT,,,-60000.0,,,0.0,,-55376.09598,,account=sub;type=Transfer_to_main_account;before=60000.0;after=0.0;ref=87729292,2024-03-25,,,,,,,USDT,USDT,0.922934933
2024-03-25 22:43:00+00:00,okx,1646983117,ledger,saving,USDT,,,60000.0,,,0.0,,55376.09598,,account=sub;type=saving_unsubscribe;before=0.0;after=60000.0;ref=1646983117,2024-03-25,,,,,,,USDT,USDT,0.922934933
2024-03-25 22:36:00+00:00,okx,805433154,ledger,internal_transfer,BTC,,,0.01320225,,,0.0,,820.172061621882,,account=sub;type=transfer_in_from_trading_account;before=0.50488931;after=0.51809156;ref=805433154,2024-03-25,,,,,,,BTC,BTC,62123.65783270897
2024-03-25 22:36:00+00:00,okx,87726673,ledger,internal_transfer,BTC,,,-0.0132023,,,0.0,,-820.1751678047737,,account=sub;type=Transfer_to_main_account;before=0.51809156;after=0.50488931;ref=87726673,2024-03-25,,,,,,,BTC,BTC,62123.65783270897
2024-03-25 22:33:00+00:00,okx,805428995,ledger,internal_transfer,BTC,,,-0.0132023,,,0.0,,-820.1751678047737,,account=sub;type=transfer_out_trading_account;before=0.51809156;after=0.50488931;ref=805428995,2024-03-25,,,,,,,BTC,BTC,62123.65783270897
2024-03-25 22:33:00+00:00,okx,805427688,ledger,internal_transfer,BTC,,,0.01320226,,,0.0,,820.1726828584603,,account=sub;type=transfer_in_from_trading_account;before=0.5048893;after=0.51809156;ref=805427688,2024-03-25,,,,,,,BTC,BTC,62123.65783270897
2024-03-25 18:57:00+00:00,okx,805187447,ledger,internal_transfer,USDT,,,-40000.0,,,0.0,,-36917.39732,,account=sub;type=transfer_out_trading_account;before=40000.0;after=0.0;ref=805187447,2024-03-25,,,,,,,USDT,USDT,0.922934933
2024-03-25 18:57:00+00:00,okx,1646792432,ledger,saving,USDT,,,40000.0,,,0.0,,36917.39732,,account=sub;type=saving_unsubscribe;before=0.0;after=40000.0;ref=1646792432,2024-03-25,,,,,,,USDT,USDT,0.922934933
2024-03-25 18:03:00+00:00,okx,87683075,ledger,internal_transfer,USDT,,,-35000.0,,,0.0,,-32302.722654999998,,account=sub;type=Transfer_to_main_account;before=35000.0;after=0.0;ref=87683075,2024-03-25,,,,,,,USDT,USDT,0.922934933
2024-03-25 18:02:00+00:00,okx,1646750228,ledger,saving,USDT,,,35000.0,,,0.0,,32302.722654999998,,account=sub;type=saving_unsubscribe;before=0.0;after=35000.0;ref=1646750228,2024-03-25,,,,,,,USDT,USDT,0.922934933
2024-03-23 04:18:00+00:00,okx,802834971,ledger,internal_transfer,USDT,,,462261.415,,,0.0,,427110.24203652533,,account=sub;type=transfer_in_from_trading_account;before=0.0;after=462261.415;ref=802834971,2024-03-23,,,,,,,USDT,USDT,0.923958237
2024-03-23 04:18:00+00:00,okx,1644325956,ledger,saving,USDT,,,-462261.42,,,0.0,,-427110.2466563165,,account=sub;type=saving_subscribe;before=462261.415;after=0.0;ref=1644325956,2024-03-23,,,,,,,USDT,USDT,0.923958237
2024-03-23 04:12:00+00:00,okx,183018545,ledger,deposit,USDT,,,462261.415,,,0.0,,427110.24203652533,,account=sub;type=deposit;before=0.0;after=462261.415;ref=183018545,2024-03-23,,,,,,,USDT,USDT,0.923958237
2024-03-23 04:12:00+00:00,okx,802832083,ledger,internal_transfer,USDT,,,-462261.42,,,0.0,,-427110.2466563165,,account=sub;type=transfer_out_trading_account;before=462261.415;after=0.0;ref=802832083,2024-03-23,,,,,,,USDT,USDT,0.923958237
2024-03-21 00:47:00+00:00,okx,86873760,ledger,internal_transfer,USDT,,,-127535.89,,,0.0,,-116930.31083605655,,account=sub;type=Transfer_to_main_account;before=127535.893;after=0.0;ref=86873760,2024-03-21,,,,,,,USDT,USDT,0.916842395
2024-03-21 00:45:00+00:00,okx,1642110112,ledger,saving,USDT,,,127535.893,,,0.0,,116930.31358658372,,account=sub;type=saving_unsubscribe;before=0.0;after=127535.893;ref=1642110112,2024-03-21,,,,,,,USDT,USDT,0.916842395
2024-03-20 20:46:00+00:00,okx,86839218,ledger,internal_transfer,USDT,,,-220055.16,,,0.0,,-202928.03385878558,,account=sub;type=Transfer_to_main_account;before=220055.163;after=0.0;ref=86839218,2024-03-20,,,,,,,USDT,USDT,0.922168941
2024-03-20 20:45:00+00:00,okx,1641922897,ledger,saving,USDT,,,182500.0,,,0.0,,168295.8317325,,account=sub;type=saving_unsubscribe;before=37555.1633;after=220055.163;ref=1641922897,2024-03-20,,,,,,,USDT,USDT,0.922168941
2024-03-20 20:44:00+00:00,okx,800430758,ledger,internal_transfer,SHIB,,,436000000.0,,,0.0,,10021.045041242754,,account=sub;type=transfer_in_from_trading_account;before=0.0;after=436000000.0;ref=800430758,2024-03-20,,,,,,,SHIB,SHIB,2.298404825973109e-05
2024-03-20 20:43:00+00:00,okx,86838641,ledger,internal_transfer,USDT,,,37555.1633,,,0.0,,34632.20516944306,,account=sub;type=Transfer_from_main_account;before=0.0;after=37555.1633;ref=86838641,2024-03-20,,,,,,,USDT,USDT,0.922168941
2024-03-20 01:43:00+00:00,okx,799602662,ledger,internal_transfer,USDT,,,310000.0,,,0.0,,285872.37171,,account=sub;type=transfer_in_from_trading_account;before=0.0;after=310000.0;ref=799602662,2024-03-20,,,,,,,USDT,USDT,0.922168941
2024-03-20 01:43:00+00:00,okx,1641032693,ledger,saving,USDT,,,-310000.0,,,0.0,,-285872.37171,,account=sub;type=saving_subscribe;before=310000.0;after=0.0;ref=1641032693,2024-03-20,,,,,,,USDT,USDT,0.922168941
2024-03-20 01:42:00+00:00,okx,181952883,ledger,deposit,USDT,,,310000.0,,,0.0,,285872.37171,,account=sub;type=deposit;before=0.0;after=310000.0;ref=181952883,2024-03-20,,,,,,,USDT,USDT,0.922168941
2024-03-20 01:42:00+00:00,okx,799601489,ledger,internal_transfer,USDT,,,-310000.0,,,0.0,,-285872.37171,,account=sub;type=transfer_out_trading_account;before=310000.0;after=0.0;ref=799601489,2024-03-20,,,,,,,USDT,USDT,0.922168941
2024-03-19 23:09:00+00:00,okx,86673073,ledger,internal_transfer,USDT,,,-2.5481528,,,0.0,,-2.347662427885471,,account=sub;type=Transfer_to_main_account;before=2.54815282;after=0.0;ref=86673073,2024-03-19,,,,,,,USDT,USDT,0.921319329
2024-03-19 23:09:00+00:00,okx,799454688,ledger,internal_transfer,USDT,,,2.54815282,,,0.0,,2.347662446311858,,account=sub;type=transfer_in_from_trading_account;before=0.0;after=2.54815282;ref=799454688,2024-03-19,,,,,,,USDT,USDT,0.921319329
2024-03-19 23:08:00+00:00,okx,799453949,ledger,internal_transfer,SHIB,,,-436000000.0,,,0.0,,-10799.355882399512,,account=sub;type=transfer_out_trading_account;before=436000000.0;after=0.0;ref=799453949,2024-03-19,,,,,,,SHIB,SHIB,2.476916486788879e-05
2024-03-19 18:58:00+00:00,okx,799167387,ledger,internal_transfer,SUI,,,6786.9445,,,0.0,,9545.660800508775,,account=sub;type=transfer_in_from_trading_account;before=0.0;after=6786.9445;ref=799167387,2024-03-19,,,,,,,SUI,SUI,1.406473973746032
2024-03-19 05:54:00+00:00,okx,86529454,ledger,internal_transfer,USDT,,,-820794.3,,,0.0,,-756213.6537230248,,account=sub;type=Transfer_to_main_account;before=820794.303;after=0.0;ref=86529454,2024-03-19,,,,,,,USDT,USDT,0.921319329
2024-03-19 05:50:00+00:00,okx,1639605125,ledger,saving,USDT,,,820794.303,,,0.0,,756213.6564869827,,account=sub;type=saving_unsubscribe;before=0.0;after=820794.303;ref=1639605125,2024-03-19,,,,,,,USDT,USDT,0.921319329
2024-03-19 04:54:00+00:00,okx,1639586322,ledger,saving,USDT,,,-600020.53,,,0.0,,-552810.5120858244,,account=sub;type=saving_subscribe;before=600020.53;after=0.0;ref=1639586322,2024-03-19,,,,,,,USDT,USDT,0.921319329
2024-03-19 04:54:00+00:00,okx,798359630,ledger,internal_transfer,USDT,,,600020.53,,,0.0,,552810.5120858244,,account=sub;type=transfer_in_from_trading_account;before=0.0;after=600020.53;ref=798359630,2024-03-19,,,,,,,USDT,USDT,0.921319329
2024-03-19 04:00:00+00:00,okx,798336823,ledger,internal_transfer,USDT,,,3599979.47,,,0.0,,3316730.669714176,,account=sub;type=transfer_in_from_trading_account;before=0.0;after=3599979.47;ref=798336823,2024-03-19,,,,,,,USDT,USDT,0.921319329
2024-03-19 04:00:00+00:00,okx,86519351,ledger,internal_transfer,USDT,,,-3599979.5,,,0.0,,-3316730.6973537556,,account=sub;type=Transfer_to_main_account;before=3599979.47;after=0.0;ref=86519351,2024-03-19,,,,,,,USDT,USDT,0.921319329
2024-03-19 03:31:00+00:00,okx,798324676,ledger,internal_transfer,USDT,,,-4200000.0,,,0.0,,-3869541.1818,,account=sub;type=transfer_out_trading_account;before=4200000.0;after=0.0;ref=798324676,2024-03-19,,,,,,,USDT,USDT,0.921319329
2024-03-19 03:31:00+00:00,okx,181570172,ledger,deposit,USDT,,,4200000.0,,,0.0,,3869541.1818,,account=sub;type=deposit;before=0.0;after=4200000.0;ref=181570172,2024-03-19,,,,,,,USDT,USDT,0.921319329
2024-03-19 01:35:00+00:00,okx,86505076,ledger,internal_transfer,USDT,,,-600008.06,,,0.0,,-552799.0232337918,,account=sub;type=Transfer_to_main_account;before=600008.06;after=0.0;ref=86505076,2024-03-19,,,,,,,USDT,USDT,0.921319329
2024-03-19 01:34:00+00:00,okx,798260440,ledger,internal_transfer,USDT,,,534303.06,,,0.0,,492263.7367218468,,account=sub;type=transfer_in_from_trading_account;before=65705.0;after=600008.06;ref=798260440,2024-03-19,,,,,,,USDT,USDT,0.921319329
2024-03-19 01:34:00+00:00,okx,1639518756,ledger,saving,USDT,,,65705.0,,,0.0,,60535.286511945,,account=sub;type=saving_unsubscribe;before=0.0;after=65705.0;ref=1639518756,2024-03-19,,,,,,,USDT,USDT,0.921319329
2024-03-19 00:09:00+00:00,okx,86492712,ledger,internal_transfer,USDT,,,-3171610.0,,,0.0,,-2922065.59704969,,account=sub;type=Transfer_to_main_account;before=3171610.0;after=0.0;ref=86492712,2024-03-19,,,,,,,USDT,USDT,0.921319329
2024-03-19 00:09:00+00:00,okx,798186803,ledger,internal_transfer,USDT,,,3171610.0,,,0.0,,2922065.59704969,,account=sub;type=transfer_in_from_trading_account;before=0.0;after=3171610.0;ref=798186803,2024-03-19,,,,,,,USDT,USDT,0.921319329
2024-03-19 00:07:00+00:00,okx,181532405,ledger,deposit,USDT,,,3705863.06,,,0.0,,3414283.267805087,,account=sub;type=deposit;before=0.0;after=3705863.06;ref=181532405,2024-03-19,,,,,,,USDT,USDT,0.921319329
2024-03-19 00:07:00+00:00,okx,798185071,ledger,internal_transfer,USDT,,,-3705863.1,,,0.0,,-3414283.30465786,,account=sub;type=transfer_out_trading_account;before=3705863.06;after=0.0;ref=798185071,2024-03-19,,,,,,,USDT,USDT,0.921319329
2024-03-18 23:41:00+00:00,okx,181525872,ledger,deposit,USDT,,,50.0,,,0.0,,45.905251549999996,,account=sub;type=deposit;before=0.0;after=50.0;ref=181525872,2024-03-18,,,,,,,USDT,USDT,0.918105031
2024-03-18 23:41:00+00:00,okx,798160920,ledger,internal_transfer,USDT,,,-50.0,,,0.0,,-45.905251549999996,,account=sub;type=transfer_out_trading_account;before=50.0;after=0.0;ref=798160920,2024-03-18,,,,,,,USDT,USDT,0.918105031
2024-03-18 23:33:00+00:00,okx,86487988,ledger,internal_transfer,USDT,,,-105.0,,,0.0,,-96.401028255,,account=sub;type=Transfer_to_main_account;before=105.0;after=0.0;ref=86487988,2024-03-18,,,,,,,USDT,USDT,0.918105031
2024-03-18 23:32:00+00:00,okx,1639438108,ledger,saving,USDT,,,105.0,,,0.0,,96.401028255,,account=sub;type=saving_unsubscribe;before=0.0;after=105.0;ref=1639438108,2024-03-18,,,,,,,USDT,USDT,0.918105031
2024-03-17 15:07:00+00:00,okx,796676230,ledger,internal_transfer,SUI,,,-6786.9445,,,0.0,,-10074.530962640287,,account=sub;type=transfer_out_trading_account;before=6786.9445;after=0.0;ref=796676230,2024-03-17,,,,,,,SUI,SUI,1.4843986071552946
2024-03-16 06:43:00+00:00,okx,1636288658,ledger,saving,USDT,,,-213921.74,,,0.0,,-196402.62573427393,,account=sub;type=saving_subscribe;before=213921.741;after=0.0;ref=1636288658,2024-03-16,,,,,,,USDT,USDT,0.918105031
2024-03-16 06:42:00+00:00,okx,795160293,ledger,internal_transfer,SUI,,,6786.9445,,,0.0,,9272.092180224045,,account=sub;type=transfer_in_from_trading_account;before=0.0;after=6786.9445;ref=795160293,2024-03-16,,,,,,,SUI,SUI,1.3661659057657014
2024-03-16 06:42:00+00:00,okx,795160165,ledger,internal_transfer,USDT,,,213921.741,,,0.0,,196402.62665237897,,account=sub;type=transfer_in_from_trading_account;before=0.0;after=213921.741;ref=795160165,2024-03-16,,,,,,,USDT,USDT,0.918105031
2024-03-16 06:42:00+00:00,okx,180601008,ledger,deposit,USDT,,,211915.296,,,0.0,,194560.49940345416,,account=sub;type=deposit;before=0.0;after=211915.296;ref=180601008,2024-03-16,,,,,,,USDT,USDT,0.918105031
2024-03-16 06:42:00+00:00,okx,795159875,ledger,internal_transfer,USDT,,,-211915.3,,,0.0,,-194560.5030758743,,account=sub;type=transfer_out_trading_account;before=211915.296;after=0.0;ref=795159875,2024-03-16,,,,,,,USDT,USDT,0.918105031
2024-03-16 06:17:00+00:00,okx,795147129,ledger,internal_transfer,USDT,,,-11567.181,,,0.0,,-10619.88707058761,,account=sub;type=transfer_out_trading_account;before=11567.181;after=0.0;ref=795147129,2024-03-16,,,,,,,USDT,USDT,0.918105031
2024-03-16 06:17:00+00:00,okx,1636279423,ledger,saving,USDT,,,10000.0,,,0.0,,9181.050309999999,,account=sub;type=saving_unsubscribe;before=1567.181;after=11567.181;ref=1636279423,2024-03-16,,,,,,,USDT,USDT,0.918105031
2024-03-15 23:59:00+00:00,okx,794891303,ledger,internal_transfer,BTC,,,0.50477275,,,0.0,,33098.49967777012,,account=sub;type=transfer_in_from_trading_account;before=0.000117;after=0.5048893;ref=794891303,2024-03-15,,,,,,,BTC,BTC,65571.09051106685
2024-03-15 23:59:00+00:00,okx,794891151,ledger,internal_transfer,USDT,,,1567.181,,,0.0,,1438.836760587611,,account=sub;type=transfer_in_from_trading_account;before=0.0;after=1567.181;ref=794891151,2024-03-15,,,,,,,USDT,USDT,0.918105031
2024-03-15 22:25:00+00:00,okx,794801928,ledger,internal_transfer,USDT,,,-6000.0,,,0.0,,-5508.630185999999,,account=sub;type=transfer_out_trading_account;before=6000.0;after=0.0;ref=794801928,2024-03-15,,,,,,,USDT,USDT,0.918105031
2024-03-15 22:25:00+00:00,okx,1636008958,ledger,saving,USDT,,,6000.0,,,0.0,,5508.630185999999,,account=sub;type=saving_unsubscribe;before=0.0;after=6000.0;ref=1636008958,2024-03-15,,,,,,,USDT,USDT,0.918105031
2024-03-15 22:24:00+00:00,okx,794800779,ledger,internal_transfer,USDT,,,-30000.0,,,0.0,,-27543.15093,,account=sub;type=transfer_out_trading_account;before=30000.0;after=0.0;ref=794800779,2024-03-15,,,,,,,USDT,USDT,0.918105031
2024-03-15 22:24:00+00:00,okx,1636007954,ledger,saving,USDT,,,30000.0,,,0.0,,27543.15093,,account=sub;type=saving_unsubscribe;before=0.0;after=30000.0;ref=1636007954,2024-03-15,,,,,,,USDT,USDT,0.918105031
2024-03-15 20:38:00+00:00,okx,794695174,ledger,internal_transfer,USDC,,,125002.0,,,0.0,,114764.965085062,,account=sub;type=transfer_in_from_trading_account;before=0.0;after=125002.0;ref=794695174,2024-03-15,,,,,,,USDC,USDC,0.918105031
2024-03-15 20:38:00+00:00,okx,85918810,ledger,internal_transfer,USDC,,,-125002.0,,,0.0,,-114764.965085062,,account=sub;type=Transfer_to_main_account;before=125002.0;after=0.0;ref=85918810,2024-03-15,,,,,,,USDC,USDC,0.918105031
2024-03-15 20:31:00+00:00,okx,794687539,ledger,internal_transfer,USDC,,,-125430.0,,,0.0,,-115157.91403833,,account=sub;type=transfer_out_trading_account;before=125430.0;after=0.0;ref=794687539,2024-03-15,,,,,,,USDC,USDC,0.918105031
2024-03-15 20:31:00+00:00,okx,180454753,ledger,deposit,USDC,,,125430.0,,,0.0,,115157.91403833,,account=sub;type=deposit;before=0.0;after=125430.0;ref=180454753,2024-03-15,,,,,,,USDC,USDC,0.918105031
2024-03-15 20:22:00+00:00,okx,794679048,ledger,internal_transfer,USDC,,,-20.0,,,0.0,,-18.36210062,,account=sub;type=transfer_out_trading_account;before=20.0;after=0.0;ref=794679048,2024-03-15,,,,,,,USDC,USDC,0.918105031
2024-03-15 20:22:00+00:00,okx,180451536,ledger,deposit,USDC,,,20.0,,,0.0,,18.36210062,,account=sub;type=deposit;before=0.0;after=20.0;ref=180451536,2024-03-15,,,,,,,USDC,USDC,0.918105031
2024-03-15 19:45:00+00:00,okx,85911404,ledger,internal_transfer,USDT,,,-300001.0,,,0.0,,-275432.427405031,,account=sub;type=Transfer_to_main_account;before=300001.0;after=0.0;ref=85911404,2024-03-15,,,,,,,USDT,USDT,0.918105031
2024-03-15 19:43:00+00:00,okx,1635859435,ledger,saving,USDT,,,1.0,,,0.0,,0.918105031,,account=sub;type=saving_unsubscribe;before=300000.0;after=300001.0;ref=1635859435,2024-03-15,,,,,,,USDT,USDT,0.918105031
2024-03-15 19:39:00+00:00,okx,1635855636,ledger,saving,USDT,,,300000.0,,,0.0,,275431.5093,,account=sub;type=saving_unsubscribe;before=4.49e-09;after=300000.0;ref=1635855636,2024-03-15,,,,,,,USDT,USDT,0.918105031
2024-03-15 17:59:00+00:00,okx,1635727207,ledger,saving,USDT,,,-36800.0,,,0.0,,-33786.2651408,,account=sub;type=saving_subscribe;before=36800.0;after=4.49e-09;ref=1635727207,2024-03-15,,,,,,,USDT,USDT,0.918105031
2024-03-15 17:58:00+00:00,okx,85895450,ledger,internal_transfer,USDT,,,36800.0,,,0.0,,33786.2651408,,account=sub;type=Transfer_from_main_account;before=4.49e-09;after=36800.0;ref=85895450,2024-03-15,,,,,,,USDT,USDT,0.918105031
2024-03-15 06:45:00+00:00,okx,793753476,ledger,internal_transfer,USDT,,,220000.0,,,0.0,,201983.10682,,account=sub;type=transfer_in_from_trading_account;before=4.49e-09;after=220000.0;ref=793753476,2024-03-15,,,,,,,USDT,USDT,0.918105031
2024-03-15 06:45:00+00:00,okx,1634780562,ledger,saving,USDT,,,-220000.0,,,0.0,,-201983.10682,,account=sub;type=saving_subscribe;before=220000.0;after=4.49e-09;ref=1634780562,2024-03-15,,,,,,,USDT,USDT,0.918105031
2024-03-15 06:43:00+00:00,okx,180171964,ledger,deposit,USDT,,,220000.0,,,0.0,,201983.10682,,account=sub;type=deposit;before=4.49e-09;after=220000.0;ref=180171964,2024-03-15,,,,,,,USDT,USDT,0.918105031
2024-03-15 06:43:00+00:00,okx,793752230,ledger,internal_transfer,USDT,,,-220000.0,,,0.0,,-201983.10682,,account=sub;type=transfer_out_trading_account;before=220000.0;after=4.49e-09;ref=793752230,2024-03-15,,,,,,,USDT,USDT,0.918105031
2024-03-15 01:15:00+00:00,okx,1634639869,ledger,saving,USDT,,,-183.93393,,,0.0,,-168.87066650460181,,account=sub;type=saving_subscribe;before=183.933926;after=4.49e-09;ref=1634639869,2024-03-15,,,,,,,USDT,USDT,0.918105031
2024-03-15 01:14:00+00:00,okx,793520276,ledger,internal_transfer,USDT,,,183.933926,,,0.0,,168.87066283218172,,account=sub;type=transfer_in_from_trading_account;before=0.0;after=183.933926;ref=793520276,2024-03-15,,,,,,,USDT,USDT,0.918105031
2024-03-15 01:14:00+00:00,okx,793520168,ledger,internal_transfer,BONK,,,147000000.0,,,0.0,,4624.864583547582,,account=sub;type=transfer_in_from_trading_account;before=644000000.0;after=791000000.0;ref=793520168,2024-03-15,,,,,,,BONK,BONK,3.146166383365702e-05
2024-03-15 01:14:00+00:00,okx,793520082,ledger,internal_transfer,SHIB,,,157000000.0,,,0.0,,4652.493286429634,,account=sub;type=transfer_in_from_trading_account;before=279000000.0;after=436000000.0;ref=793520082,2024-03-15,,,,,,,SHIB,SHIB,2.963371520018875e-05
2024-03-15 01:14:00+00:00,okx,793519962,ledger,internal_transfer,DOGE,,,28986.95,,,0.0,,4720.2817267325845,,account=sub;type=transfer_in_from_trading_account;before=271398.413;after=300385.363;ref=793519962,2024-03-15,,,,,,,DOGE,DOGE,0.1628416141309308
2024-03-15 01:14:00+00:00,okx,793519853,ledger,internal_transfer,PEPE,,,518000000.0,,,0.0,,4767.786672726394,,account=sub;type=transfer_in_from_trading_account;before=3080000000.0;after=3600000000.0;ref=793519853,2024-03-15,,,,,,,PEPE,PEPE,9.20422137591968e-06
2024-03-15 01:14:00+00:00,okx,793519750,ledger,internal_transfer,AVAX,,,199.907897,,,0.0,,9902.801594781831,,account=sub;type=transfer_in_from_trading_account;before=0.0;after=199.907897;ref=793519750,2024-03-15,,,,,,,AVAX,AVAX,49.53682042276615
2024-03-15 00:29:00+00:00,okx,793472363,ledger,internal_transfer,USDT,,,-20000.0,,,0.0,,-18362.100619999997,,account=sub;type=transfer_out_trading_account;before=20000.0;after=0.0;ref=793472363,2024-03-15,,,,,,,USDT,USDT,0.918105031
2024-03-15 00:28:00+00:00,okx,1634606356,ledger,saving,USDT,,,5000.0,,,0.0,,4590.525154999999,,account=sub;type=saving_unsubscribe;before=15000.0;after=20000.0;ref=1634606356,2024-03-15,,,,,,,USDT,USDT,0.918105031
2024-03-15 00:26:00+00:00,okx,1634604783,ledger,saving,USDT,,,15000.0,,,0.0,,13771.575465,,account=sub;type=saving_unsubscribe;before=0.0;after=15000.0;ref=1634604783,2024-03-15,,,,,,,USDT,USDT,0.918105031
2024-03-14 23:55:00+00:00,okx,793433779,ledger,internal_transfer,USDT,,,-130.0,,,0.0,,-118.99313504,,account=sub;type=transfer_out_trading_account;before=130.0;after=0.0;ref=793433779,2024-03-14,,,,,,,USDT,USDT,0.915331808
2024-03-14 23:55:00+00:00,okx,1634577057,ledger,saving,USDT,,,130.0,,,0.0,,118.99313504,,account=sub;type=saving_unsubscribe;before=0.0;after=130.0;ref=1634577057,2024-03-14,,,,,,,USDT,USDT,0.915331808
2024-03-14 20:06:00+00:00,okx,793155711,ledger,internal_transfer,USDT,,,181360.955,,,0.0,,166005.45084075665,,account=sub;type=transfer_in_from_trading_account;before=0.0;after=181360.955;ref=793155711,2024-03-14,,,,,,,USDT,USDT,0.915331808
2024-03-14 20:06:00+00:00,okx,1634355234,ledger,saving,USDT,,,-181360.96,,,0.0,,-166005.45541741568,,account=sub;type=saving_subscribe;before=181360.955;after=0.0;ref=1634355234,2024-03-14,,,,,,,USDT,USDT,0.915331808
2024-03-14 20:05:00+00:00,okx,793154697,ledger,internal_transfer,USDT,,,-180000.0,,,0.0,,-164759.72544,,account=sub;type=transfer_out_trading_account;before=180000.0;after=0.0;ref=793154697,2024-03-14,,,,,,,USDT,USDT,0.915331808
2024-03-14 20:05:00+00:00,okx,179969460,ledger,deposit,USDT,,,180000.0,,,0.0,,164759.72544,,account=sub;type=deposit;before=0.0;after=180000.0;ref=179969460,2024-03-14,,,,,,,USDT,USDT,0.915331808
2024-03-14 19:58:00+00:00,okx,793148027,ledger,internal_transfer,USDT,,,-10.0,,,0.0,,-9.15331808,,account=sub;type=transfer_out_trading_account;before=10.0;after=0.0;ref=793148027,2024-03-14,,,,,,,USDT,USDT,0.915331808
2024-03-14 19:58:00+00:00,okx,179966703,ledger,deposit,USDT,,,10.0,,,0.0,,9.15331808,,account=sub;type=deposit;before=0.0;after=10.0;ref=179966703,2024-03-14,,,,,,,USDT,USDT,0.915331808
2024-03-14 18:44:00+00:00,okx,85669274,ledger,internal_transfer,BTC,,,0.000117,,,0.0,,7.828319216663355,,account=sub;type=Transfer_from_main_account;before=0.0;after=0.000117;ref=85669274,2024-03-14,,,,,,,BTC,BTC,66908.71125353295
2024-03-14 18:42:00+00:00,okx,793072152,ledger,internal_transfer,USDT,,,-11888.738,,,0.0,,-10882.140048378304,,account=sub;type=transfer_out_trading_account;before=11888.7384;after=0.0;ref=793072152,2024-03-14,,,,,,,USDT,USDT,0.915331808
2024-03-14 18:42:00+00:00,okx,85668793,ledger,internal_transfer,USDT,,,11888.7384,,,0.0,,10882.140414511028,,account=sub;type=Transfer_from_main_account;before=0.0;after=11888.7384;ref=85668793,2024-03-14,,,,,,,USDT,USDT,0.915331808
2024-03-14 18:29:00+00:00,okx,85666863,ledger,internal_transfer,SHIB,,,279000000.0,,,0.0,,8172.843483971721,,account=sub;type=Transfer_from_main_account;before=0.0;after=279000000.0;ref=85666863,2024-03-14,,,,,,,SHIB,SHIB,2.9293345820687173e-05
2024-03-14 18:29:00+00:00,okx,85666839,ledger,internal_transfer,XTZ,,,6659.12152,,,0.0,,9366.458597031417,,account=sub;type=Transfer_from_main_account;before=0.0;after=6659.12152;ref=85666839,2024-03-14,,,,,,,XTZ,XTZ,1.406560695566255
2024-03-14 18:29:00+00:00,okx,85666799,ledger,internal_transfer,TIA,,,1000.05012,,,0.0,,15779.914077017485,,account=sub;type=Transfer_from_main_account;before=0.0;after=1000.05012;ref=85666799,2024-03-14,,,,,,,TIA,TIA,15.77912322736133
2024-03-14 18:28:00+00:00,okx,85666785,ledger,internal_transfer,ATOM,,,1515.3936,,,0.0,,19417.996390902565,,account=sub;type=Transfer_from_main_account;before=0.0;after=1515.3936;ref=85666785,2024-03-14,,,,,,,ATOM,ATOM,12.813830275449602
2024-03-14 18:28:00+00:00,okx,85666756,ledger,internal_transfer,BONK,,,644000000.0,,,0.0,,18862.319389848584,,account=sub;type=Transfer_from_main_account;before=0.0;after=644000000.0;ref=85666756,2024-03-14,,,,,,,BONK,BONK,2.928931582274625e-05
2024-03-14 18:28:00+00:00,okx,85666730,ledger,internal_transfer,MATIC,,,25059.8517,,,0.0,,29231.241141277267,,account=sub;type=Transfer_from_main_account;before=0.0;after=25059.8517;ref=85666730,2024-03-14,,,,,,,MATIC,MATIC,1.1664570681109525
2024-03-14 18:28:00+00:00,okx,85666699,ledger,internal_transfer,PEPE,,,3080000000.0,,,0.0,,25443.117741953964,,account=sub;type=Transfer_from_main_account;before=0.0;after=3080000000.0;ref=85666699,2024-03-14,,,,,,,PEPE,PEPE,8.260752513621417e-06
2024-03-14 18:28:00+00:00,okx,85666668,ledger,internal_transfer,FET,,,12454.393,,,0.0,,30361.165790706073,,account=sub;type=Transfer_from_main_account;before=0.0;after=12454.393;ref=85666668,2024-03-14,,,,,,,FET,FET,2.4377876778664422
2024-03-14 18:27:00+00:00,okx,85666623,ledger,internal_transfer,CFX,,,105618.456,,,0.0,,34535.574217243266,,account=sub;type=Transfer_from_main_account;before=0.0;after=105618.456;ref=85666623,2024-03-14,,,,,,,CFX,CFX,0.32698427457833
2024-03-14 18:27:00+00:00,okx,85666574,ledger,internal_transfer,DOGE,,,271398.413,,,0.0,,42001.83497436342,,account=sub;type=Transfer_from_main_account;before=0.0;after=271398.413;ref=85666574,2024-03-14,,,,,,,DOGE,DOGE,0.1547607980093952
2024-03-14 18:27:00+00:00,okx,85666560,ledger,internal_transfer,GRT,,,211600.111,,,0.0,,85428.62655171624,,account=sub;type=Transfer_from_main_account;before=0.0;after=211600.111;ref=85666560,2024-03-14,,,,,,,GRT,GRT,0.4037267567960597
2024-03-14 18:26:00+00:00,okx,85666350,ledger,internal_transfer,BNB,,,100.09306,,,0.0,,57577.95413752683,,account=sub;type=Transfer_from_main_account;before=0.0;after=100.09306;ref=85666350,2024-03-14,,,,,,,BNB,BNB,575.2442191049693
2024-03-07 00:44:00+00:00,okx,84226656,ledger,internal_transfer,WOO,,,-6107.9198,,,0.0,,-3304.5457303759513,,account=sub;type=Transfer_to_main_account;before=6107.919823;after=0.0;ref=84226656,2024-03-07,,,,,,,WOO,WOO,0.5410263786331889
2024-03-06 14:48:00+00:00,okx,84145747,ledger,internal_transfer,DOGE,,,10000.0,,,0.0,,1432.541511693001,,account=sub;type=Transfer_from_main_account;before=8058.968058;after=18058.96806;ref=84145747,2024-03-06,,,,,,,DOGE,DOGE,0.1432541511693001
2024-03-06 13:49:00+00:00,okx,84137622,ledger,internal_transfer,ZETA,,,1031.47501,,,0.0,,1834.2197669597854,,account=sub;type=Transfer_from_main_account;before=0.0;after=1031.475005;ref=84137622,2024-03-06,,,,,,,ZETA,ZETA,1.7782493508590045
2024-03-06 13:48:00+00:00,okx,84137595,ledger,internal_transfer,AVAX,,,250.186142,,,0.0,,9085.089396050382,,account=sub;type=Transfer_from_main_account;before=0.0;after=250.1861424;ref=84137595,2024-03-06,,,,,,,AVAX,AVAX,36.31331984826874
2024-03-06 13:48:00+00:00,okx,84137538,ledger,internal_transfer,WOO,,,6107.91982,,,0.0,,2900.6527804422503,,account=sub;type=Transfer_from_main_account;before=0.0;after=6107.919823;ref=84137538,2024-03-06,,,,,,,WOO,WOO,0.4749002714384437
2024-03-06 13:48:00+00:00,okx,84137519,ledger,internal_transfer,INJ,,,143.862856,,,0.0,,5015.903086183652,,account=sub;type=Transfer_from_main_account;before=0.0;after=143.8628558;ref=84137519,2024-03-06,,,,,,,INJ,INJ,34.8658661842752
2024-03-06 13:48:00+00:00,okx,84137492,ledger,internal_transfer,FET,,,3655.49334,,,0.0,,5911.899325293521,,account=sub;type=Transfer_from_main_account;before=0.0;after=3655.493339;ref=84137492,2024-03-06,,,,,,,FET,FET,1.6172644224523525
2024-03-06 13:48:00+00:00,okx,84137467,ledger,internal_transfer,PYTH,,,12525.0623,,,0.0,,6925.375147474549,,account=sub;type=Transfer_from_main_account;before=0.0;after=12525.06234;ref=84137467,2024-03-06,,,,,,,PYTH,PYTH,0.552921413211218
2024-03-06 05:35:00+00:00,okx,84069470,ledger,internal_transfer,FTM,,,4121.51575,,,0.0,,2403.5026865898403,,account=sub;type=Transfer_from_main_account;before=0.0;after=4121.515751;ref=84069470,2024-03-06,,,,,,,FTM,FTM,0.5831598936847058
2024-03-06 05:35:00+00:00,okx,84069458,ledger,internal_transfer,PEPE,,,420000000.0,,,0.0,,2478.20491562856,,account=sub;type=Transfer_from_main_account;before=0.0;after=420000000.0;ref=84069458,2024-03-06,,,,,,,PEPE,PEPE,5.900487894353713e-06
2024-03-06 05:35:00+00:00,okx,84069396,ledger,internal_transfer,STX,,,962.327184,,,0.0,,2438.865577022965,,account=sub;type=Transfer_from_main_account;before=0.0;after=962.3271838;ref=84069396,2024-03-06,,,,,,,STX,STX,2.5343413524759844
2024-03-06 05:35:00+00:00,okx,84069374,ledger,internal_transfer,DOGE,,,8058.96806,,,0.0,,1154.4806287358012,,account=sub;type=Transfer_from_main_account;before=0.0;after=8058.968058;ref=84069374,2024-03-06,,,,,,,DOGE,DOGE,0.1432541511693001
